"","grade","age","female","race","empathy_1","empathy_2","empathy_3","empathy_4","empathy_5","empathy_6","empathy_7","empathy_8","empathy_9","empathy_10","empathy_11","schid"
"2",7,12,1,"Other",3,1,3,2,2,2,2,1,3,1,3,1
"3",7,13,1,"Black",2,1,3,1,1,1,2,1,2,3,2,1
"4",7,12,1,"Asian",3,2,3,2,2,2,3,2,2,2,2,1
"5",7,13,1,"Black",3,2,2,2,2,2,3,3,3,2,2,1
"6",7,12,0,"Black",2,3,3,3,2,2,3,2,1,3,2,1
"7",7,12,0,"White",3,1,3,2,1,1,2,1,2,2,1,1
"8",7,12,1,"Other",2,3,3,2,3,2,3,2,3,2,2,1
"9",7,12,0,"Black",2,3,2,3,3,3,3,3,2,3,2,1
"10",7,12,1,"Asian",3,2,3,2,3,2,2,2,3,3,2,1
"11",7,12,0,"Other",3,2,3,2,3,3,3,1,3,2,3,1
"12",7,12,1,"White",2,1,2,1,1,1,3,1,1,2,2,1
"13",8,13,1,"White",2,2,3,3,3,3,3,3,3,1,2,1
"14",8,13,0,"White",2,2,3,2,2,1,3,2,3,3,3,1
"15",8,13,0,"White",1,1,2,1,2,1,2,1,1,2,1,1
"16",8,13,0,"White",1,1,3,1,1,1,1,1,3,2,2,1
"17",8,14,0,"White",3,2,3,1,1,3,3,1,3,3,3,1
"18",8,13,1,"White",3,2,3,3,3,2,3,2,3,2,2,1
"19",8,13,1,"White",2,3,3,3,2,2,3,3,3,2,2,1
"20",8,13,1,"Asian",1,2,2,3,2,2,2,2,2,3,2,1
"21",8,12,1,"Black",3,3,3,3,2,3,3,3,1,3,3,1
"22",7,13,0,"White",3,3,3,3,3,2,3,2,3,3,2,1
"23",7,12,0,"White",2,1,2,2,2,2,2,2,1,2,2,1
"24",7,12,1,"White",3,1,3,2,1,2,2,2,2,3,2,1
"25",7,12,1,"Black",3,3,2,3,2,2,3,1,3,1,2,1
"26",7,12,0,"White",1,1,2,1,1,2,1,2,3,3,3,1
"27",7,12,1,"Asian",2,3,3,3,2,2,3,2,3,3,2,1
"28",7,12,1,"Asian",2,2,3,1,1,1,3,1,1,2,2,1
"29",7,13,1,"Other",3,2,3,3,2,1,3,2,3,3,2,1
"30",7,12,0,"White",3,2,2,1,2,1,1,1,1,2,2,1
"31",7,13,1,"White",2,2,3,2,2,1,2,2,3,3,2,1
"32",7,12,1,"Other",2,2,2,2,2,1,3,2,1,2,1,1
"33",8,13,1,"Other",2,2,2,2,1,2,2,1,2,2,1,1
"34",8,13,1,"Asian",2,2,3,2,2,2,2,1,1,1,2,1
"35",7,12,1,"White",3,2,2,2,1,1,3,1,2,1,3,1
"36",8,13,0,"Other",3,2,2,2,1,2,3,1,1,2,2,1
"37",8,13,1,"Asian",1,2,2,2,2,2,3,1,3,3,1,1
"38",8,13,1,"Asian",2,2,3,3,2,1,3,2,2,3,3,1
"39",8,13,0,"Other",2,1,3,2,2,2,3,1,2,3,2,1
"40",8,13,0,"Black",1,2,3,3,2,2,3,3,3,3,1,1
"41",6,11,1,"Hispanic",2,2,2,3,3,3,3,2,3,2,3,1
"42",6,11,1,"White",3,2,3,3,3,3,3,2,3,3,1,1
"43",6,11,0,"White",3,1,2,2,3,2,3,1,1,1,3,1
"44",6,11,0,"Hispanic",1,3,1,1,3,1,3,1,3,3,1,1
"45",6,11,0,"Asian",2,2,3,2,3,3,2,2,3,1,3,1
"46",6,11,1,"White",3,2,2,3,2,2,3,2,3,2,3,1
"47",6,12,1,"White",3,2,3,3,2,3,3,2,3,2,3,1
"48",6,11,1,"White",3,2,2,NA,2,2,3,1,3,2,1,1
"49",6,11,0,"White",1,2,2,1,2,1,1,1,2,2,1,1
"50",6,11,1,"Other",2,2,1,3,2,2,3,3,2,2,3,1
"51",6,11,0,"Other",2,1,3,2,2,2,3,2,3,2,3,1
"52",6,12,1,"White",3,2,3,2,2,2,3,2,2,3,2,1
"53",6,12,1,"White",3,1,3,3,3,3,3,3,2,3,3,1
"54",6,11,0,"Hispanic",3,2,3,2,1,1,2,2,2,2,2,1
"55",6,11,0,"Asian",2,2,3,2,3,3,2,2,3,3,3,1
"56",6,11,1,"White",1,2,2,2,1,3,3,2,3,3,2,1
"57",6,11,0,"Hispanic",2,3,3,3,2,2,3,2,3,2,3,1
"58",6,11,0,"White",2,2,2,2,2,2,3,3,2,2,3,1
"59",6,12,0,"Black",2,1,2,1,2,1,2,2,3,2,2,1
"60",6,11,0,"Asian",3,2,2,3,3,3,3,1,2,2,2,1
"61",6,12,1,"White",3,3,3,3,3,3,3,2,3,2,2,1
"62",6,12,0,"White",1,2,2,2,2,2,2,1,2,2,2,1
"63",7,12,1,"White",2,1,3,1,2,1,2,1,2,2,2,1
"64",8,13,0,"White",1,2,3,1,1,1,3,1,3,2,2,1
"65",7,12,1,NA,NA,NA,NA,NA,NA,NA,NA,NA,NA,NA,NA,1
"66",7,12,1,"White",3,2,2,3,2,2,3,1,2,1,3,1
"67",8,13,0,"White",2,1,2,2,1,2,1,1,3,2,1,1
"68",6,11,1,"White",NA,NA,NA,NA,NA,NA,NA,NA,NA,NA,NA,1
"69",8,13,0,"White",NA,NA,NA,NA,NA,NA,NA,NA,NA,NA,NA,1
"70",10,16,1,"Black",1,2,2,2,1,1,2,2,2,2,1,2
"71",10,15,1,"White",2,2,3,3,1,3,3,3,NA,3,3,2
"72",10,16,0,"White",2,1,1,2,1,1,2,1,2,1,2,2
"73",10,16,1,"Other",2,1,2,1,1,1,1,1,3,1,1,2
"74",10,16,0,"Black",1,2,2,3,1,2,2,1,2,3,3,2
"75",10,15,0,"White",3,2,2,2,1,2,3,2,3,2,2,2
"76",10,17,0,"Black",1,2,2,2,2,2,3,1,1,1,1,2
"77",10,15,1,"White",1,1,2,2,1,2,2,3,1,2,3,2
"78",10,15,1,"Black",3,2,1,2,1,1,3,3,1,2,3,2
"79",10,15,1,"White",2,2,3,2,2,2,3,3,3,2,2,2
"80",10,15,1,"Black",2,1,1,2,2,2,2,2,1,1,1,2
"81",10,16,0,"Black",2,3,3,3,1,2,2,1,2,3,2,2
"82",10,16,0,"Black",2,1,2,1,1,2,3,1,2,1,1,2
"83",10,15,0,"Black",2,2,2,2,1,1,2,1,2,2,3,2
"84",10,16,1,"Black",3,3,3,3,3,3,2,2,3,3,3,2
"85",10,16,0,"Black",1,2,3,2,3,2,2,1,3,2,3,2
"86",10,16,0,"Black",1,2,2,2,2,1,3,2,2,3,2,2
"87",10,16,0,"Black",2,1,1,2,3,1,3,1,1,3,1,2
"88",10,15,0,"Black",2,3,2,3,3,3,3,3,3,3,3,2
"89",10,16,1,"Other",2,2,3,3,1,1,3,3,1,1,2,2
"90",10,15,1,"Black",3,2,3,3,3,3,3,3,3,3,2,2
"91",10,15,0,"Hispanic",2,2,2,2,1,2,2,1,3,2,2,2
"92",10,16,0,"Black",2,1,2,2,1,2,2,2,1,2,2,2
"93",10,15,0,"White",3,2,2,2,1,2,3,3,2,2,1,2
"94",10,15,0,"Black",3,2,3,2,2,3,3,1,1,2,3,2
"95",10,15,1,"White",2,2,2,3,2,2,3,3,3,2,2,2
"96",10,15,1,"Black",2,2,3,3,2,3,3,3,2,2,3,2
"97",10,15,1,"Black",2,2,3,3,2,1,3,2,2,2,2,2
"98",10,15,1,"Black",2,1,1,2,1,2,2,3,1,2,2,2
"99",10,15,0,"Other",1,2,2,1,1,1,3,3,3,2,3,2
"100",10,16,1,"Black",2,2,2,2,2,2,1,2,1,3,2,2
"101",10,16,1,"White",3,2,2,2,1,2,2,1,3,2,2,2
"102",10,15,1,"Black",2,2,2,2,2,3,2,1,2,2,2,2
"103",10,16,0,"Black",2,2,2,1,1,1,2,1,2,2,1,2
"104",10,15,0,"White",2,2,2,2,1,2,2,1,2,2,2,2
"105",10,16,1,"White",2,1,2,3,1,1,3,3,2,2,2,2
"106",10,16,0,"Hispanic",1,1,1,1,2,3,3,1,2,3,3,2
"107",10,15,0,"White",2,1,2,1,2,2,2,1,3,2,2,2
"108",10,15,0,"Black",3,2,3,2,2,2,3,2,3,2,2,2
"109",10,15,0,"Black",2,2,3,2,2,2,3,2,2,3,2,2
"110",10,15,1,"Black",2,1,2,2,1,2,3,2,2,3,3,2
"111",10,16,1,"Black",2,3,2,2,1,2,3,2,2,2,2,2
"112",10,16,1,"Other",2,2,3,3,1,2,2,2,2,1,2,2
"113",10,15,1,"Other",3,2,2,2,2,2,3,2,3,1,3,2
"114",10,16,0,"Black",2,3,3,1,2,2,3,3,2,3,2,2
"115",10,15,1,"White",2,1,2,3,2,2,3,3,3,1,2,2
"116",10,16,1,"Black",3,2,3,3,2,3,3,3,2,3,3,2
"117",10,15,0,"Black",2,2,3,3,2,3,3,3,2,3,3,2
"118",11,16,0,"White",3,2,3,2,1,1,3,1,2,3,3,2
"119",11,16,1,"Black",3,2,2,1,2,2,2,1,3,2,2,2
"120",11,17,0,"Black",2,2,3,2,1,2,2,1,2,2,3,2
"121",11,16,0,"Black",2,2,2,3,1,1,2,1,2,3,1,2
"122",11,16,0,"White",2,1,1,3,1,3,2,1,3,2,3,2
"123",11,17,1,"White",2,3,2,2,1,2,1,1,2,1,2,2
"124",11,16,1,"White",3,3,2,3,2,2,3,3,2,2,3,2
"125",11,16,1,"White",2,3,2,3,2,2,3,3,2,2,2,2
"126",11,16,0,"Black",2,2,2,2,1,1,2,2,2,2,2,2
"127",11,17,0,"White",2,1,2,2,2,2,2,3,2,2,2,2
"128",11,16,0,"Black",3,2,2,2,1,1,2,1,2,3,2,2
"129",11,16,0,"Black",3,2,2,3,1,2,3,3,1,2,2,2
"130",10,16,0,"Black",2,2,2,2,1,2,2,2,2,2,2,2
"131",11,17,0,"Black",1,2,2,1,1,2,2,1,2,1,3,2
"132",10,16,1,"Black",1,1,1,2,1,1,2,2,1,3,1,2
"133",10,16,1,"White",3,3,3,3,2,2,3,3,2,3,2,2
"134",10,15,1,"Black",1,1,3,3,1,1,3,1,3,1,2,2
"135",11,17,0,"Black",2,2,3,1,1,1,3,2,2,2,2,2
"136",10,16,0,"Black",3,2,3,2,NA,1,3,1,3,3,2,2
"137",10,16,0,"White",2,1,3,1,1,2,3,1,2,2,1,2
"138",10,16,1,"Black",2,2,2,3,2,2,3,3,1,2,2,2
"139",10,15,1,"Black",2,2,2,2,2,1,3,3,2,3,2,2
"140",10,15,0,"Black",2,2,3,2,2,2,3,2,2,2,2,2
"141",10,15,0,"Black",2,2,2,3,2,2,3,3,2,3,3,2
"142",10,16,1,"Black",2,3,3,3,2,3,3,NA,3,3,3,2
"143",10,15,1,"Black",2,2,2,2,1,2,2,2,1,1,1,2
"144",10,16,1,"White",3,3,3,3,3,3,3,3,3,3,1,2
"145",10,16,0,"Black",1,1,1,2,1,1,2,1,1,1,1,2
"146",10,15,0,"Black",3,2,3,1,1,1,1,1,2,2,2,2
"147",10,16,0,"Black",1,2,2,2,1,3,2,1,3,3,2,2
"148",10,15,0,"Other",1,2,1,NA,1,1,1,1,1,1,2,2
"149",10,15,1,"Black",3,2,2,2,1,2,3,3,2,3,2,2
"150",12,15,1,"Hispanic",1,NA,2,2,2,2,2,2,2,2,2,2
"151",12,18,0,"Black",2,3,2,3,1,1,2,1,1,2,2,2
"152",12,18,0,"Black",3,2,3,2,1,3,3,1,1,2,2,2
"153",12,17,1,"White",2,2,3,3,2,2,3,3,2,3,2,2
"154",12,18,0,"Black",2,2,3,3,2,1,3,3,2,3,2,2
"155",12,19,0,"Black",2,2,2,3,1,2,1,1,1,1,1,2
"156",12,18,1,"Black",1,1,1,2,1,1,2,3,1,1,1,2
"157",12,17,1,"Black",3,2,1,3,3,2,2,1,1,2,1,2
"158",12,18,0,"Black",3,2,2,2,3,1,3,2,1,3,2,2
"159",12,18,1,"Black",3,2,3,3,1,2,3,3,3,2,2,2
"160",12,18,0,"White",2,2,2,2,2,1,2,2,2,2,3,2
"161",12,17,0,"Black",NA,NA,1,NA,NA,NA,NA,NA,2,2,NA,2
"162",12,17,1,"Black",1,2,2,1,1,1,1,1,1,2,2,2
"163",12,17,1,"White",1,1,2,2,1,2,3,3,2,2,2,2
"164",12,18,1,"White",2,1,2,3,1,1,2,3,2,2,1,2
"165",11,17,1,"Black",2,3,2,2,1,2,3,2,2,2,1,2
"166",12,19,0,"White",1,1,2,2,1,1,3,1,1,3,3,2
"167",12,17,1,"Black",1,2,1,2,2,2,3,2,2,3,2,2
"168",12,18,0,"White",1,1,1,2,1,1,2,1,1,1,1,2
"169",12,18,0,"Black",3,3,NA,3,2,2,2,2,1,1,1,2
"170",12,18,0,"Black",NA,NA,NA,NA,NA,NA,NA,NA,NA,NA,NA,2
"171",12,18,0,"Black",2,1,2,1,1,1,1,1,1,1,1,2
"172",12,17,0,"Hispanic",2,3,3,3,3,3,3,3,2,3,3,2
"173",12,17,1,"Black",3,3,3,3,2,1,3,3,3,3,3,2
"174",12,17,1,"Black",2,3,2,3,3,2,3,3,3,3,2,2
"175",12,18,0,"Black",1,2,3,3,2,2,1,3,NA,2,3,2
"176",12,17,1,"Black",3,2,2,2,2,2,3,2,2,1,2,2
"177",12,17,1,"Black",3,2,NA,3,2,3,NA,3,2,3,1,2
"178",12,19,0,"Black",2,3,3,2,2,2,3,1,2,2,3,2
"179",12,18,0,"Black",3,1,2,1,1,1,2,1,1,1,1,2
"180",12,18,0,"Black",3,3,3,2,2,2,2,2,1,3,1,2
"181",12,17,1,"Black",2,2,2,2,1,1,3,3,2,2,2,2
"182",12,18,0,"Other",1,2,3,3,2,NA,1,2,2,3,3,2
"183",12,17,0,"White",1,1,1,2,1,1,1,1,1,1,2,2
"184",12,18,1,"White",2,1,2,2,1,2,3,3,1,2,2,2
"185",12,17,0,"White",1,2,1,1,1,1,1,1,2,1,1,2
"186",12,17,0,"Black",1,3,1,3,1,1,1,1,1,3,3,2
"187",12,17,0,"White",3,2,3,3,2,3,3,2,3,3,3,2
"188",12,18,0,"Black",2,3,2,3,1,1,3,3,1,2,3,2
"189",12,17,0,"White",1,1,1,1,1,1,1,1,1,1,1,2
"190",12,18,1,"Black",2,3,3,3,2,2,3,3,3,2,2,2
"191",11,16,1,"White",2,1,3,3,2,3,3,2,3,3,2,2
"192",12,18,1,"Black",3,2,3,2,3,1,2,2,2,3,2,2
"193",12,19,0,"Black",1,1,2,2,1,2,3,1,1,3,2,2
"194",12,17,1,"Black",3,2,2,2,1,1,3,2,2,2,2,2
"195",12,18,1,"Black",2,2,2,2,1,2,2,2,1,2,1,2
"196",12,18,0,"Black",1,1,1,1,1,1,1,1,1,1,2,2
"197",12,18,1,"Black",1,1,3,2,2,2,1,2,2,3,2,2
"198",12,17,1,"Black",3,2,3,3,1,2,3,2,1,2,1,2
"199",9,14,1,"Other",2,2,3,3,1,2,3,1,2,2,3,2
"200",9,15,0,"Black",3,2,2,1,2,1,2,1,2,2,3,2
"201",9,15,1,"Black",2,1,2,2,2,2,3,2,1,2,3,2
"202",9,15,1,"White",2,2,3,2,2,1,3,1,2,2,1,2
"203",9,14,0,"White",1,2,3,2,1,2,3,1,1,3,3,2
"204",9,14,0,"Black",3,2,1,1,1,1,2,1,2,1,3,2
"205",9,15,0,"White",2,2,2,3,2,2,3,3,2,2,3,2
"206",9,14,1,"White",2,NA,2,3,2,2,3,3,2,2,1,2
"207",9,14,1,"Black",2,1,2,1,1,1,2,1,2,1,2,2
"208",9,14,1,"Black",3,2,3,2,2,3,3,2,3,2,1,2
"209",9,14,1,"Black",2,1,2,1,1,2,2,2,3,1,1,2
"210",9,15,1,"White",2,2,2,3,1,2,2,1,3,3,3,2
"211",9,14,1,"Black",1,2,3,2,1,2,3,1,2,3,1,2
"212",9,15,1,"Black",1,2,2,2,1,1,2,1,2,1,2,2
"213",9,14,0,"Black",2,2,2,2,2,2,2,1,1,2,3,2
"214",9,14,1,"Black",1,1,1,1,1,1,2,2,1,2,2,2
"215",9,15,0,"Black",2,3,2,3,3,2,2,2,3,3,3,2
"216",9,15,0,"Black",1,1,2,3,1,1,2,2,1,3,2,2
"217",9,14,0,"Black",2,3,2,2,1,2,3,2,2,2,2,2
"218",9,14,1,"Black",1,2,1,2,1,1,3,3,1,2,2,2
"219",9,15,1,"Black",2,3,3,1,1,1,2,1,2,2,2,2
"220",9,14,1,"Black",2,1,3,3,2,2,3,3,1,2,1,2
"221",9,15,0,"Black",2,1,2,2,1,2,3,1,1,2,2,2
"222",9,16,0,"Black",1,1,2,1,1,1,2,NA,1,3,1,2
"223",9,16,0,"Black",2,1,3,1,2,2,2,2,2,3,3,2
"224",9,14,0,"Black",2,1,1,2,1,1,3,2,1,1,1,2
"225",9,15,1,"Black",1,1,1,1,1,1,1,1,1,1,1,2
"226",9,14,1,"Black",3,2,3,2,1,2,1,2,1,NA,1,2
"227",9,14,0,"Black",2,2,2,2,1,1,2,1,2,2,2,2
"228",9,15,0,"Black",3,2,1,2,2,2,3,2,3,2,1,2
"229",9,15,1,"Other",3,3,2,3,3,2,2,2,3,3,3,2
"230",9,14,1,"White",2,3,3,3,2,3,3,2,3,2,2,2
"231",9,15,0,"White",2,2,3,2,3,2,3,2,3,3,2,2
"232",9,14,0,"Black",1,2,3,3,2,2,3,2,2,2,3,2
"233",9,15,0,"Black",2,2,2,2,2,2,3,3,2,3,3,2
"234",10,16,0,"Black",3,2,2,NA,1,2,1,1,1,2,2,2
"235",9,14,0,"White",2,1,2,2,1,1,2,1,2,2,2,2
"236",10,15,1,"Black",1,2,2,2,2,2,3,2,1,2,3,2
"237",9,15,0,"Black",2,1,3,2,1,3,3,3,1,2,1,2
"238",9,15,0,"Black",2,2,2,2,2,2,2,2,2,2,2,2
"239",9,15,0,"Black",2,2,2,2,2,2,2,1,2,2,2,2
"240",9,14,0,"Black",2,2,2,2,1,2,1,1,1,1,1,2
"241",9,14,0,"White",2,2,1,2,1,2,3,1,1,1,3,2
"242",9,14,1,"Black",2,1,3,2,2,2,2,2,3,2,2,2
"243",9,15,0,"Black",2,2,2,3,3,2,2,1,2,3,2,2
"244",9,15,1,"Black",1,1,1,1,1,1,1,1,1,1,1,2
"245",9,15,1,"White",2,2,3,2,1,2,2,2,2,2,2,2
"246",9,15,0,"Black",1,2,1,2,1,1,1,1,1,1,2,2
"247",9,14,1,"Black",3,2,2,2,1,2,2,2,3,3,2,2
"248",9,15,0,"Black",2,2,3,1,3,2,3,2,3,2,1,2
"249",9,14,0,"Black",2,1,2,NA,2,2,2,2,2,2,2,2
"250",9,15,1,"Black",1,2,3,1,2,2,3,3,3,2,3,2
"251",9,14,0,"Black",2,1,1,2,1,1,2,1,1,2,2,2
"252",9,14,0,"Black",2,2,2,3,2,3,3,2,2,2,3,2
"253",9,14,1,"Black",2,2,3,2,1,2,2,3,3,3,1,2
"254",9,14,1,"Black",2,2,1,1,1,1,2,2,1,2,1,2
"255",9,14,1,"Black",2,2,2,2,1,1,3,3,2,3,3,2
"256",9,15,1,"Black",3,2,2,2,2,2,3,2,1,3,2,2
"257",9,15,1,"Black",2,1,2,1,2,1,3,2,1,2,1,2
"258",9,14,0,"Black",2,3,3,2,1,1,3,1,3,3,2,2
"259",9,15,1,"Black",2,1,2,1,1,2,3,2,1,1,2,2
"260",9,15,0,"White",2,1,2,3,1,1,1,1,2,1,1,2
"261",9,15,1,"Black",3,1,2,3,2,1,2,2,2,3,1,2
"262",9,14,1,"Black",2,2,2,3,1,2,3,1,1,2,2,2
"263",9,16,0,"Black",1,1,2,1,1,1,1,1,2,1,1,2
"264",10,16,0,"Black",2,3,3,3,2,2,2,3,2,3,2,2
"265",9,15,1,"White",2,2,3,3,2,2,3,3,3,1,2,2
"266",9,16,0,"Black",1,1,1,1,1,1,1,1,3,2,2,2
"267",9,16,1,"Black",2,2,2,2,1,2,2,1,2,1,3,2
"268",9,14,0,"White",2,2,2,1,1,2,1,1,2,2,2,2
"269",9,15,0,"Black",1,1,2,2,1,2,1,1,1,2,2,2
"270",9,15,0,"Black",1,1,2,1,2,2,2,2,1,3,3,2
"271",9,15,1,"Black",2,1,3,3,2,3,3,3,3,2,1,2
"272",9,15,0,"Black",2,1,3,2,3,1,2,2,3,1,2,2
"273",9,15,0,"Black",2,3,3,2,2,2,3,2,3,3,3,2
"274",9,15,0,"Other",1,1,1,1,2,2,2,2,1,1,2,2
"275",9,14,1,"Black",1,2,3,2,1,2,3,2,2,3,2,2
"276",9,15,0,"Black",1,1,1,2,1,2,2,2,1,2,2,2
"277",9,15,1,"White",1,2,2,3,2,1,3,3,3,1,3,2
"278",9,14,0,"Black",3,1,1,1,3,3,3,1,2,3,3,2
"279",9,16,0,"White",1,2,1,3,1,1,3,2,1,2,3,2
"280",9,15,1,"Black",1,3,2,1,1,2,2,1,2,2,2,2
"281",9,NA,1,"Black",2,1,2,2,1,2,1,2,3,3,1,2
"282",11,16,1,"Black",3,3,3,3,2,3,3,3,3,3,2,2
"283",11,17,1,"Black",1,2,3,3,1,2,3,1,2,2,2,2
"284",11,16,0,"Black",1,2,3,3,2,3,3,1,3,2,1,2
"285",11,16,0,"Black",2,2,2,2,2,2,3,2,3,3,2,2
"286",11,16,0,"Hispanic",2,2,3,2,2,2,3,1,2,3,2,2
"287",11,16,1,"Black",2,2,2,3,2,2,3,2,2,3,3,2
"288",11,16,0,"Black",3,1,2,1,1,2,3,1,2,2,1,2
"289",11,16,0,"White",2,2,1,2,2,1,2,1,3,2,2,2
"290",11,16,1,"Black",3,2,3,2,3,2,2,3,3,2,1,2
"291",11,17,1,"Black",3,3,3,3,2,3,3,3,2,2,2,2
"292",11,17,0,"Black",2,2,1,2,2,1,2,1,1,1,2,2
"293",11,17,1,"Black",2,3,2,3,2,3,3,3,2,3,2,2
"294",11,17,0,"Black",2,2,2,1,1,2,3,2,1,1,2,2
"295",11,17,1,"Black",1,2,3,2,1,2,3,3,1,2,3,2
"296",11,16,0,"Black",3,2,1,2,1,2,1,1,1,2,1,2
"297",11,16,1,"Black",2,2,2,2,1,1,2,1,1,2,2,2
"298",11,18,1,"Other",2,2,3,3,2,2,3,3,2,3,3,2
"299",11,16,0,"Black",1,1,2,2,1,2,2,1,1,2,1,2
"300",11,18,0,"White",2,1,2,3,2,1,1,NA,2,NA,1,2
"301",11,16,0,"Black",3,2,2,1,1,1,1,1,1,1,1,2
"302",11,17,1,"White",2,2,3,2,1,2,3,2,1,2,2,2
"303",11,17,0,"Black",2,1,1,2,1,1,2,1,3,1,2,2
"304",11,17,0,"Black",3,1,3,3,1,2,3,2,2,3,3,2
"305",9,15,0,"Black",2,3,2,2,3,2,3,3,2,3,3,2
"306",11,17,1,"Black",3,2,3,3,2,2,3,3,3,2,1,2
"307",11,17,0,"Black",2,2,3,3,2,2,2,1,2,2,1,2
"308",9,14,0,"Black",2,3,3,3,2,1,3,2,3,3,2,2
"309",10,16,0,"White",2,1,2,3,2,2,3,3,2,2,3,2
"310",11,17,1,"Black",1,2,2,2,2,1,3,2,3,3,2,2
"311",11,17,1,"Black",3,2,3,2,3,1,3,1,2,3,1,2
"312",11,16,0,"Black",2,2,3,3,2,3,3,2,2,3,3,2
"313",11,17,1,"Black",1,1,1,2,1,2,1,3,2,2,2,2
"314",9,15,0,"Black",2,2,3,2,2,1,2,1,3,2,1,2
"315",11,16,0,"Black",3,2,2,3,2,3,3,1,2,2,2,2
"316",10,17,0,"Black",1,2,2,2,1,1,3,2,1,2,3,2
"317",11,16,0,"Other",2,2,2,3,3,2,3,1,3,2,2,2
"318",11,16,1,"Black",1,1,2,2,1,3,2,2,3,3,1,2
"319",11,NA,1,"Black",1,1,2,3,1,1,2,1,3,3,1,2
"320",11,16,1,"White",2,2,3,3,2,3,3,2,2,3,2,2
"321",11,16,0,"White",1,1,1,1,1,1,1,1,1,1,1,2
"322",11,17,1,"Black",2,1,2,2,1,2,3,2,2,1,1,2
"323",11,17,1,"Black",1,1,2,3,1,1,3,3,2,3,2,2
"324",11,17,1,"Black",1,1,1,1,1,1,1,1,3,1,1,2
"325",11,17,0,"Black",2,1,2,1,1,2,1,1,2,2,1,2
"326",11,16,0,"White",2,3,3,3,2,3,3,3,2,2,1,2
"327",11,16,1,"Black",3,3,3,3,2,3,3,2,3,3,3,2
"328",11,17,0,"Black",3,2,3,3,1,3,3,1,3,3,3,2
"329",11,16,0,"Black",1,2,1,2,2,1,3,2,1,2,2,2
"330",11,16,1,"Black",3,2,3,3,1,2,3,2,3,3,2,2
"331",11,16,0,"White",3,2,2,2,2,3,3,2,3,2,3,2
"332",11,17,0,"White",1,2,3,3,2,3,3,3,3,2,3,2
"333",11,17,1,"Black",1,2,3,2,2,2,3,2,1,2,1,2
"334",11,16,1,"Black",2,3,2,3,3,2,3,3,2,3,1,2
"335",11,16,0,"Black",3,2,3,2,2,2,3,2,3,3,1,2
"336",11,18,1,"Black",2,2,3,2,3,2,3,3,3,2,2,2
"337",11,17,1,"Black",3,2,1,2,1,2,2,3,2,3,1,2
"338",11,16,0,"Black",3,3,3,2,2,2,NA,NA,3,1,1,2
"339",11,20,0,"White",1,1,2,2,2,2,2,2,2,2,2,2
"340",10,15,0,"Black",2,1,2,2,1,2,2,1,1,2,2,2
"341",10,17,1,"Black",1,2,2,2,1,1,3,2,1,2,2,2
"342",10,15,0,"White",2,1,2,3,1,1,2,1,2,1,1,2
"343",10,15,1,"Black",2,2,2,2,1,2,3,3,3,2,3,2
"344",10,15,1,"Black",2,3,3,3,2,2,3,3,3,3,2,2
"345",10,15,1,"Black",3,2,2,2,1,2,3,3,3,2,2,2
"346",10,15,0,"Black",2,2,2,2,2,2,2,2,2,2,2,2
"347",10,15,1,"Black",1,2,2,2,2,1,3,2,2,2,2,2
"348",10,15,0,"Black",1,2,2,2,1,2,3,2,2,2,2,2
"349",10,16,1,"Black",3,2,3,3,2,3,1,3,2,3,1,2
"350",10,16,1,"Black",3,1,3,3,2,3,3,3,2,3,3,2
"351",10,16,0,"Black",2,1,2,2,1,1,3,1,1,2,1,2
"352",10,16,1,"Black",1,2,3,2,2,1,3,2,3,2,2,2
"353",10,15,0,"Black",1,2,2,2,1,2,2,2,2,2,2,2
"354",10,16,1,"Black",1,2,1,2,1,1,2,1,1,2,1,2
"355",10,15,1,"Black",1,3,2,3,1,2,3,2,2,3,2,2
"356",10,16,0,"Black",3,2,3,3,2,2,3,2,2,3,3,2
"357",10,16,0,"Other",2,2,3,3,3,3,3,2,2,3,3,2
"358",10,15,1,"Black",2,2,2,2,1,2,3,2,1,1,1,2
"359",10,15,0,"Black",2,1,2,1,1,2,2,1,2,3,3,2
"360",10,15,0,"Black",2,2,3,2,1,2,2,1,1,2,2,2
"361",10,16,0,"Black",2,1,2,2,1,2,3,1,1,1,2,2
"362",10,16,0,"Black",2,2,3,2,1,2,3,2,1,3,1,2
"363",10,17,0,"White",1,1,1,2,1,1,1,1,1,1,2,2
"364",11,17,0,"Other",1,2,3,2,1,1,1,2,3,3,3,2
"365",11,17,1,"Black",2,1,2,2,2,2,3,2,3,2,2,2
"366",11,16,1,"Black",2,3,3,2,2,2,2,3,3,3,2,2
"367",11,16,1,"Black",1,2,2,2,1,2,3,2,2,3,1,2
"368",11,16,1,"Hispanic",3,2,3,2,1,2,3,2,1,2,3,2
"369",11,16,1,"Black",2,2,3,2,1,1,2,1,3,3,2,2
"370",11,16,1,"Black",2,2,3,3,3,2,3,2,2,3,1,2
"371",11,16,0,"Black",2,2,2,3,3,3,3,2,2,3,2,2
"372",11,16,0,"White",2,1,2,2,1,1,2,1,1,2,3,2
"373",11,16,0,"Black",2,2,2,2,2,2,3,2,2,2,2,2
"374",9,16,0,"Black",2,1,3,2,2,3,3,1,1,3,3,2
"375",9,15,0,"Black",2,1,2,1,1,1,2,1,1,2,2,2
"376",11,17,0,"Black",2,2,2,2,1,2,3,1,1,3,2,2
"377",9,14,1,"Black",2,2,1,2,1,2,1,1,NA,2,3,2
"378",9,15,1,"Black",1,2,3,3,2,3,3,3,2,3,3,2
"379",11,17,1,"Black",3,2,3,2,2,2,3,2,2,2,2,2
"380",11,16,1,"White",3,2,3,2,2,2,3,2,3,3,3,2
"381",9,17,0,"Black",2,2,2,2,2,3,2,1,1,3,3,2
"382",11,17,0,"White",3,3,2,3,2,2,3,3,1,1,3,2
"383",9,14,1,"Black",2,2,1,2,1,1,1,2,1,2,2,2
"384",11,16,0,"Black",2,2,2,2,2,2,2,2,2,2,2,2
"385",12,17,1,"White",3,2,2,3,2,3,3,3,3,2,2,2
"386",12,18,1,"White",3,1,3,3,2,1,3,3,2,3,2,2
"387",12,17,1,"Black",2,2,3,2,2,3,3,2,2,2,2,2
"388",12,17,1,"Black",3,2,3,3,1,2,2,3,1,2,1,2
"389",12,17,0,"Black",1,2,3,2,1,1,3,2,3,2,1,2
"390",12,18,0,"Black",2,2,2,2,2,2,3,1,1,3,2,2
"391",12,17,0,"Black",1,2,3,1,1,1,2,1,3,2,1,2
"392",12,18,1,"Black",2,2,3,2,1,2,2,2,2,2,2,2
"393",12,17,1,"Black",3,2,3,2,1,3,2,2,3,2,2,2
"394",11,17,1,"Black",2,2,2,2,2,2,3,2,2,2,1,2
"395",12,18,1,"Black",3,2,3,3,2,2,3,2,3,2,2,2
"396",12,17,0,"Black",2,2,3,3,2,2,3,3,2,2,2,2
"397",12,17,1,"White",3,2,3,2,2,2,3,2,3,3,2,2
"398",12,17,0,"White",3,2,3,3,3,2,3,3,3,2,2,2
"399",12,17,1,"White",3,2,3,3,2,3,3,3,3,3,3,2
"400",12,17,0,"White",2,2,3,2,2,2,3,2,2,3,1,2
"401",11,16,1,"Black",3,2,3,2,1,2,3,2,2,3,1,2
"402",9,14,1,"Black",2,2,2,2,1,2,3,3,3,3,3,2
"403",11,18,0,"Black",2,2,2,2,1,2,3,NA,3,3,2,2
"404",12,17,0,"Black",3,3,3,3,3,3,3,3,3,3,3,2
"405",12,17,1,"Black",3,2,3,2,2,2,3,2,3,3,2,2
"406",12,17,1,"Black",2,2,3,3,2,2,3,3,2,2,1,2
"407",12,17,0,"White",3,2,2,2,2,2,3,2,2,2,3,2
"408",10,15,1,"Black",2,2,2,2,2,2,3,2,1,3,2,2
"409",10,16,1,"Black",3,1,3,1,1,3,3,2,1,3,1,2
"410",11,18,1,"Black",2,NA,1,1,1,1,2,1,1,1,1,2
"411",11,17,0,"Black",3,2,1,1,1,1,1,3,2,3,3,2
"412",12,18,0,"White",2,2,2,3,2,2,3,2,2,2,3,2
"413",9,14,1,"Black",3,3,2,2,2,3,3,2,2,2,2,2
"414",12,18,1,"White",3,3,3,3,3,3,3,3,3,3,3,2
"415",12,18,1,"Black",1,3,3,3,2,2,3,3,2,3,2,2
"416",11,16,0,"Black",2,1,1,2,1,1,3,1,3,2,3,2
"417",12,18,1,"Black",3,2,3,2,1,1,3,2,3,1,2,2
"418",12,19,0,"Other",2,2,2,3,2,2,3,2,2,2,3,2
"419",11,18,0,"Black",1,2,2,3,1,1,2,2,1,3,3,2
"420",12,18,0,"Other",2,2,2,3,3,3,3,1,2,3,3,2
"421",10,16,0,"Black",2,2,3,2,2,3,2,2,2,3,3,2
"422",10,16,0,"Black",2,2,2,2,1,1,2,2,2,2,2,2
"423",NA,NA,NA,NA,NA,NA,NA,NA,NA,NA,NA,NA,NA,NA,NA,2
"424",11,17,0,"Black",2,1,2,2,2,2,3,1,2,2,1,2
"425",12,17,1,"Black",1,1,3,2,3,3,3,2,2,1,3,2
"426",10,15,0,"Other",1,1,3,2,1,1,3,1,1,3,3,2
"427",10,15,0,"Black",2,1,1,2,2,3,2,1,2,2,2,2
"428",12,17,1,"Black",2,2,3,2,2,2,2,1,2,3,2,2
"429",9,14,1,"Black",2,1,2,2,1,2,3,3,3,3,3,2
"430",11,16,0,"Black",1,2,3,2,1,2,3,1,1,1,3,2
"431",9,14,0,"Black",2,3,2,3,3,3,3,3,2,2,2,2
"432",NA,NA,NA,NA,NA,NA,NA,NA,NA,NA,NA,NA,NA,NA,NA,2
"433",NA,NA,NA,NA,NA,NA,NA,NA,NA,NA,NA,NA,NA,NA,NA,2
"434",10,16,0,"Black",NA,NA,NA,NA,NA,NA,NA,NA,NA,NA,NA,2
"435",10,15,0,"Black",NA,NA,NA,NA,NA,NA,NA,NA,NA,NA,NA,2
"436",10,15,1,"Black",2,2,3,2,2,3,3,1,2,2,2,2
"437",10,15,0,"Black",NA,NA,NA,NA,NA,NA,NA,NA,NA,NA,NA,2
"438",10,15,0,"White",NA,NA,NA,NA,NA,NA,NA,NA,NA,NA,NA,2
"439",11,16,0,"Black",NA,NA,NA,NA,NA,NA,NA,NA,NA,NA,NA,2
"440",10,15,1,"Black",NA,NA,NA,NA,NA,NA,NA,NA,NA,NA,NA,2
"441",9,10,0,"Black",NA,NA,NA,NA,NA,NA,NA,NA,NA,NA,NA,2
"442",12,18,0,"Black",NA,NA,NA,NA,NA,NA,NA,NA,NA,NA,NA,2
"443",12,17,1,"Black",NA,NA,NA,NA,NA,NA,NA,NA,NA,NA,NA,2
"444",12,17,0,"Black",NA,3,NA,NA,NA,NA,3,NA,NA,3,NA,2
"445",12,17,0,"Black",NA,NA,NA,NA,NA,NA,NA,NA,NA,NA,NA,2
"446",12,17,1,"Black",3,1,1,2,1,1,2,1,1,3,1,2
"447",11,16,1,"Black",2,2,3,3,1,2,3,3,3,2,2,2
"448",12,17,1,"Black",NA,NA,NA,NA,NA,NA,NA,NA,NA,NA,NA,2
"449",12,17,1,"Black",NA,NA,NA,NA,NA,NA,NA,NA,NA,NA,NA,2
"450",12,18,0,"Black",NA,NA,NA,NA,NA,NA,NA,NA,NA,NA,NA,2
"451",NA,NA,NA,NA,NA,NA,NA,NA,NA,NA,NA,NA,NA,NA,NA,2
"452",12,18,0,"Black",NA,NA,NA,NA,NA,NA,NA,NA,NA,NA,NA,2
"453",12,18,0,"Black",NA,NA,NA,NA,NA,NA,NA,NA,NA,NA,NA,2
"454",12,17,0,"Other",2,1,2,2,1,1,1,1,1,2,2,2
"455",12,17,1,"Black",3,2,3,2,2,2,2,2,3,3,1,2
"456",12,18,0,"Black",2,1,3,2,NA,2,2,2,2,2,2,2
"457",12,17,1,"Black",NA,NA,NA,NA,NA,NA,NA,NA,NA,NA,NA,2
"458",9,15,0,"White",1,2,1,1,1,2,3,2,2,1,1,2
"459",9,14,0,"Black",2,3,2,3,2,3,3,1,2,2,2,2
"460",9,14,0,"Black",NA,NA,NA,NA,NA,NA,NA,NA,NA,NA,NA,2
"461",9,14,0,"Black",NA,NA,NA,NA,NA,NA,NA,NA,NA,NA,NA,2
"462",9,14,0,"Black",NA,NA,NA,NA,NA,NA,NA,NA,NA,NA,NA,2
"463",9,NA,0,"White",2,2,3,2,2,1,1,1,3,1,1,2
"464",9,14,0,"Black",1,2,3,3,1,2,3,2,1,2,3,2
"465",9,14,0,"Black",3,3,3,3,2,2,2,2,1,1,1,2
"466",9,15,1,"Black",NA,NA,NA,NA,NA,NA,NA,NA,NA,NA,NA,2
"467",9,14,0,"Black",NA,NA,NA,NA,NA,NA,NA,NA,NA,NA,NA,2
"468",9,14,1,"Black",NA,NA,NA,NA,NA,NA,NA,NA,NA,NA,NA,2
"469",9,15,1,"White",NA,NA,NA,NA,NA,NA,NA,NA,NA,NA,NA,2
"470",9,15,1,"Black",NA,NA,NA,NA,NA,NA,NA,NA,NA,NA,NA,2
"471",9,15,0,"Black",1,2,2,2,1,2,3,2,2,1,1,2
"472",9,15,0,"Hispanic",1,1,1,3,2,1,3,1,1,1,2,2
"473",9,15,0,"Black",2,3,3,3,2,3,3,3,2,2,2,2
"474",9,14,1,"Black",2,1,2,2,2,2,1,2,2,3,1,2
"475",9,15,1,"Black",2,1,3,1,1,2,3,3,3,2,1,2
"476",9,15,0,"Black",2,3,3,3,3,3,3,3,3,3,3,2
"477",11,16,1,"Black",2,2,2,3,2,2,3,3,2,3,2,2
"478",11,17,1,"Black",NA,NA,NA,NA,NA,NA,NA,NA,NA,NA,NA,2
"479",11,16,0,"Black",NA,NA,NA,NA,NA,NA,NA,NA,NA,NA,NA,2
"480",11,17,1,"Black",NA,NA,NA,NA,NA,NA,NA,NA,NA,NA,NA,2
"481",11,16,1,"Black",1,1,2,1,1,2,3,3,1,3,3,2
"482",11,16,0,"Black",NA,NA,NA,NA,NA,NA,NA,NA,NA,NA,NA,2
"483",10,16,0,"Black",2,2,3,2,2,2,3,2,1,3,1,2
"484",11,16,1,"Black",1,2,2,1,2,1,3,3,3,2,1,2
"485",12,17,1,"Black",3,2,3,2,2,2,3,3,2,2,1,2
"486",10,16,1,"Black",NA,NA,NA,NA,NA,NA,NA,NA,NA,NA,NA,2
"487",12,18,0,"Black",2,2,2,2,1,2,2,2,2,2,2,2
"488",NA,NA,NA,NA,NA,NA,NA,NA,NA,NA,NA,NA,NA,NA,NA,3
"489",8,14,0,"White",2,1,2,1,3,2,3,2,2,3,2,3
"490",8,13,1,"White",3,2,3,3,3,3,3,3,3,3,2,3
"491",8,13,0,"White",3,3,3,2,3,2,3,1,3,2,2,3
"492",8,13,1,"White",3,2,3,2,2,1,3,2,3,3,2,3
"493",8,13,0,"White",2,2,3,2,3,2,3,1,3,3,1,3
"494",8,13,1,"White",3,2,3,3,1,2,2,2,2,3,2,3
"495",8,13,0,"White",2,2,2,2,2,1,2,1,2,2,2,3
"496",8,13,0,"White",2,1,3,1,1,2,2,2,2,2,1,3
"497",8,14,0,"White",1,2,3,3,2,3,3,3,2,2,3,3
"498",8,13,1,"White",3,2,3,3,2,3,3,3,2,3,1,3
"499",8,14,1,"White",3,2,3,2,2,2,2,2,3,2,2,3
"500",8,13,1,"White",3,2,3,3,2,2,3,2,2,3,2,3
"501",8,14,0,"White",1,1,2,2,1,1,2,1,2,3,2,3
"502",8,14,0,"Asian",3,1,3,1,2,3,3,3,2,3,3,3
"503",8,13,0,"White",2,2,3,2,1,2,2,2,3,3,2,3
"504",8,13,1,"White",3,1,3,3,2,2,2,3,3,2,1,3
"505",8,13,0,"White",2,1,1,2,1,2,2,1,2,1,2,3
"506",8,13,0,"White",3,NA,NA,NA,3,NA,NA,NA,2,NA,NA,3
"507",8,14,1,"White",2,2,3,2,3,2,3,2,2,3,2,3
"508",8,13,0,"White",2,2,2,2,2,1,2,1,2,1,2,3
"509",8,13,0,"White",2,1,3,3,2,2,3,2,3,2,2,3
"510",8,13,1,"White",3,3,3,2,2,1,3,2,1,3,2,3
"511",8,14,1,"White",3,2,3,3,2,3,3,2,1,3,2,3
"512",8,15,1,"White",3,2,2,3,2,3,3,3,1,3,2,3
"513",8,13,1,"White",1,2,3,2,1,3,3,2,2,1,2,3
"514",8,13,1,"White",2,3,3,3,2,3,3,3,3,3,2,3
"515",8,13,0,"White",2,1,2,1,2,2,2,2,1,2,2,3
"516",8,14,0,"White",2,2,2,3,1,2,2,1,3,3,3,3
"517",8,13,0,"White",3,2,2,2,2,2,2,3,3,3,2,3
"518",8,14,0,"White",2,2,2,1,1,2,1,1,3,2,2,3
"519",8,13,0,"White",2,2,3,3,2,2,3,1,2,2,2,3
"520",8,14,0,"White",2,1,2,1,2,1,2,1,1,2,2,3
"521",8,14,0,"Black",1,2,1,1,1,1,1,1,1,1,1,3
"522",8,13,1,"White",1,2,3,3,2,1,2,3,1,3,2,3
"523",8,13,1,"White",3,2,3,3,3,2,3,3,3,3,3,3
"524",8,13,0,"White",2,2,3,3,3,2,3,3,2,3,2,3
"525",8,13,1,"White",3,1,3,2,2,1,3,3,2,2,3,3
"526",8,13,0,"White",3,3,3,2,2,2,3,3,2,2,1,3
"527",8,13,0,"White",1,2,1,1,2,1,2,1,2,2,2,3
"528",8,13,1,"White",3,2,3,3,2,3,3,3,3,3,2,3
"529",8,13,0,"White",1,1,2,2,2,2,3,2,2,2,2,3
"530",8,13,1,"Asian",2,3,3,3,2,3,3,3,3,3,3,3
"531",8,13,0,"White",1,1,3,1,1,1,1,1,1,3,1,3
"532",8,13,0,"White",1,1,2,2,1,1,3,1,2,3,3,3
"533",8,14,0,"White",3,1,3,2,3,3,1,1,1,3,2,3
"534",8,13,1,"White",3,2,3,2,1,1,2,2,1,3,2,3
"535",8,13,1,"White",3,2,2,2,1,2,2,2,2,3,3,3
"536",8,14,0,"White",3,2,2,3,2,2,2,1,3,3,1,3
"537",8,13,0,"White",3,2,2,3,3,3,3,3,2,3,2,3
"538",8,13,1,"White",3,2,1,3,2,2,3,3,2,2,1,3
"539",8,13,0,"White",2,2,3,2,2,3,2,2,3,2,2,3
"540",8,13,1,"White",3,3,2,3,2,2,3,3,3,2,2,3
"541",8,13,1,"White",2,2,3,3,2,1,3,3,1,3,2,3
"542",8,13,1,"Hispanic",3,1,2,3,2,1,3,3,3,2,2,3
"543",8,13,0,"White",3,2,2,3,3,2,3,NA,3,3,2,3
"544",8,13,1,"White",3,2,3,3,2,1,3,3,3,2,3,3
"545",8,13,1,"White",2,3,3,3,2,3,3,3,2,3,3,3
"546",8,13,0,"Hispanic",3,1,3,1,1,2,1,1,2,2,2,3
"547",8,13,1,"White",3,2,3,3,3,2,3,3,3,2,3,3
"548",8,14,1,"White",2,2,2,3,1,2,2,3,3,2,2,3
"549",8,13,0,"Other",3,2,3,3,2,2,3,2,3,2,2,3
"550",8,13,1,"White",2,2,3,2,1,2,2,2,3,1,2,3
"551",8,14,0,"White",1,2,3,2,1,1,1,2,2,1,1,3
"552",8,13,1,"White",3,2,2,3,2,2,3,3,3,3,3,3
"553",8,14,0,"White",3,2,3,3,2,3,3,2,3,3,2,3
"554",8,13,0,"White",3,2,3,2,2,2,3,3,3,2,3,3
"555",8,14,1,"White",3,3,1,3,1,2,3,3,1,2,2,3
"556",8,13,1,"White",3,1,3,2,2,2,3,3,3,3,2,3
"557",8,13,0,"White",3,2,3,3,2,3,3,2,3,3,2,3
"558",8,13,1,"White",3,2,3,2,1,1,2,2,2,2,1,3
"559",8,13,1,"White",3,2,2,3,2,3,2,2,2,1,2,3
"560",8,14,0,"White",3,2,3,2,2,2,3,1,3,2,2,3
"561",8,13,1,"White",2,1,2,3,1,1,2,2,3,3,3,3
"562",8,14,1,"White",3,2,3,3,1,2,3,3,3,2,2,3
"563",8,14,1,"White",3,3,3,3,3,3,3,2,3,1,3,3
"564",8,13,1,"White",1,3,2,3,2,1,NA,NA,3,2,2,3
"565",8,14,1,"White",3,2,2,2,2,2,3,3,2,2,1,3
"566",8,13,1,"White",1,2,2,2,2,2,3,2,3,2,1,3
"567",8,13,1,"White",2,1,3,3,2,3,2,3,3,3,2,3
"568",8,14,0,"White",2,1,1,1,1,1,2,1,3,2,1,3
"569",8,13,0,"White",3,3,3,3,2,3,3,3,2,3,3,3
"570",8,13,1,"White",3,2,3,2,2,2,2,2,3,2,2,3
"571",8,14,0,"White",3,2,3,2,2,2,3,2,3,3,2,3
"572",7,13,0,"Other",3,3,3,3,2,2,2,2,3,3,3,3
"573",7,12,0,"White",2,2,2,2,2,1,2,1,3,3,2,3
"574",7,11,1,"Other",2,2,2,2,1,1,3,2,3,2,1,3
"575",7,13,0,"White",3,2,3,2,2,3,3,1,2,2,2,3
"576",7,12,0,"White",2,2,3,2,2,2,3,2,3,2,3,3
"577",7,13,0,"White",3,2,3,3,1,2,3,2,2,2,3,3
"578",7,12,0,"White",2,2,3,2,3,2,3,2,2,2,2,3
"579",7,12,0,"Other",2,1,2,2,1,1,2,2,3,3,2,3
"580",7,13,0,"White",1,1,1,1,1,1,2,1,2,2,2,3
"581",7,13,0,"Other",2,1,1,1,2,2,2,1,1,2,2,3
"582",7,13,0,"White",3,2,2,2,2,3,2,2,1,2,2,3
"583",7,12,0,"Hispanic",1,2,1,NA,1,1,2,1,1,2,1,3
"584",7,12,1,"White",3,3,3,3,3,3,3,3,3,3,2,3
"585",7,12,1,"White",2,2,3,3,1,2,3,3,2,3,2,3
"586",7,12,1,"Hispanic",3,2,3,3,2,3,3,3,1,3,2,3
"587",7,13,1,"White",2,2,3,2,1,3,3,2,2,2,2,3
"588",7,13,1,"White",3,1,3,3,2,2,3,1,3,2,2,3
"589",7,13,1,"White",3,3,3,3,3,3,3,2,2,2,3,3
"590",7,12,1,"White",2,1,2,1,2,1,3,2,1,3,2,3
"591",7,14,0,"White",1,1,1,1,1,1,1,1,1,1,1,3
"592",7,12,1,"White",1,1,2,1,1,3,2,1,3,2,1,3
"593",7,13,0,"White",2,2,2,2,2,2,2,1,3,2,2,3
"594",7,12,0,"White",3,1,3,2,1,2,3,1,3,2,2,3
"595",7,12,0,"White",3,2,3,3,2,3,3,2,3,3,3,3
"596",7,12,0,"White",3,2,3,2,3,3,3,2,3,3,3,3
"597",7,12,0,"Other",3,2,3,3,2,3,3,3,2,3,2,3
"598",7,12,0,"White",2,1,3,3,3,2,2,2,3,2,2,3
"599",7,12,0,"White",3,1,2,3,2,2,3,2,2,3,2,3
"600",7,12,1,"White",3,2,2,2,3,2,2,2,2,2,2,3
"601",7,13,0,"White",3,2,3,2,2,2,3,1,2,2,2,3
"602",7,12,1,"White",3,2,3,2,2,3,3,2,2,2,2,3
"603",7,12,1,"White",3,2,3,1,1,2,2,1,3,3,2,3
"604",7,12,1,"White",3,2,3,3,2,2,3,3,2,3,2,3
"605",7,13,1,"White",2,2,2,3,2,2,3,2,3,3,2,3
"606",7,12,1,"White",3,2,1,3,2,2,2,3,3,2,2,3
"607",7,13,0,"White",3,3,3,3,2,3,3,2,3,2,2,3
"608",7,13,1,"White",3,2,3,2,2,2,3,1,2,2,2,3
"609",7,12,0,"White",3,3,3,3,2,2,3,3,2,3,3,3
"610",7,12,1,"White",3,2,3,3,2,3,3,3,3,3,2,3
"611",7,13,1,"White",3,2,3,3,2,3,3,3,1,3,2,3
"612",7,13,1,"White",2,1,2,3,2,3,2,2,2,3,2,3
"613",7,13,0,"White",2,2,3,1,1,1,2,1,2,3,1,3
"614",7,12,1,"White",3,2,2,3,2,2,3,3,3,2,2,3
"615",7,12,1,"White",3,2,3,3,3,3,3,3,3,3,3,3
"616",7,12,0,"White",3,2,3,2,1,2,2,1,1,2,3,3
"617",7,12,0,"White",3,2,3,3,2,3,3,2,2,3,3,3
"618",7,12,1,"White",3,2,3,3,3,2,2,3,3,3,2,3
"619",7,12,0,"Hispanic",3,2,3,3,3,3,3,3,2,3,3,3
"620",7,12,0,"White",2,2,3,3,2,2,3,2,2,2,2,3
"621",7,13,1,"White",3,2,3,3,3,3,3,3,3,2,3,3
"622",7,13,0,"White",3,2,2,3,1,3,2,1,2,3,2,3
"623",7,12,1,"White",3,2,3,3,2,3,3,3,3,3,2,3
"624",7,12,1,"White",2,2,3,3,1,2,3,2,3,3,2,3
"625",7,12,0,"Hispanic",3,2,3,1,2,3,3,2,2,3,2,3
"626",7,12,0,"White",3,2,3,2,2,3,2,2,3,3,2,3
"627",7,12,0,"White",2,3,3,2,1,2,2,2,2,3,3,3
"628",7,12,1,"White",2,2,3,3,2,2,2,3,2,3,2,3
"629",7,13,0,"White",3,2,2,2,2,3,2,2,3,2,2,3
"630",7,12,0,"White",3,2,2,2,1,2,3,1,3,2,2,3
"631",7,12,1,"White",2,2,3,2,2,3,2,1,3,2,2,3
"632",7,13,0,"White",3,2,2,3,1,2,3,1,1,2,3,3
"633",7,12,0,"White",2,2,3,3,2,1,3,2,3,2,2,3
"634",7,12,1,"Asian",2,1,3,1,2,2,3,3,2,3,3,3
"635",7,13,0,"White",3,2,3,2,2,3,3,1,2,3,3,3
"636",7,12,1,"White",3,2,3,3,2,2,3,3,3,3,3,3
"637",7,12,0,"White",3,2,3,3,1,2,3,2,2,3,2,3
"638",7,12,1,"White",3,1,2,1,2,1,2,1,2,2,2,3
"639",7,13,0,"White",2,3,2,3,3,2,3,3,3,3,3,3
"640",7,12,0,"White",3,1,3,2,2,2,3,2,3,2,3,3
"641",7,12,1,"Other",3,2,2,3,3,1,3,1,3,3,3,3
"642",7,12,0,"Other",3,2,3,3,2,3,3,2,3,3,2,3
"643",7,12,1,"White",2,2,2,2,2,2,2,2,3,1,2,3
"644",7,12,1,"White",2,1,3,3,3,3,3,3,2,3,3,3
"645",7,13,1,"White",3,2,3,3,3,2,3,3,2,3,3,3
"646",7,12,0,"White",2,2,3,3,2,2,3,1,3,2,2,3
"647",7,12,0,"White",3,2,3,3,3,3,3,3,3,3,3,3
"648",7,12,1,"White",2,1,2,3,1,2,2,1,3,2,2,3
"649",7,12,0,"White",2,3,3,2,3,3,3,1,3,2,3,3
"650",7,13,1,"White",3,2,3,1,3,1,3,3,1,3,2,3
"651",7,11,1,"White",3,1,3,3,3,2,3,2,3,3,1,3
"652",7,12,1,"White",3,2,2,3,2,2,2,1,3,2,2,3
"653",7,12,1,"White",3,1,2,3,2,3,3,3,2,2,1,3
"654",7,12,1,"White",2,2,2,3,3,3,3,3,2,3,1,3
"655",7,13,1,"White",2,1,3,1,1,2,2,1,1,2,3,3
"656",7,12,0,"Black",3,2,3,2,1,1,3,1,1,3,3,3
"657",7,13,1,"White",3,2,3,3,3,3,3,2,3,3,1,3
"658",7,12,1,"White",3,2,3,3,3,2,2,2,3,3,2,3
"659",8,13,0,"White",3,3,3,3,2,3,1,3,3,3,1,3
"660",8,13,1,"White",2,3,3,3,2,3,3,3,3,3,2,3
"661",8,14,0,"White",1,2,3,2,1,1,2,1,2,3,2,3
"662",8,13,0,"White",3,3,3,3,2,3,3,2,2,3,2,3
"663",8,13,1,"White",2,1,2,2,2,3,3,3,2,3,3,3
"664",8,14,1,"White",3,2,3,3,2,2,3,3,3,2,3,3
"665",8,13,1,"White",3,2,2,3,2,2,3,3,2,2,3,3
"666",8,13,1,"White",3,2,3,3,2,2,3,3,2,2,2,3
"667",8,13,0,"White",3,2,3,3,2,2,3,2,3,3,2,3
"668",8,14,0,"Black",3,2,3,3,2,2,3,2,3,2,2,3
"669",8,13,1,"White",3,2,3,3,2,3,3,3,3,3,3,3
"670",8,14,0,"White",2,2,3,2,2,3,3,1,2,2,3,3
"671",7,13,1,"White",3,2,3,3,2,2,3,3,2,3,3,3
"672",8,13,1,"White",3,1,3,1,3,2,3,2,3,2,2,3
"673",8,13,1,"Other",3,1,3,2,2,2,3,3,3,2,2,3
"674",8,14,0,"White",3,2,3,3,2,3,3,3,1,3,3,3
"675",8,13,0,"White",3,2,2,3,2,2,2,3,3,3,3,3
"676",8,13,0,"White",3,1,2,2,1,3,2,1,1,2,3,3
"677",8,13,0,"White",3,2,3,2,2,1,1,1,2,2,3,3
"678",8,13,0,"White",3,2,3,2,3,3,3,3,3,3,2,3
"679",8,14,1,"White",3,2,3,2,2,2,3,3,3,3,2,3
"680",8,14,1,"White",3,2,3,3,3,2,3,2,2,2,2,3
"681",8,13,0,"White",3,2,2,3,3,3,3,3,2,3,3,3
"682",7,12,1,"White",3,2,3,3,2,3,3,1,2,3,2,3
"683",7,13,1,"White",NA,2,3,3,2,2,3,3,2,3,3,3
"684",8,14,0,"White",1,2,1,2,1,3,2,1,3,1,3,3
"685",8,13,0,"Black",3,2,3,2,2,2,3,1,2,3,1,3
"686",8,14,0,"White",3,2,3,2,2,2,3,2,3,3,2,3
"687",8,14,0,"White",3,1,3,3,2,3,3,2,2,3,3,3
"688",8,13,0,"White",3,2,2,3,1,1,3,2,1,2,3,3
"689",8,14,0,"White",1,2,2,1,1,2,1,1,2,1,2,3
"690",8,14,0,"White",2,2,3,2,2,2,3,1,2,3,2,3
"691",8,13,0,"White",3,2,2,2,2,2,2,1,1,2,3,3
"692",8,14,1,"White",2,3,2,2,2,2,3,2,3,2,1,3
"693",8,13,1,"White",2,3,3,3,1,2,3,3,3,2,2,3
"694",8,13,1,"White",2,1,2,3,2,2,3,1,2,3,2,3
"695",8,13,0,"White",3,1,3,3,2,2,3,1,3,3,2,3
"696",8,13,1,"White",3,3,3,3,3,2,3,3,2,2,3,3
"697",8,13,1,"White",3,2,3,2,3,2,3,2,3,1,3,3
"698",8,13,0,"White",2,2,3,2,1,2,1,1,3,2,1,3
"699",8,13,1,"White",3,2,3,3,2,1,3,3,2,2,3,3
"700",8,13,1,"White",3,2,3,3,1,2,3,2,3,3,2,3
"701",8,13,0,"White",3,2,2,2,3,2,3,1,2,3,2,3
"702",8,13,0,"White",2,2,2,2,1,2,2,1,2,2,2,3
"703",8,14,1,"White",3,1,3,2,2,3,3,2,2,2,2,3
"704",8,13,0,"White",3,2,2,3,2,2,3,3,2,3,3,3
"705",8,14,0,"White",1,2,1,2,1,1,2,1,1,1,2,3
"706",8,13,1,"White",2,1,3,1,2,2,1,2,3,2,1,3
"707",8,14,0,"White",2,2,2,2,1,1,2,1,1,2,2,3
"708",8,13,0,"White",2,2,3,3,1,2,2,1,3,2,2,3
"709",8,13,0,"White",2,1,2,2,1,1,3,3,3,3,2,3
"710",8,14,1,"White",2,2,2,2,2,2,3,2,2,2,2,3
"711",8,13,1,"White",2,1,3,3,2,2,3,3,3,3,2,3
"712",8,13,1,"White",2,3,3,2,2,3,3,3,3,3,2,3
"713",8,13,0,"White",2,2,2,3,3,3,2,2,2,2,2,3
"714",8,13,1,"White",3,2,3,3,2,2,3,2,2,2,2,3
"715",8,13,0,"White",3,2,3,3,2,3,3,3,3,2,3,3
"716",8,14,0,"White",2,2,3,2,2,3,3,2,3,2,2,3
"717",8,14,1,"White",3,2,3,2,2,2,2,3,3,2,2,3
"718",8,13,0,"White",2,2,3,3,2,2,3,3,2,3,3,3
"719",8,13,1,"White",3,2,3,2,3,2,3,3,2,3,1,3
"720",8,13,1,"White",3,3,3,3,3,3,3,3,3,3,3,3
"721",8,13,0,"White",2,1,2,1,1,2,3,2,1,2,1,3
"722",8,14,1,"White",2,2,3,2,3,2,2,2,3,2,1,3
"723",8,14,1,"White",2,2,3,3,2,2,3,2,1,2,3,3
"724",8,13,1,"White",3,2,2,1,1,2,2,1,2,2,1,3
"725",8,13,1,"Asian",2,3,3,3,2,2,3,2,3,2,2,3
"726",8,13,0,"White",2,2,1,3,2,1,3,2,1,2,2,3
"727",8,14,0,"White",2,3,3,2,2,2,3,1,3,2,2,3
"728",8,13,1,"White",2,2,2,1,1,2,2,2,2,3,2,3
"729",8,13,0,"White",2,2,2,3,2,1,3,2,2,2,2,3
"730",8,13,1,"White",3,2,3,3,1,1,3,2,3,2,1,3
"731",8,13,0,"White",1,2,3,2,2,1,3,1,3,2,1,3
"732",8,14,0,"White",2,3,3,3,2,2,3,3,2,3,2,3
"733",8,13,1,"White",3,1,3,3,2,2,3,3,3,3,3,3
"734",8,14,1,"White",3,1,3,3,2,2,3,3,2,3,2,3
"735",8,14,0,"White",2,2,3,3,1,1,2,1,2,3,2,3
"736",8,14,1,"White",2,2,3,2,1,2,3,3,2,3,1,3
"737",8,13,1,"White",2,1,2,1,1,1,2,1,2,1,1,3
"738",8,14,1,"White",2,2,2,3,1,1,3,3,1,2,2,3
"739",8,13,0,"White",2,1,2,2,1,1,2,1,2,2,1,3
"740",8,13,1,"White",2,1,3,2,1,1,3,3,1,1,3,3
"741",8,13,0,"White",2,1,2,2,1,1,2,1,3,2,1,3
"742",8,14,0,"White",2,2,3,2,1,2,3,2,2,3,2,3
"743",8,13,1,"White",3,3,3,2,1,2,3,2,2,3,2,3
"744",8,13,1,"White",2,2,2,2,2,2,3,3,3,3,2,3
"745",8,14,1,"White",2,3,3,3,1,2,3,3,1,3,2,3
"746",6,12,0,NA,2,3,3,2,3,3,2,1,3,2,2,3
"747",6,11,0,"White",3,2,3,2,2,3,3,2,2,2,3,3
"748",6,11,0,"White",2,2,3,2,1,1,2,2,2,3,2,3
"749",6,11,1,"Other",3,2,3,2,2,3,3,2,3,2,2,3
"750",6,12,0,"White",3,3,3,3,3,3,3,2,3,3,3,3
"751",6,11,1,"White",2,2,3,3,2,3,3,2,3,3,3,3
"752",6,11,0,"Asian",2,2,3,3,3,2,3,2,3,2,2,3
"753",6,11,1,"White",3,2,3,3,2,2,3,3,2,3,3,3
"754",6,11,1,"White",2,1,3,2,2,2,2,2,1,3,2,3
"755",6,12,0,"White",2,2,2,2,2,2,3,1,2,3,3,3
"756",6,12,1,"Hispanic",3,2,3,3,2,2,3,2,2,3,3,3
"757",6,11,0,"White",2,1,3,1,2,2,1,1,3,2,2,3
"758",6,11,1,"White",2,2,3,2,1,2,2,1,3,2,3,3
"759",6,11,1,"White",3,2,3,3,3,3,3,3,3,2,3,3
"760",6,11,1,"White",3,2,3,2,1,2,3,2,1,3,3,3
"761",6,11,1,"White",3,1,3,3,2,2,3,2,1,2,3,3
"762",6,12,1,"White",2,1,3,2,1,2,3,2,2,3,2,3
"763",6,11,0,"White",2,2,3,2,2,2,3,1,2,2,3,3
"764",6,12,0,"White",2,2,3,2,3,2,3,2,3,3,2,3
"765",6,12,0,"Other",3,2,3,2,3,2,3,1,3,3,2,3
"766",6,12,0,"White",2,1,3,3,2,2,3,2,3,3,3,3
"767",6,12,0,"White",2,3,2,2,1,2,1,1,3,1,2,3
"768",6,11,0,"White",3,2,2,3,2,1,3,1,1,2,3,3
"769",6,11,1,"White",3,1,3,3,2,3,3,3,2,3,3,3
"770",6,11,0,"White",2,2,3,1,2,1,2,1,2,3,3,3
"771",6,11,0,"White",1,2,2,3,3,1,2,1,3,2,3,3
"772",6,12,0,"White",3,1,2,1,1,1,1,1,1,1,1,3
"773",6,11,0,"White",3,2,3,2,3,3,3,3,2,3,3,3
"774",6,12,0,"White",2,2,3,3,2,2,3,1,3,3,2,3
"775",6,12,0,"White",3,3,3,3,3,3,3,3,3,3,3,3
"776",6,11,0,"White",3,2,2,3,3,3,3,2,2,3,3,3
"777",6,12,1,"White",3,2,3,1,1,1,1,1,3,1,1,3
"778",6,12,1,"White",2,2,2,2,1,1,2,2,1,2,3,3
"779",6,11,0,"White",2,1,2,3,2,2,3,1,1,2,3,3
"780",6,11,1,"White",3,2,3,3,2,3,3,3,2,3,3,3
"781",6,12,0,"White",2,3,3,2,1,3,3,2,1,1,3,3
"782",6,12,1,"White",2,1,2,2,2,2,3,2,1,3,3,3
"783",6,12,0,"White",2,1,2,1,1,2,2,1,2,2,2,3
"784",6,11,0,"White",3,2,3,2,1,3,1,1,2,2,1,3
"785",6,11,1,"White",3,2,3,3,2,3,3,3,2,2,3,3
"786",6,12,0,"White",1,2,2,1,1,1,1,1,2,2,2,3
"787",6,11,1,"White",2,2,3,3,2,3,3,2,3,2,2,3
"788",6,12,0,"White",3,2,3,3,2,3,3,2,2,3,3,3
"789",6,11,1,"White",2,2,3,2,2,2,3,1,3,NA,2,3
"790",6,12,1,"White",3,2,3,3,2,3,3,2,2,3,3,3
"791",6,11,1,"White",3,3,3,2,2,1,3,3,3,3,2,3
"792",6,12,0,"White",2,2,3,1,1,2,2,1,3,2,2,3
"793",NA,NA,NA,NA,NA,NA,NA,NA,NA,NA,NA,NA,NA,NA,NA,3
"794",6,12,0,"White",2,2,3,2,2,3,2,2,3,3,3,3
"795",6,11,0,"White",3,2,3,3,1,3,3,2,3,3,2,3
"796",6,11,0,"White",2,1,2,1,2,1,2,2,3,2,2,3
"797",6,11,0,"White",3,2,3,2,2,2,3,1,3,2,2,3
"798",NA,NA,NA,NA,NA,NA,NA,NA,NA,NA,NA,NA,NA,NA,NA,3
"799",8,14,1,"White",3,2,1,2,3,3,3,3,2,1,2,3
"800",8,14,0,"White",NA,NA,NA,NA,NA,NA,NA,NA,NA,NA,NA,3
"801",8,14,0,"White",2,3,2,2,3,3,2,2,3,2,2,3
"802",8,13,0,"White",2,2,3,2,2,3,3,2,3,3,2,3
"803",NA,NA,NA,NA,NA,NA,NA,NA,NA,NA,NA,NA,NA,NA,NA,3
"804",6,11,0,"White",2,3,3,3,2,2,3,2,2,2,3,3
"805",6,11,1,"White",2,2,3,3,2,3,3,3,3,3,2,3
"806",6,12,1,"White",3,2,3,2,3,2,3,2,3,2,3,3
"807",6,11,1,"White",3,2,3,2,2,2,3,2,1,3,2,3
"808",6,11,1,"White",3,1,1,3,2,2,3,2,1,3,2,3
"809",6,11,0,"Other",2,1,3,2,2,2,3,1,2,1,3,3
"810",6,11,0,"White",2,2,3,2,3,3,3,1,2,2,2,3
"811",6,11,0,"White",2,2,3,2,2,3,3,1,3,3,2,3
"812",6,11,1,"White",3,2,1,3,1,2,3,3,1,3,2,3
"813",6,11,0,"White",3,1,3,3,3,3,3,2,3,3,3,3
"814",6,11,0,"White",3,2,3,2,2,1,3,1,2,1,2,3
"815",6,11,1,"White",2,1,2,1,2,1,2,2,2,3,2,3
"816",6,12,0,"White",2,3,3,2,3,3,2,1,1,3,3,3
"817",6,11,1,"White",3,2,3,3,3,2,3,2,3,2,3,3
"818",6,11,0,"White",3,2,3,2,2,2,3,1,2,3,2,3
"819",6,12,0,"White",2,2,2,3,2,2,3,3,3,3,2,3
"820",6,12,1,"White",2,1,3,NA,3,2,3,3,2,3,3,3
"821",6,12,1,"White",3,2,3,3,3,3,3,3,3,2,2,3
"822",6,11,0,"White",2,1,2,1,1,2,2,1,2,1,2,3
"823",6,11,0,"White",3,2,3,3,3,3,3,2,3,2,1,3
"824",6,12,0,"White",3,1,2,2,1,2,2,2,1,2,1,3
"825",6,11,0,"White",2,2,3,3,2,2,3,2,2,3,2,3
"826",6,11,0,"White",3,3,2,3,2,3,3,3,3,3,3,3
"827",6,12,0,"White",2,2,3,2,2,2,3,1,3,2,2,3
"828",6,12,1,"White",2,1,1,2,1,2,2,2,2,2,2,3
"829",6,11,1,"White",3,2,3,3,2,3,3,2,3,3,2,3
"830",6,12,0,"Hispanic",3,1,3,2,3,2,3,1,2,2,3,3
"831",6,11,0,"White",3,1,2,1,1,1,1,1,2,2,2,3
"832",6,11,1,"White",2,2,3,2,1,2,3,3,2,2,3,3
"833",6,11,0,"White",2,2,3,2,1,2,2,1,3,2,2,3
"834",6,11,0,"White",2,1,2,2,1,1,3,1,1,2,3,3
"835",6,11,0,"White",3,2,2,1,3,2,3,1,3,3,2,3
"836",6,11,0,"Hispanic",3,2,2,1,2,3,3,1,3,3,3,3
"837",6,11,0,"White",2,1,3,2,1,2,3,1,3,2,3,3
"838",6,11,0,"White",2,2,3,2,1,2,3,1,3,3,2,3
"839",6,11,1,"White",2,2,2,2,2,2,3,3,3,2,3,3
"840",6,11,1,"White",3,2,3,2,2,3,3,2,2,3,3,3
"841",6,11,1,"White",3,2,3,3,2,3,3,3,3,3,3,3
"842",6,11,0,"White",2,1,2,1,1,1,2,1,2,2,2,3
"843",6,12,0,"White",3,2,3,2,2,3,2,1,3,2,2,3
"844",6,12,0,"White",2,1,3,2,2,2,3,1,2,2,2,3
"845",6,11,0,"White",2,2,3,2,1,1,2,1,2,3,3,3
"846",6,11,1,"White",3,2,3,2,2,2,3,2,3,2,2,3
"847",6,11,1,"White",2,2,3,3,2,3,3,3,2,3,2,3
"848",6,11,0,"White",2,2,3,1,3,2,3,3,2,3,2,3
"849",6,11,0,"White",2,2,3,2,1,2,3,2,2,3,2,3
"850",6,10,1,"White",2,3,3,2,2,3,3,2,2,2,3,3
"851",6,11,1,"White",3,2,3,3,2,3,3,3,2,3,2,3
"852",6,11,1,"White",2,2,3,3,1,2,3,2,3,3,3,3
"853",6,11,0,"White",2,2,2,2,2,2,3,3,3,2,2,3
"854",6,12,0,"White",2,2,2,3,2,1,3,3,2,1,2,3
"855",6,11,0,"White",2,2,3,1,3,2,2,2,2,2,3,3
"856",6,11,0,"White",3,2,3,2,2,3,3,2,2,3,2,3
"857",6,11,0,"White",3,2,2,3,2,2,3,1,2,2,3,3
"858",6,13,1,"White",3,2,3,2,3,2,3,2,3,2,2,3
"859",6,11,1,"Hispanic",2,1,3,3,2,2,3,3,2,2,2,3
"860",6,11,1,"White",3,2,3,2,2,2,3,3,3,3,2,3
"861",6,11,1,"Black",3,2,3,2,2,2,3,1,1,2,2,3
"862",6,12,1,"White",3,1,3,3,2,2,3,3,3,2,3,3
"863",6,12,1,"White",2,1,2,1,2,3,3,2,1,3,1,3
"864",6,13,1,"White",3,2,3,3,2,3,2,3,2,3,3,3
"865",6,11,0,"White",3,2,3,1,3,3,3,2,2,3,3,3
"866",6,11,1,"White",2,2,3,3,3,2,3,2,3,2,2,3
"867",6,11,0,"White",2,3,3,2,2,2,3,1,3,2,2,3
"868",6,12,1,"White",3,1,3,3,1,2,3,2,1,1,1,3
"869",6,12,1,"White",2,2,3,3,1,3,3,2,2,3,2,3
"870",6,11,1,"Hispanic",2,1,2,1,3,1,3,3,1,3,2,3
"871",6,11,0,"Other",2,2,3,2,2,3,2,1,3,3,2,3
"872",6,12,0,"White",2,1,3,2,2,2,3,1,1,3,2,3
"873",6,11,0,"White",3,3,2,1,2,3,3,2,1,2,2,3
"874",6,12,1,"Other",3,2,3,2,3,3,3,2,3,3,3,3
"875",6,12,0,"Black",2,2,3,2,1,3,3,1,2,2,2,3
"876",6,11,1,"White",2,1,2,2,2,2,2,2,2,2,2,3
"877",6,11,1,"White",2,2,3,1,1,2,3,1,2,2,3,3
"878",6,11,0,"White",1,1,3,2,1,2,1,1,3,3,2,3
"879",6,12,1,"White",3,3,3,3,3,3,3,3,3,3,3,3
"880",6,11,0,"White",3,2,1,1,1,3,2,1,2,2,1,3
"881",6,12,0,"White",2,1,3,3,3,2,3,2,2,3,2,3
"882",6,12,0,"White",3,1,3,3,2,3,3,3,2,3,2,3
"883",6,11,0,"White",3,1,3,3,2,3,3,1,2,3,2,3
"884",6,11,1,"White",2,2,3,2,2,3,3,2,3,2,2,3
"885",6,11,1,"White",3,2,3,3,2,3,2,3,3,2,3,3
"886",6,11,1,"White",2,2,3,3,2,3,3,2,3,2,2,3
"887",6,11,0,"White",3,2,3,3,2,2,3,2,2,3,1,3
"888",6,12,1,"White",2,2,3,2,1,2,3,3,3,3,2,3
"889",6,11,0,"White",2,1,3,1,1,1,2,1,3,3,1,3
"890",6,11,0,"White",3,2,2,3,2,2,1,3,1,3,3,3
"891",6,11,0,"White",2,2,3,3,1,3,3,1,3,2,1,3
"892",6,11,0,"White",3,2,3,3,1,3,3,1,2,3,3,3
"893",6,12,0,"Other",2,3,3,3,2,3,3,2,2,3,3,3
"894",6,11,0,"White",2,1,2,1,3,2,3,1,1,3,3,3
"895",6,11,0,"White",3,2,3,1,1,2,3,3,3,3,1,3
"896",6,11,1,"White",3,2,3,3,3,3,3,2,3,3,3,3
"897",6,11,1,"White",3,2,3,3,2,3,3,3,2,2,2,3
"898",6,12,1,"White",2,2,2,3,2,2,2,2,2,3,2,3
"899",6,12,0,"White",2,2,2,1,1,3,2,1,1,1,1,3
"900",6,11,0,"White",3,1,3,1,2,2,3,2,1,3,3,3
"901",7,12,0,"White",1,2,3,3,2,2,3,2,3,3,2,3
"902",7,13,1,"White",3,2,3,3,2,2,3,3,2,3,2,3
"903",7,13,0,"White",2,1,3,1,1,2,2,1,1,2,2,3
"904",7,13,0,"White",2,2,3,3,1,1,2,1,2,2,1,3
"905",7,13,0,"Asian",2,2,NA,2,2,2,3,1,3,3,2,3
"906",7,12,0,"White",2,1,2,3,2,1,1,1,3,2,NA,3
"907",7,13,0,"White",3,2,3,2,1,2,2,2,2,2,2,3
"908",7,12,1,"Asian",3,2,3,2,2,2,2,1,3,2,2,3
"909",7,13,1,"White",2,3,3,3,2,3,3,2,2,3,3,3
"910",7,12,0,"White",2,1,2,2,1,2,2,1,1,2,2,3
"911",7,13,1,"Asian",3,2,3,2,3,2,1,2,3,2,2,3
"912",7,12,0,"White",3,2,2,3,2,2,3,1,3,1,1,3
"913",7,12,1,"White",2,3,3,3,3,3,3,3,3,2,3,3
"914",7,12,0,"Other",3,3,2,2,2,2,3,3,3,2,2,3
"915",7,12,1,"White",2,2,2,2,3,2,3,1,2,2,2,3
"916",7,12,0,"White",3,2,3,3,2,3,3,2,2,3,2,3
"917",7,12,0,"White",2,2,2,2,2,2,2,2,1,2,2,3
"918",7,13,0,"White",2,1,1,2,2,1,2,1,3,2,3,3
"919",7,12,1,"White",3,2,3,3,2,2,3,3,3,2,3,3
"920",7,12,1,"Hispanic",3,1,3,3,3,3,3,3,3,3,3,3
"921",7,12,1,"White",3,3,3,3,2,3,3,2,2,2,3,3
"922",7,13,1,"White",3,3,3,3,3,3,3,3,3,3,3,3
"923",7,12,0,"Hispanic",3,2,3,2,2,2,3,3,3,3,2,3
"924",7,13,1,"White",3,3,3,3,3,2,3,3,3,3,3,3
"925",7,13,0,"White",1,3,2,2,NA,1,1,2,2,3,2,3
"926",7,12,1,"White",3,1,3,2,1,1,3,3,3,1,1,3
"927",7,13,0,"Black",3,2,3,3,2,2,2,2,2,2,2,3
"928",7,13,0,"Asian",3,1,3,3,2,3,3,2,3,3,3,3
"929",7,13,0,"White",1,2,3,3,1,1,3,3,1,3,2,3
"930",7,13,0,"Other",2,1,3,3,2,2,3,1,1,3,3,3
"931",7,13,1,"White",2,2,3,3,3,2,3,3,3,3,3,3
"932",7,13,1,"White",1,2,2,2,2,1,2,2,1,2,2,3
"933",7,12,0,"White",1,1,3,2,2,1,2,1,2,3,2,3
"934",7,12,1,"White",3,2,3,3,2,2,3,2,3,3,2,3
"935",7,13,1,"Hispanic",2,2,2,2,1,2,2,2,1,3,1,3
"936",7,12,1,"White",3,2,3,3,2,2,3,2,3,2,2,3
"937",7,13,0,"White",2,2,3,2,2,2,2,1,2,1,3,3
"938",7,12,1,"Hispanic",2,2,3,3,2,2,2,3,1,3,3,3
"939",7,13,0,"White",2,1,3,1,1,2,2,1,1,1,1,3
"940",7,12,0,"White",1,1,1,1,1,1,2,1,1,1,2,3
"941",7,13,0,"Hispanic",2,1,1,1,1,1,1,1,2,1,1,3
"942",7,13,0,"Black",3,2,3,2,3,2,3,3,3,3,3,3
"943",7,12,0,"Hispanic",3,2,3,3,3,2,3,2,3,3,2,3
"944",7,13,1,"White",3,1,3,1,2,2,3,1,2,3,2,3
"945",7,12,1,"White",3,2,2,3,2,2,3,3,2,2,2,3
"946",7,12,0,"White",2,1,3,2,1,2,2,1,2,2,2,3
"947",7,12,0,"White",2,3,2,3,1,2,3,2,3,2,3,3
"948",7,12,1,"White",2,1,1,1,1,1,3,1,2,1,3,3
"949",7,13,0,"Hispanic",1,2,3,2,2,2,3,2,1,3,3,3
"950",7,12,0,"White",2,2,3,2,1,2,2,2,3,2,3,3
"951",7,12,0,"White",2,2,2,2,1,2,2,1,1,3,2,3
"952",7,12,1,"White",3,2,3,3,2,3,3,3,3,3,3,3
"953",7,13,0,"White",2,2,2,3,2,1,3,2,3,2,3,3
"954",7,12,1,"Other",2,2,3,3,2,2,3,2,1,2,2,3
"955",7,12,1,"White",2,2,2,2,2,1,1,1,3,2,1,3
"956",7,12,0,"White",1,2,3,3,2,3,3,2,2,2,3,3
"957",7,13,0,"White",2,2,2,2,1,1,1,1,2,2,1,3
"958",7,13,1,"White",2,2,3,3,2,2,3,2,3,3,3,3
"959",7,12,0,"White",3,2,3,2,2,2,2,3,3,3,NA,3
"960",7,13,0,"White",1,2,2,2,1,1,1,1,3,2,1,3
"961",7,13,0,"White",2,2,3,3,2,2,3,3,2,3,1,3
"962",7,12,1,"White",3,2,3,3,3,2,3,3,3,3,3,3
"963",7,12,1,"Other",3,2,3,2,2,2,2,1,3,1,2,3
"964",7,13,1,"Hispanic",3,2,2,3,2,2,3,3,2,2,3,3
"965",7,12,0,"White",3,2,1,2,1,2,3,2,3,2,2,3
"966",NA,NA,NA,NA,NA,NA,NA,NA,NA,NA,NA,NA,NA,NA,NA,3
"967",NA,NA,NA,NA,NA,NA,NA,NA,NA,NA,NA,NA,NA,NA,NA,3
"968",8,14,1,"White",3,NA,NA,3,NA,NA,3,NA,NA,NA,NA,3
"969",7,13,0,NA,NA,NA,NA,NA,NA,NA,NA,NA,NA,NA,NA,3
"970",7,12,0,"Hispanic",NA,NA,NA,NA,NA,NA,NA,NA,NA,NA,NA,3
"971",7,12,0,"White",NA,NA,NA,NA,NA,NA,NA,NA,NA,NA,NA,3
"972",7,12,0,"White",NA,NA,NA,NA,NA,NA,NA,NA,NA,NA,NA,3
"973",NA,NA,NA,NA,NA,NA,NA,NA,NA,NA,NA,NA,NA,NA,NA,3
"974",7,12,1,"White",3,2,3,2,3,2,3,1,2,3,3,3
"975",7,12,1,"White",3,2,3,2,3,2,3,3,3,3,2,3
"976",7,13,0,"White",2,3,2,3,2,2,3,3,3,3,3,3
"977",7,13,1,NA,NA,NA,NA,NA,NA,NA,NA,NA,NA,NA,NA,3
"978",8,14,0,"White",NA,NA,NA,NA,NA,NA,NA,NA,NA,NA,NA,3
"979",8,14,1,"White",NA,NA,NA,NA,NA,NA,NA,NA,NA,NA,NA,3
"980",8,13,1,"White",2,3,3,3,2,3,3,2,3,3,2,3
"981",NA,NA,NA,NA,NA,NA,NA,NA,NA,NA,NA,NA,NA,NA,NA,3
"982",NA,NA,NA,NA,NA,NA,NA,NA,NA,NA,NA,NA,NA,NA,NA,3
"983",8,14,0,"White",1,2,1,2,1,1,2,1,1,2,2,3
"984",8,13,1,"Asian",NA,NA,NA,NA,NA,NA,NA,NA,NA,NA,NA,3
"985",NA,NA,NA,NA,NA,NA,NA,NA,NA,NA,NA,NA,NA,NA,NA,3
"986",8,14,1,"White",NA,NA,NA,NA,NA,NA,NA,NA,NA,NA,NA,3
"987",NA,NA,NA,NA,NA,NA,NA,NA,NA,NA,NA,NA,NA,NA,NA,3
"988",NA,NA,NA,NA,NA,NA,NA,NA,NA,NA,NA,NA,NA,NA,NA,3
"989",6,12,0,"White",2,2,2,3,2,1,3,2,2,3,1,3
"990",6,12,0,"White",2,2,3,2,2,2,2,1,3,3,2,3
"991",NA,NA,NA,NA,NA,NA,NA,NA,NA,NA,NA,NA,NA,NA,NA,3
"992",6,12,0,"White",2,2,2,2,2,1,2,2,3,3,1,3
"993",NA,NA,NA,NA,NA,NA,NA,NA,NA,NA,NA,NA,NA,NA,NA,3
"994",6,11,0,"White",3,2,3,2,2,1,3,2,3,1,2,3
"995",6,12,1,"White",2,1,3,3,3,2,3,2,1,2,3,3
"996",NA,NA,NA,NA,NA,NA,NA,NA,NA,NA,NA,NA,NA,NA,NA,3
"997",NA,NA,NA,NA,NA,NA,NA,NA,NA,NA,NA,NA,NA,NA,NA,3
"998",NA,NA,NA,NA,NA,NA,NA,NA,NA,NA,NA,NA,NA,NA,NA,3
"999",NA,NA,NA,NA,NA,NA,NA,NA,NA,NA,NA,NA,NA,NA,NA,3
"1000",6,11,0,"White",NA,NA,NA,NA,NA,NA,NA,NA,NA,NA,NA,3
"1001",NA,NA,NA,NA,NA,NA,NA,NA,NA,NA,NA,NA,NA,NA,NA,3
"1002",6,NA,NA,NA,NA,NA,NA,NA,NA,NA,NA,NA,NA,NA,NA,3
"1003",6,12,1,"White",NA,NA,NA,NA,NA,NA,NA,NA,NA,NA,NA,3
"1004",6,12,0,"White",NA,NA,NA,NA,NA,NA,NA,NA,NA,NA,NA,3
"1005",6,11,1,"White",3,2,3,3,2,2,3,3,2,2,3,3
"1006",6,11,1,"White",3,2,3,3,1,3,3,3,3,2,2,3
"1007",6,12,0,"White",3,2,3,2,3,2,3,1,3,3,3,3
"1008",6,12,0,"Black",2,2,3,2,1,2,3,1,2,3,1,3
"1009",6,11,1,"White",2,1,2,2,3,2,2,2,2,3,2,3
"1010",6,11,0,"Other",2,1,3,2,1,2,3,1,3,2,2,3
"1011",6,11,1,"White",2,2,3,3,2,2,3,1,1,3,2,3
"1012",NA,NA,NA,NA,NA,NA,NA,NA,NA,NA,NA,NA,NA,NA,NA,3
"1013",6,12,1,"White",NA,NA,NA,NA,NA,NA,NA,NA,NA,NA,NA,3
"1014",6,11,1,"White",3,1,3,3,2,3,3,3,3,3,3,3
"1015",6,12,0,"Other",3,3,3,3,2,3,3,2,2,3,3,3
"1016",6,11,1,"Hispanic",2,1,3,1,3,3,3,2,3,3,2,3
"1017",6,12,0,"Black",3,2,3,3,2,3,3,1,2,2,3,3
"1018",NA,NA,NA,NA,NA,NA,NA,NA,NA,NA,NA,NA,NA,NA,NA,3
"1019",NA,NA,NA,NA,NA,NA,NA,NA,NA,NA,NA,NA,NA,NA,NA,3
"1020",NA,NA,NA,NA,NA,NA,NA,NA,NA,NA,NA,NA,NA,NA,NA,3
"1021",NA,NA,NA,NA,NA,NA,NA,NA,NA,NA,NA,NA,NA,NA,NA,3
"1022",NA,NA,NA,NA,NA,NA,NA,NA,NA,NA,NA,NA,NA,NA,NA,3
"1023",NA,NA,NA,NA,NA,NA,NA,NA,NA,NA,NA,NA,NA,NA,NA,3
"1024",NA,NA,NA,NA,NA,NA,NA,NA,NA,NA,NA,NA,NA,NA,NA,4
"1025",8,12,1,"Black",2,2,2,2,1,1,2,1,2,1,2,4
"1026",8,12,1,"Black",2,2,3,3,1,2,3,3,2,1,2,4
"1027",8,12,1,"Other",2,3,3,3,1,1,1,1,3,2,2,4
"1028",8,12,1,"Black",3,3,3,3,2,2,3,3,2,3,3,4
"1029",8,12,1,NA,2,2,3,2,2,3,3,1,3,3,2,4
"1030",8,12,1,"Hispanic",2,2,2,2,2,1,2,1,2,2,1,4
"1031",8,12,1,"Hispanic",3,3,3,2,2,2,3,2,2,2,2,4
"1032",8,12,1,"Black",3,1,2,1,1,1,1,1,2,1,1,4
"1033",8,12,1,"Hispanic",2,1,2,2,2,2,3,3,3,2,1,4
"1034",8,11,1,NA,3,2,3,2,3,3,2,2,3,2,3,4
"1035",8,12,1,"Hispanic",3,2,3,2,2,2,3,1,2,2,2,4
"1036",8,12,1,"Black",3,2,3,2,2,NA,3,2,2,1,2,4
"1037",8,12,1,"Other",1,1,2,1,2,1,3,2,3,2,3,4
"1038",8,12,1,"Other",2,2,2,2,1,1,2,2,2,1,2,4
"1039",8,12,1,"Black",3,2,3,3,2,2,3,3,2,2,3,4
"1040",8,11,1,"Hispanic",3,1,3,3,2,2,3,3,2,3,3,4
"1041",8,11,1,"Hispanic",3,2,3,2,2,1,3,2,3,3,2,4
"1042",8,12,1,"White",2,1,2,1,1,1,2,2,2,2,3,4
"1043",8,12,1,"Other",2,2,3,2,3,1,2,1,3,2,2,4
"1044",8,12,1,"Hispanic",2,2,3,2,3,2,3,3,3,3,3,4
"1045",8,12,1,"Hispanic",3,1,2,3,1,2,3,1,1,1,1,4
"1046",7,11,1,"Hispanic",1,2,1,3,1,1,3,1,1,2,2,4
"1047",7,11,1,"Black",2,1,3,2,1,1,2,1,NA,1,2,4
"1048",7,11,1,"White",2,2,3,3,2,2,3,3,3,3,2,4
"1049",7,11,1,"Black",3,2,3,1,2,1,3,2,2,1,2,4
"1050",7,12,1,"Black",2,3,3,3,2,3,3,3,1,3,3,4
"1051",7,11,1,"Other",3,2,2,3,3,3,3,3,3,3,2,4
"1052",7,11,1,"Black",3,2,2,3,1,1,3,1,1,1,1,4
"1053",7,11,1,"Black",3,1,3,3,1,2,3,3,3,3,2,4
"1054",7,11,1,"Hispanic",3,1,3,2,2,2,3,3,2,3,2,4
"1055",7,11,1,"Other",2,2,1,1,1,1,1,1,2,3,1,4
"1056",7,11,1,"Other",2,2,2,2,1,2,2,1,1,2,3,4
"1057",7,11,1,"Black",2,2,3,3,3,1,2,1,2,2,3,4
"1058",7,11,1,"Black",3,2,2,3,2,1,3,2,3,2,2,4
"1059",7,11,1,"Hispanic",2,1,1,1,2,2,2,1,1,2,1,4
"1060",7,12,1,"Black",3,1,2,3,3,2,3,2,3,3,3,4
"1061",7,11,1,"Hispanic",1,2,1,2,1,1,3,1,3,2,2,4
"1062",7,12,1,NA,3,2,2,2,1,2,3,1,2,2,2,4
"1063",7,11,1,"Hispanic",2,1,2,2,2,1,3,1,2,2,2,4
"1064",7,11,1,NA,3,2,3,2,1,1,2,1,2,1,2,4
"1065",7,12,1,"Hispanic",3,2,3,3,2,2,3,2,2,3,3,4
"1066",7,11,1,"Hispanic",2,2,3,2,1,3,3,1,3,3,2,4
"1067",7,11,1,"Hispanic",3,2,2,3,2,2,3,2,2,2,2,4
"1068",8,12,1,"Other",3,2,3,2,1,1,2,2,3,2,1,4
"1069",8,12,1,"Hispanic",2,2,2,2,1,2,2,1,1,1,2,4
"1070",8,13,1,"Hispanic",2,1,3,3,1,2,3,1,1,3,1,4
"1071",8,12,1,"Other",3,2,2,2,2,2,2,2,2,3,2,4
"1072",8,13,1,"Hispanic",2,1,3,3,2,2,3,2,1,3,2,4
"1073",8,12,1,NA,3,2,3,3,2,3,3,3,2,3,3,4
"1074",8,12,1,"Other",2,3,1,2,1,1,2,1,2,1,1,4
"1075",8,12,1,"Black",3,2,2,2,3,1,3,2,2,3,2,4
"1076",8,12,1,"White",2,3,1,2,1,1,1,1,1,2,1,4
"1077",8,12,1,"Other",3,2,2,3,3,3,3,1,3,2,1,4
"1078",8,13,1,"Black",2,2,3,1,3,2,3,2,2,3,2,4
"1079",8,13,1,"Other",3,2,2,2,2,2,2,1,2,2,1,4
"1080",8,12,1,"Hispanic",2,2,3,2,2,2,3,2,2,NA,2,4
"1081",8,12,1,"Black",2,2,3,2,2,1,3,1,3,2,2,4
"1082",8,12,1,NA,2,1,3,2,1,2,3,1,1,1,2,4
"1083",8,12,1,"White",2,3,2,3,2,1,3,2,2,2,1,4
"1084",8,11,1,"Black",3,2,3,3,1,1,1,1,1,3,2,4
"1085",8,13,1,"Hispanic",2,2,3,3,2,2,3,3,3,3,2,4
"1086",8,13,1,"Black",3,2,2,2,1,1,2,2,1,3,3,4
"1087",8,12,1,NA,2,2,3,2,2,2,3,1,3,1,2,4
"1088",8,12,1,"Black",2,2,1,2,1,2,3,2,3,3,2,4
"1089",7,10,1,NA,3,2,3,2,2,2,3,2,2,3,2,4
"1090",7,12,1,"Other",2,1,2,2,3,2,3,1,3,2,3,4
"1091",7,10,1,NA,3,3,3,2,2,3,3,2,2,1,2,4
"1092",7,11,1,"Black",2,3,3,2,2,2,3,3,3,2,3,4
"1093",7,11,1,"Hispanic",2,2,2,2,2,1,3,3,3,1,1,4
"1094",7,12,1,"Hispanic",3,2,2,1,1,3,3,3,1,1,3,4
"1095",7,11,1,"Other",2,1,2,1,2,2,3,1,3,2,3,4
"1096",7,11,1,"Other",3,2,3,2,1,2,2,1,2,3,2,4
"1097",7,11,1,"Black",2,1,2,3,1,2,3,3,1,2,3,4
"1098",7,11,1,"Black",2,1,1,3,1,3,3,3,1,2,3,4
"1099",6,11,1,"Hispanic",3,1,3,1,2,3,3,2,1,3,3,4
"1100",7,11,1,"Black",2,2,2,2,3,2,3,1,3,3,2,4
"1101",7,11,1,"Hispanic",3,3,3,3,3,2,3,2,3,2,2,4
"1102",7,12,1,"Black",3,2,3,3,2,3,3,1,3,3,1,4
"1103",7,11,1,"Hispanic",3,1,2,1,2,2,3,2,2,2,2,4
"1104",7,11,1,"Black",1,3,2,2,2,1,2,1,1,1,2,4
"1105",7,11,1,"Black",2,2,3,3,3,3,3,3,3,3,1,4
"1106",7,11,1,"Hispanic",2,2,3,3,1,2,3,3,2,3,3,4
"1107",7,12,1,"Other",2,NA,3,2,2,NA,3,2,2,3,3,4
"1108",7,11,1,"Other",3,2,3,3,3,3,3,3,2,3,3,4
"1109",7,11,1,"Black",3,1,3,2,2,2,3,2,3,3,3,4
"1110",7,11,1,"Hispanic",3,1,3,2,2,2,3,1,3,2,2,4
"1111",7,11,1,"Hispanic",3,2,3,2,3,3,3,1,3,3,2,4
"1112",7,12,1,"Other",3,1,2,1,2,2,3,2,3,2,1,4
"1113",8,12,1,NA,2,1,3,1,2,1,2,1,2,2,2,4
"1114",7,11,1,"Black",3,2,3,2,2,3,3,1,3,3,2,4
"1115",9,13,1,"Black",2,3,3,3,2,2,1,2,1,2,3,4
"1116",9,13,1,"Black",2,3,3,3,2,3,3,3,3,1,2,4
"1117",9,13,1,"Hispanic",2,1,3,1,1,1,2,2,3,1,1,4
"1118",9,12,1,"Black",2,3,3,2,2,2,3,2,3,2,1,4
"1119",9,13,1,"Hispanic",2,2,1,1,1,2,3,2,2,1,2,4
"1120",9,13,1,"Hispanic",2,2,2,2,1,1,3,1,2,2,3,4
"1121",9,13,1,"Hispanic",3,1,3,2,2,2,3,2,3,3,2,4
"1122",9,13,1,"Hispanic",3,3,3,3,2,2,3,3,3,2,2,4
"1123",9,13,1,NA,1,2,3,3,2,1,3,3,3,3,1,4
"1124",9,13,1,NA,3,1,3,3,2,2,3,3,3,3,2,4
"1125",9,12,1,"Black",2,2,3,2,2,2,3,3,3,3,2,4
"1126",9,13,1,"Black",3,1,3,3,2,1,3,3,3,3,2,4
"1127",9,13,1,"Hispanic",2,1,3,2,2,3,3,3,3,2,2,4
"1128",9,13,1,"Hispanic",1,2,3,2,1,1,2,1,3,2,2,4
"1129",9,13,1,NA,1,1,2,1,1,1,2,1,1,3,2,4
"1130",9,13,1,"Hispanic",3,2,3,NA,3,2,3,3,2,3,3,4
"1131",9,13,1,"Black",3,2,2,3,3,2,3,3,3,2,2,4
"1132",9,13,1,"Hispanic",3,2,3,2,2,2,3,1,3,2,3,4
"1133",9,13,1,"Black",1,1,3,3,2,1,3,3,2,3,3,4
"1134",9,13,1,"Black",2,2,2,2,1,1,2,2,2,1,1,4
"1135",9,13,1,"Hispanic",2,1,3,3,2,2,3,3,3,3,2,4
"1136",9,13,1,"Hispanic",1,2,2,3,2,1,2,3,3,3,3,4
"1137",9,13,1,"Black",2,2,2,2,2,1,3,3,3,3,2,4
"1138",9,13,1,"Black",3,2,3,1,1,1,2,1,3,3,1,4
"1139",9,13,1,"Black",2,2,3,3,1,1,2,2,3,3,1,4
"1140",9,13,1,"Black",1,2,3,3,2,1,2,2,1,2,2,4
"1141",9,13,1,"Hispanic",2,1,3,2,3,2,3,1,1,2,2,4
"1142",9,13,1,"Other",1,1,3,2,1,2,3,3,2,3,3,4
"1143",9,12,1,"Hispanic",3,2,3,2,2,2,3,3,3,2,1,4
"1144",9,13,1,"Other",2,2,2,1,1,1,1,1,2,2,2,4
"1145",9,13,1,"Black",3,2,3,2,1,2,3,1,2,1,1,4
"1146",9,12,1,"Other",2,3,3,3,2,2,3,3,2,2,NA,4
"1147",9,13,1,"Hispanic",1,1,1,1,1,2,1,1,1,1,1,4
"1148",9,13,1,"Other",1,1,2,1,1,1,2,2,2,2,2,4
"1149",9,13,1,"Hispanic",2,2,2,1,1,1,2,1,2,2,1,4
"1150",9,12,1,"Black",2,2,3,2,2,2,2,2,3,2,2,4
"1151",9,13,1,"Black",2,2,2,3,1,2,2,1,2,1,1,4
"1152",9,13,1,"Black",2,3,2,1,1,1,2,2,3,1,2,4
"1153",9,13,1,"Black",2,1,2,3,1,2,1,2,3,1,2,4
"1154",9,13,1,"Black",2,2,2,2,2,3,2,1,2,2,2,4
"1155",9,13,1,"Hispanic",1,1,1,1,1,1,2,1,1,1,2,4
"1156",9,13,1,"Hispanic",2,2,3,2,1,1,3,2,2,2,3,4
"1157",9,14,1,"Black",2,1,3,1,1,1,2,1,1,1,2,4
"1158",9,13,1,"Hispanic",3,2,2,2,2,1,2,1,3,2,3,4
"1159",9,13,1,"Other",2,2,3,2,2,2,2,2,1,2,2,4
"1160",9,13,1,"Black",2,1,3,2,2,2,2,1,3,2,2,4
"1161",9,14,1,"Hispanic",3,2,2,3,2,1,3,2,1,2,2,4
"1162",9,13,1,"Hispanic",2,1,2,2,1,2,2,2,3,2,2,4
"1163",9,13,1,"Black",3,1,2,1,1,1,NA,1,1,NA,2,4
"1164",9,13,1,"Other",3,2,3,2,3,2,3,2,3,3,3,4
"1165",9,13,1,"Black",2,2,2,1,1,1,1,1,1,1,1,4
"1166",9,13,1,NA,1,1,2,1,2,2,2,2,2,1,2,4
"1167",9,13,1,"Hispanic",3,2,2,3,3,2,3,3,1,2,3,4
"1168",9,13,1,"Hispanic",2,3,3,2,1,1,3,3,2,2,2,4
"1169",NA,NA,NA,NA,NA,NA,NA,NA,NA,NA,NA,NA,NA,NA,NA,4
"1170",NA,NA,NA,NA,NA,NA,NA,NA,NA,NA,NA,NA,NA,NA,NA,4
"1171",9,13,NA,NA,NA,NA,NA,NA,NA,NA,NA,NA,NA,NA,NA,4
"1172",8,NA,NA,NA,NA,NA,NA,NA,NA,NA,NA,NA,NA,NA,NA,4
"1173",NA,NA,NA,NA,NA,NA,NA,NA,NA,NA,NA,NA,NA,NA,NA,4
"1174",8,11,1,NA,NA,NA,NA,NA,NA,NA,NA,NA,NA,NA,NA,4
"1175",7,12,1,"Hispanic",NA,NA,NA,NA,NA,NA,NA,NA,NA,NA,NA,4
"1176",7,11,1,"Hispanic",1,1,2,1,1,2,3,2,2,NA,2,4
"1177",7,11,1,"Hispanic",2,1,2,2,3,2,3,2,1,2,2,4
"1178",NA,NA,NA,NA,NA,NA,NA,NA,NA,NA,NA,NA,NA,NA,NA,4
"1179",8,13,1,"Hispanic",2,1,2,3,3,1,2,3,1,3,2,4
"1180",NA,NA,NA,NA,NA,NA,NA,NA,NA,NA,NA,NA,NA,NA,NA,4
"1181",7,12,1,"Other",NA,NA,NA,NA,NA,NA,NA,NA,NA,NA,NA,4
"1182",9,13,1,"Hispanic",3,2,3,2,NA,2,2,1,1,3,1,4
"1183",NA,NA,NA,NA,NA,NA,NA,NA,NA,NA,NA,NA,NA,NA,NA,4
"1184",NA,NA,NA,NA,NA,NA,NA,NA,NA,NA,NA,NA,NA,NA,NA,4
"1185",9,13,1,NA,NA,NA,NA,NA,NA,NA,NA,NA,NA,NA,NA,4
"1186",NA,NA,NA,NA,NA,NA,NA,NA,NA,NA,NA,NA,NA,NA,NA,4
"1187",10,15,1,"White",2,3,3,3,3,2,3,3,1,3,2,5
"1188",10,15,1,"White",2,1,3,2,3,3,3,1,2,2,1,5
"1189",10,15,0,"Other",3,1,3,2,1,2,1,1,3,2,1,5
"1190",10,16,0,"Asian",3,3,2,3,3,2,2,2,2,3,2,5
"1191",10,15,0,"White",2,2,3,3,2,3,3,2,3,2,3,5
"1192",10,15,1,"White",2,3,1,2,3,1,2,2,2,3,1,5
"1193",10,15,0,"White",2,2,3,3,3,3,3,2,3,3,3,5
"1194",10,15,0,"Other",2,2,3,3,3,2,1,2,1,2,3,5
"1195",10,16,0,"Hispanic",3,1,3,3,3,1,3,1,2,3,3,5
"1196",10,15,0,"Other",2,2,3,3,2,3,1,3,3,2,2,5
"1197",10,15,0,"Hispanic",1,1,2,1,1,1,1,1,2,1,1,5
"1198",10,15,0,"White",2,2,3,2,2,1,3,1,2,2,1,5
"1199",10,15,1,"White",3,3,3,3,2,3,3,1,3,3,3,5
"1200",10,16,1,"White",3,2,3,2,2,2,3,3,3,3,2,5
"1201",NA,NA,NA,NA,NA,NA,NA,NA,NA,NA,NA,NA,NA,NA,NA,5
"1202",11,16,1,"Hispanic",3,3,2,3,3,2,3,3,2,3,2,5
"1203",10,15,0,"White",2,2,3,2,2,1,3,1,2,2,2,5
"1204",10,15,0,"White",2,1,3,2,1,2,2,2,1,2,2,5
"1205",11,16,0,"White",1,2,2,2,3,2,3,2,1,3,2,5
"1206",10,15,0,"Hispanic",2,1,2,2,1,2,2,2,2,3,1,5
"1207",10,15,1,"Asian",1,1,2,2,2,1,2,1,3,2,2,5
"1208",10,15,0,"Other",2,1,3,2,2,2,3,3,3,2,3,5
"1209",10,15,1,"White",3,3,2,3,3,3,3,3,2,2,2,5
"1210",10,16,1,"Hispanic",2,2,2,3,2,2,3,1,1,2,2,5
"1211",10,15,0,"Hispanic",3,2,3,2,1,2,2,3,2,2,3,5
"1212",10,15,0,"Asian",3,2,2,3,2,3,3,3,2,2,2,5
"1213",10,15,0,"White",2,2,2,3,2,3,3,1,2,2,2,5
"1214",10,15,0,"White",3,3,3,3,1,3,2,3,2,2,3,5
"1215",10,15,1,"White",3,2,3,3,1,1,2,3,2,2,3,5
"1216",10,15,0,"White",3,2,3,3,3,3,3,3,3,3,2,5
"1217",10,15,0,"Hispanic",2,2,2,1,1,2,2,1,2,2,2,5
"1218",10,16,1,"Hispanic",1,1,2,2,1,2,3,2,3,3,2,5
"1219",10,16,0,"Asian",3,3,3,3,3,3,3,3,3,3,3,5
"1220",10,15,1,"Asian",3,2,3,3,2,2,3,3,3,2,3,5
"1221",10,15,1,"White",2,1,3,3,2,1,3,2,3,2,2,5
"1222",10,15,1,"Hispanic",3,2,3,3,2,3,3,2,2,3,3,5
"1223",10,15,1,"Other",1,2,2,3,3,1,3,1,3,2,3,5
"1224",10,15,0,"Other",1,3,2,3,1,1,3,2,3,3,2,5
"1225",11,16,1,"Hispanic",1,2,3,3,1,2,3,1,3,3,2,5
"1226",10,15,0,"White",2,2,3,2,2,1,3,1,2,3,2,5
"1227",10,15,1,"Hispanic",3,1,2,2,2,3,3,2,3,3,3,5
"1228",11,16,1,"White",2,2,3,2,3,2,1,2,1,3,3,5
"1229",11,16,0,"Asian",1,1,1,1,1,1,1,1,1,1,1,5
"1230",10,15,0,"White",2,1,1,1,2,2,3,1,2,2,1,5
"1231",11,16,0,"White",1,3,3,2,3,2,3,1,2,3,2,5
"1232",10,15,0,"White",1,1,2,1,1,3,1,1,3,3,1,5
"1233",11,16,0,"White",2,2,3,1,2,2,2,3,3,3,2,5
"1234",11,16,1,"White",1,2,3,2,1,1,3,3,3,3,1,5
"1235",11,16,1,"White",3,2,3,3,1,3,3,1,3,3,3,5
"1236",10,16,0,"Hispanic",3,2,2,2,1,3,1,1,2,2,1,5
"1237",11,16,0,"Black",1,1,1,1,1,1,1,1,1,1,1,5
"1238",11,16,1,"White",3,3,2,3,2,3,3,3,2,2,3,5
"1239",11,16,0,"Black",3,2,2,2,2,2,2,2,2,3,2,5
"1240",11,16,0,"Other",1,1,1,1,2,2,2,3,3,3,2,5
"1241",10,16,0,"Asian",2,2,3,2,2,2,3,1,2,3,2,5
"1242",11,16,0,"Hispanic",1,2,2,3,1,2,3,1,1,2,2,5
"1243",11,16,0,"Other",2,1,3,3,2,NA,NA,NA,NA,NA,NA,5
"1244",11,17,0,"White",1,2,2,3,2,1,3,2,3,3,2,5
"1245",11,17,1,"White",2,2,3,3,3,3,2,2,3,3,2,5
"1246",11,16,1,"White",3,3,3,2,2,2,3,1,2,2,3,5
"1247",11,16,1,"White",3,1,2,3,3,3,3,1,3,2,2,5
"1248",11,16,0,"Hispanic",2,2,3,2,2,1,3,1,2,2,2,5
"1249",11,16,0,"White",3,2,3,2,2,3,3,2,2,3,2,5
"1250",11,16,0,"White",3,2,2,3,3,2,3,2,2,2,2,5
"1251",10,15,0,"White",1,2,3,2,2,1,2,1,3,2,1,5
"1252",11,16,0,"Black",2,2,2,3,3,2,3,1,1,2,2,5
"1253",11,16,1,"Other",1,1,3,3,3,2,3,2,1,3,2,5
"1254",11,16,0,"Hispanic",1,1,2,2,2,1,3,2,1,2,2,5
"1255",11,16,1,"Hispanic",1,1,3,2,1,2,3,2,1,3,3,5
"1256",10,15,0,"White",3,2,2,3,2,2,3,1,1,2,1,5
"1257",11,16,0,"White",1,1,1,2,1,1,2,1,2,2,2,5
"1258",10,15,0,"White",2,2,2,2,3,3,3,1,3,2,3,5
"1259",11,16,0,"White",2,2,2,3,2,2,3,1,3,2,3,5
"1260",11,16,0,"White",3,2,2,2,1,1,2,1,1,2,2,5
"1261",10,15,1,"Asian",2,3,3,3,3,3,3,3,3,3,3,5
"1262",11,16,1,"Asian",3,3,3,3,3,3,3,3,3,3,3,5
"1263",6,22,1,"Black",1,1,1,1,1,1,1,3,1,1,1,5
"1264",10,15,1,"Hispanic",1,2,2,1,2,2,3,2,2,3,3,5
"1265",10,15,0,"White",3,2,3,3,2,1,3,2,3,3,2,5
"1266",10,16,1,"Asian",3,3,3,NA,3,2,3,3,2,3,2,5
"1267",10,15,0,"White",3,2,3,1,2,3,3,2,2,3,2,5
"1268",10,15,0,"White",3,3,3,3,2,1,3,3,3,3,3,5
"1269",10,15,1,"Hispanic",3,2,3,3,2,2,3,2,2,3,2,5
"1270",10,15,0,"White",3,3,3,3,2,2,3,3,2,3,3,5
"1271",10,15,1,"Other",3,2,2,2,3,3,3,3,2,2,3,5
"1272",10,15,0,"Black",2,1,1,1,1,1,1,1,1,1,1,5
"1273",10,15,0,"White",3,2,3,3,3,2,3,2,2,3,2,5
"1274",11,17,0,"Asian",3,3,3,3,3,3,3,3,3,3,3,5
"1275",11,16,1,"White",3,3,3,3,3,3,3,3,3,3,3,5
"1276",11,16,1,"Hispanic",1,2,2,2,3,1,2,3,2,2,1,5
"1277",10,16,1,"Asian",2,1,3,2,2,2,3,2,3,2,1,5
"1278",11,16,1,"White",3,2,2,2,2,2,2,1,3,3,2,5
"1279",10,15,1,"Other",3,2,3,3,2,3,3,3,3,3,3,5
"1280",6,22,1,"Other",3,3,3,3,2,3,3,3,2,3,3,5
"1281",11,16,1,"White",3,2,2,3,2,2,3,3,2,2,3,5
"1282",10,15,1,"Hispanic",2,1,2,3,2,2,3,2,1,3,1,5
"1283",11,16,0,"Hispanic",1,1,2,1,1,1,1,1,1,2,1,5
"1284",11,16,0,"White",3,2,3,3,1,3,3,3,3,3,1,5
"1285",11,16,1,"White",3,2,3,3,2,2,3,2,3,3,2,5
"1286",11,16,0,"Asian",3,3,3,3,3,3,3,3,3,3,2,5
"1287",11,16,0,"Hispanic",3,2,3,2,2,3,3,1,2,2,2,5
"1288",11,16,0,"White",2,2,2,2,2,2,2,2,2,2,2,5
"1289",11,16,1,"White",3,1,2,2,1,1,3,2,3,3,1,5
"1290",11,16,1,"Other",2,2,2,3,3,2,3,3,3,2,2,5
"1291",11,16,1,"Asian",2,2,2,2,2,2,3,3,3,2,3,5
"1292",11,17,0,"White",2,3,2,3,3,3,3,1,3,3,2,5
"1293",11,17,0,"White",2,3,2,3,1,2,3,1,3,2,1,5
"1294",11,16,0,"White",1,2,1,1,1,1,2,2,2,2,2,5
"1295",11,16,0,"White",3,3,3,3,2,2,3,2,3,2,1,5
"1296",11,16,0,"Other",2,2,2,2,2,2,2,2,2,2,2,5
"1297",11,16,0,"White",3,2,2,3,3,2,3,3,3,3,3,5
"1298",11,16,0,"White",3,2,3,3,2,3,3,3,3,3,2,5
"1299",10,15,0,"White",2,3,3,3,3,3,3,3,3,3,3,5
"1300",10,15,0,"Hispanic",2,2,3,1,2,3,3,1,2,3,2,5
"1301",10,16,0,"Hispanic",NA,NA,NA,NA,NA,NA,NA,NA,NA,NA,NA,5
"1302",10,15,0,"Other",2,2,2,2,2,2,2,1,1,2,2,5
"1303",10,16,0,"Black",1,1,2,2,1,1,2,1,3,2,2,5
"1304",10,15,1,"Other",1,2,3,2,1,3,2,1,1,3,2,5
"1305",10,15,0,"Hispanic",3,2,1,1,1,1,2,1,2,1,1,5
"1306",10,15,1,"Asian",2,2,3,3,3,3,3,3,2,3,2,5
"1307",10,15,0,"White",2,2,2,2,2,2,2,2,2,2,2,5
"1308",10,15,1,"Other",3,2,3,3,2,3,2,2,2,3,2,5
"1309",10,15,1,"Hispanic",2,2,3,3,3,3,3,3,3,3,1,5
"1310",10,15,0,"Hispanic",2,1,3,3,2,3,3,2,2,3,2,5
"1311",12,17,0,"White",3,2,3,3,2,2,2,2,2,2,3,5
"1312",10,16,0,"Hispanic",2,2,3,3,2,3,3,3,1,3,2,5
"1313",10,15,1,"Hispanic",3,2,3,2,2,3,3,3,2,3,3,5
"1314",10,15,0,"Hispanic",2,2,3,2,2,2,3,1,1,1,2,5
"1315",10,15,1,"White",2,2,3,3,2,2,3,3,2,2,3,5
"1316",12,17,0,"White",2,2,2,2,1,2,3,1,2,2,2,5
"1317",10,15,0,"Other",2,2,2,3,2,2,3,2,2,2,2,5
"1318",10,15,0,"Hispanic",3,2,2,2,3,3,3,1,2,2,2,5
"1319",12,18,1,"White",3,3,2,3,3,3,3,3,3,2,3,5
"1320",10,15,1,"Other",3,2,2,2,2,2,3,1,NA,2,NA,5
"1321",12,17,1,"Asian",3,3,3,3,2,2,3,3,3,3,2,5
"1322",12,17,1,"White",1,2,2,3,3,1,3,3,3,3,3,5
"1323",12,17,1,"Hispanic",3,2,3,2,3,3,3,3,3,3,2,5
"1324",12,17,1,"Asian",3,2,2,1,2,3,2,1,2,1,1,5
"1325",12,18,0,"Hispanic",1,2,3,2,3,1,3,2,1,3,2,5
"1326",12,17,1,"Other",1,2,1,3,1,3,3,1,3,1,2,5
"1327",12,17,0,"White",3,3,3,3,3,3,3,3,3,3,3,5
"1328",12,17,1,"Hispanic",3,3,3,2,2,3,3,3,3,3,3,5
"1329",12,17,1,"White",3,1,3,2,1,3,2,2,3,2,3,5
"1330",12,16,1,"Asian",3,2,3,3,2,3,3,2,2,3,3,5
"1331",12,17,1,"Other",2,2,3,3,3,3,3,3,2,3,3,5
"1332",12,17,1,"Hispanic",2,2,3,3,2,3,3,3,1,3,3,5
"1333",12,17,1,"Other",2,1,3,2,2,2,3,3,2,2,2,5
"1334",12,17,1,"White",3,2,3,3,2,1,3,2,3,2,2,5
"1335",12,17,0,"White",1,2,3,3,2,2,3,1,2,2,1,5
"1336",12,17,1,"Hispanic",2,2,3,1,1,1,3,2,1,2,2,5
"1337",12,17,1,"White",3,1,3,2,2,3,3,3,2,1,1,5
"1338",12,12,0,"White",1,1,2,3,3,3,1,3,3,3,3,5
"1339",12,17,0,"White",2,2,2,2,2,2,2,1,1,2,2,5
"1340",12,17,0,"White",2,3,3,3,3,3,3,2,3,3,3,5
"1341",12,17,0,"White",3,3,3,3,2,3,3,2,3,3,3,5
"1342",12,17,1,"Hispanic",3,3,3,3,2,2,2,3,1,2,1,5
"1343",12,17,0,"White",2,2,1,3,1,2,3,3,2,2,1,5
"1344",12,17,0,"Hispanic",3,2,2,3,2,2,3,3,1,2,3,5
"1345",12,17,0,"Asian",2,2,2,2,2,3,2,1,3,3,3,5
"1346",12,17,1,"Other",3,2,3,3,2,2,3,2,3,2,3,5
"1347",12,17,1,"White",3,2,2,2,3,2,3,3,3,3,3,5
"1348",12,17,0,"Asian",1,3,2,3,3,3,2,3,1,3,3,5
"1349",12,18,0,"White",2,2,2,3,3,2,3,2,3,3,1,5
"1350",12,17,0,"Black",2,1,2,2,2,2,3,1,2,2,3,5
"1351",12,17,0,"Other",3,2,3,3,3,3,3,3,2,3,1,5
"1352",12,16,0,"White",3,2,3,2,1,2,2,1,2,2,1,5
"1353",12,17,0,"White",1,2,3,2,1,2,3,1,3,2,2,5
"1354",12,17,0,"Hispanic",2,3,2,2,2,2,3,1,1,2,1,5
"1355",10,15,0,"White",3,2,3,2,1,2,2,1,3,2,3,5
"1356",12,17,0,"Hispanic",2,1,1,1,2,1,3,1,3,1,2,5
"1357",12,18,0,"Other",2,2,3,3,1,2,2,3,3,3,2,5
"1358",12,17,1,"White",3,2,3,3,3,2,3,3,1,3,3,5
"1359",12,17,0,"Black",3,1,2,3,3,2,3,3,2,2,2,5
"1360",12,17,0,"White",1,2,2,2,2,2,2,2,1,2,1,5
"1361",12,17,1,"Hispanic",1,1,2,1,3,1,3,3,1,3,3,5
"1362",12,17,1,"Hispanic",2,2,2,2,1,2,2,2,2,1,1,5
"1363",12,17,1,"Hispanic",2,3,2,2,3,1,1,1,3,1,2,5
"1364",10,15,0,"White",2,1,3,2,2,2,3,1,3,3,1,5
"1365",10,15,0,"Other",1,2,2,2,1,1,1,1,1,2,3,5
"1366",10,16,0,"White",3,3,2,3,2,2,3,3,3,2,2,5
"1367",11,16,1,"White",2,2,3,3,2,1,3,2,3,3,1,5
"1368",10,15,0,"White",3,3,3,3,3,3,3,3,3,3,3,5
"1369",11,16,1,"White",3,3,3,3,3,3,3,3,3,3,2,5
"1370",10,16,0,"Other",1,2,2,2,1,2,3,1,1,3,2,5
"1371",11,16,0,"White",2,3,3,3,3,3,2,2,3,2,3,5
"1372",10,16,1,"Asian",1,1,2,3,3,3,3,3,3,3,2,5
"1373",10,15,0,"White",3,3,2,3,3,2,3,1,3,3,3,5
"1374",10,15,0,"Hispanic",2,1,2,1,3,1,3,1,3,2,2,5
"1375",11,16,0,"Asian",2,3,2,2,2,2,2,1,3,2,3,5
"1376",10,15,0,"White",3,2,3,3,3,3,3,1,3,3,1,5
"1377",10,14,1,"Other",2,1,3,2,3,2,3,3,3,2,3,5
"1378",10,15,1,"Hispanic",3,2,3,3,2,2,3,2,2,3,2,5
"1379",10,15,0,"Black",2,1,2,3,2,1,3,1,2,3,3,5
"1380",11,16,1,"Hispanic",2,2,3,2,2,2,3,3,2,3,2,5
"1381",10,15,0,"Hispanic",1,1,2,2,2,2,3,1,3,3,2,5
"1382",11,15,0,"Hispanic",3,2,3,3,2,3,3,3,3,3,3,5
"1383",11,16,1,"White",2,2,2,3,3,1,3,3,3,2,3,5
"1384",11,16,1,"Hispanic",1,2,1,2,1,2,2,2,3,3,3,5
"1385",11,16,1,"Hispanic",1,2,1,1,3,2,2,1,1,3,2,5
"1386",11,16,0,"Hispanic",1,2,2,2,1,1,1,1,1,2,1,5
"1387",11,16,1,"White",2,3,3,2,3,2,3,3,3,3,2,5
"1388",11,16,0,"Asian",2,2,3,2,3,1,3,2,2,3,2,5
"1389",11,16,0,"Other",1,3,3,3,3,2,3,3,3,1,3,5
"1390",11,16,0,"White",3,2,3,3,3,3,3,1,3,3,1,5
"1391",11,17,1,"White",3,2,3,2,1,1,3,2,2,3,2,5
"1392",11,16,1,"White",3,3,3,3,2,1,2,3,3,2,2,5
"1393",11,16,0,"Other",2,2,2,2,3,2,2,1,2,2,2,5
"1394",10,16,0,"Other",3,3,3,3,3,3,3,3,3,3,3,5
"1395",11,16,0,"Hispanic",1,2,1,3,1,1,3,1,1,1,3,5
"1396",11,16,0,"Other",2,2,2,2,2,2,2,2,2,2,2,5
"1397",11,16,0,"Hispanic",2,2,3,1,2,1,3,2,3,2,3,5
"1398",11,16,0,"Black",1,1,1,1,1,1,1,1,1,1,1,5
"1399",11,17,0,"Hispanic",2,1,1,2,1,2,3,1,2,3,1,5
"1400",11,16,1,"White",3,2,3,2,2,2,3,3,3,2,2,5
"1401",11,16,1,"White",3,3,3,3,3,3,3,2,3,3,3,5
"1402",11,16,0,"White",3,2,2,3,1,3,3,2,2,2,3,5
"1403",11,17,0,"White",2,2,2,2,2,2,3,2,2,3,1,5
"1404",11,17,0,"White",2,2,3,2,2,2,3,2,2,3,1,5
"1405",12,17,0,"Asian",3,3,3,3,3,3,3,2,3,3,3,5
"1406",9,14,0,"White",NA,NA,NA,NA,NA,NA,NA,NA,NA,NA,NA,5
"1407",9,13,0,"Hispanic",1,1,3,2,2,2,3,1,3,2,3,5
"1408",9,14,0,"Asian",2,1,1,1,1,1,3,1,1,2,2,5
"1409",9,14,0,"White",2,3,1,2,1,2,2,1,1,1,2,5
"1410",9,14,0,"Hispanic",3,2,3,2,2,1,3,1,2,3,2,5
"1411",9,14,1,"Hispanic",1,2,2,2,2,3,3,3,3,1,1,5
"1412",9,14,0,"White",1,2,3,2,1,2,2,1,3,3,2,5
"1413",9,14,0,"White",2,3,2,3,1,3,3,3,2,3,2,5
"1414",9,14,0,"White",2,1,2,3,3,3,3,2,2,2,2,5
"1415",9,15,1,"Hispanic",2,2,3,2,2,2,3,3,2,2,3,5
"1416",9,14,0,"Hispanic",1,1,2,1,2,1,3,1,2,3,1,5
"1417",9,14,1,"White",3,3,2,2,2,2,3,3,3,2,2,5
"1418",9,14,0,"White",2,2,3,3,2,1,3,1,3,3,2,5
"1419",9,14,0,"White",1,2,2,1,1,2,1,1,1,2,1,5
"1420",9,14,1,"Hispanic",1,3,1,2,3,1,3,3,1,1,2,5
"1421",9,15,0,"Hispanic",1,1,1,1,1,1,1,1,1,1,1,5
"1422",9,14,0,"Hispanic",1,1,2,2,3,2,3,1,2,2,2,5
"1423",9,15,0,"Other",3,2,3,2,2,3,3,1,2,2,1,5
"1424",9,15,0,"White",2,2,2,2,2,1,2,1,1,2,3,5
"1425",9,14,0,"Hispanic",2,2,2,2,3,2,3,2,2,3,2,5
"1426",9,14,0,"Hispanic",3,2,3,2,3,3,3,1,3,3,2,5
"1427",9,14,0,"Hispanic",2,2,1,1,2,1,3,1,3,3,2,5
"1428",9,15,0,"Hispanic",1,2,3,2,2,2,3,1,2,2,2,5
"1429",9,14,0,"Asian",2,2,1,1,2,1,2,1,1,2,3,5
"1430",9,14,1,"Hispanic",1,3,2,3,3,3,3,3,1,2,3,5
"1431",9,14,0,"Hispanic",2,3,3,3,3,2,3,3,3,3,3,5
"1432",9,14,1,"Hispanic",2,2,3,3,3,1,3,3,3,3,3,5
"1433",9,15,0,"Hispanic",2,2,3,2,1,2,2,1,3,2,2,5
"1434",9,14,1,"White",2,2,3,3,3,2,3,2,3,3,2,5
"1435",9,14,0,"Asian",2,2,3,2,2,1,3,2,2,2,1,5
"1436",9,14,0,"Asian",1,2,2,1,1,1,2,1,1,2,2,5
"1437",9,14,0,"White",2,1,3,3,2,2,3,2,3,2,3,5
"1438",9,14,0,"Hispanic",3,2,3,2,1,1,3,1,1,3,3,5
"1439",9,15,0,"Hispanic",1,1,2,3,2,1,3,2,1,1,2,5
"1440",9,14,0,"White",3,2,3,2,3,2,3,1,3,2,1,5
"1441",9,14,1,"Hispanic",2,2,2,3,2,2,3,1,1,3,3,5
"1442",9,15,1,"White",2,2,3,3,3,2,3,3,2,3,3,5
"1443",9,14,0,"Hispanic",2,2,1,2,1,1,3,1,3,1,2,5
"1444",9,14,1,"Hispanic",2,1,2,2,1,2,3,2,2,2,2,5
"1445",9,14,0,"Asian",2,2,3,3,3,2,3,2,3,3,2,5
"1446",9,14,0,"White",1,2,2,1,1,1,2,1,1,1,2,5
"1447",9,14,0,"Hispanic",2,2,3,3,2,1,2,2,1,1,2,5
"1448",9,14,0,"Hispanic",3,2,2,2,3,3,3,2,2,2,2,5
"1449",9,14,1,"Hispanic",3,2,3,2,3,2,2,2,2,2,2,5
"1450",9,14,0,"White",3,3,3,3,2,2,3,3,3,2,3,5
"1451",9,16,0,"Asian",2,2,3,2,2,3,3,1,3,3,3,5
"1452",9,15,0,"White",3,1,3,3,2,2,1,1,3,2,3,5
"1453",9,14,1,"Other",2,1,3,2,2,1,2,3,3,3,2,5
"1454",9,14,1,"Hispanic",2,1,3,2,2,2,3,2,2,3,3,5
"1455",9,14,0,"Hispanic",1,3,3,3,2,1,3,3,3,3,1,5
"1456",9,15,0,"White",2,2,1,2,2,3,3,1,2,1,1,5
"1457",9,14,0,"Hispanic",2,1,2,2,2,2,3,2,3,2,2,5
"1458",9,14,0,"Hispanic",2,2,3,2,2,3,3,1,1,3,3,5
"1459",9,14,1,"Hispanic",3,1,2,3,1,1,3,2,1,1,2,5
"1460",9,13,0,"Hispanic",1,2,2,1,1,1,2,2,3,3,3,5
"1461",9,13,0,"White",2,1,2,2,1,3,3,3,3,1,3,5
"1462",9,14,0,"Other",1,1,1,2,1,1,3,2,2,3,3,5
"1463",9,14,0,"White",2,3,3,3,3,1,2,3,3,2,1,5
"1464",9,14,1,"Asian",2,3,2,2,1,1,3,2,2,1,1,5
"1465",9,15,0,"Other",3,3,2,2,1,2,1,1,3,1,1,5
"1466",9,14,0,"White",2,1,2,1,1,1,3,1,1,1,3,5
"1467",9,14,0,"Hispanic",3,2,3,1,2,2,3,1,2,2,2,5
"1468",9,14,0,"White",3,2,3,2,3,3,3,2,2,3,2,5
"1469",9,14,0,"Other",3,2,3,3,2,2,3,1,2,3,1,5
"1470",9,14,1,"Other",3,2,3,3,2,3,2,2,3,2,2,5
"1471",9,14,1,"Hispanic",2,1,3,1,3,1,3,2,1,3,2,5
"1472",9,14,1,"Other",2,2,2,3,2,2,3,3,1,2,2,5
"1473",9,15,0,"White",2,3,3,3,1,2,3,3,2,3,1,5
"1474",9,14,1,"Other",2,2,2,3,1,2,3,3,1,3,1,5
"1475",9,14,0,"Hispanic",3,2,1,2,1,2,3,1,2,1,1,5
"1476",9,14,1,"White",2,2,3,3,2,2,2,3,3,2,2,5
"1477",9,14,0,"Hispanic",3,1,3,2,2,3,3,2,3,3,2,5
"1478",9,15,0,"White",2,2,3,2,3,2,3,1,3,3,2,5
"1479",9,14,1,"Other",3,3,2,2,1,1,3,1,2,2,3,5
"1480",9,14,0,"Hispanic",2,1,3,2,2,2,3,2,2,2,3,5
"1481",9,14,0,"Hispanic",2,2,2,2,1,1,2,1,2,1,2,5
"1482",9,14,0,"Hispanic",1,1,1,2,1,2,3,1,2,1,1,5
"1483",9,15,0,"Hispanic",2,3,3,3,2,1,3,1,2,2,1,5
"1484",9,14,0,"White",3,2,3,1,1,1,3,1,1,3,3,5
"1485",9,15,1,"White",2,3,2,3,2,2,3,2,2,3,1,5
"1486",9,14,0,"White",2,1,2,1,1,1,1,1,3,1,1,5
"1487",9,15,0,"White",1,1,1,1,1,1,1,1,1,1,1,5
"1488",9,14,0,"White",2,2,1,2,2,2,3,2,1,1,2,5
"1489",9,14,0,"Hispanic",2,3,3,3,3,1,3,3,3,3,3,5
"1490",9,14,0,"White",3,1,3,2,2,3,3,3,3,2,2,5
"1491",9,14,0,"Hispanic",2,1,2,3,2,2,3,1,2,2,2,5
"1492",9,14,0,"Hispanic",2,2,2,2,2,1,3,1,2,1,1,5
"1493",9,14,0,"White",3,2,2,3,2,2,2,2,1,1,2,5
"1494",9,14,0,"White",3,3,2,3,2,3,3,2,2,1,3,5
"1495",9,14,1,"White",2,2,2,2,2,1,2,2,2,1,2,5
"1496",9,15,0,"White",1,2,1,1,1,2,1,1,2,2,1,5
"1497",9,14,0,"White",3,2,3,2,2,3,3,1,3,2,2,5
"1498",9,14,1,"Hispanic",2,1,2,2,3,1,3,1,1,1,2,5
"1499",9,14,1,"White",2,3,2,2,2,2,3,2,1,2,2,5
"1500",9,14,0,"Other",2,1,3,2,1,3,3,1,2,1,3,5
"1501",9,14,0,"White",2,2,3,3,2,2,3,1,3,2,2,5
"1502",9,14,1,"White",3,2,2,2,3,2,3,2,1,1,3,5
"1503",9,14,0,"White",3,2,1,1,2,1,2,1,1,2,2,5
"1504",9,14,0,"Hispanic",2,2,3,2,1,2,3,1,3,2,2,5
"1505",9,14,0,"White",2,3,3,2,1,2,3,2,2,2,3,5
"1506",9,14,0,"Other",2,2,3,2,2,2,2,1,1,3,3,5
"1507",9,15,0,"White",2,3,3,3,2,2,2,2,2,1,1,5
"1508",9,14,1,"Hispanic",3,2,2,3,1,3,3,2,1,2,2,5
"1509",9,14,1,"Hispanic",2,2,3,2,2,2,3,2,3,2,2,5
"1510",NA,NA,NA,NA,NA,NA,NA,NA,NA,NA,NA,NA,NA,NA,NA,5
"1511",NA,NA,NA,NA,NA,NA,NA,NA,NA,NA,NA,NA,NA,NA,NA,5
"1512",NA,NA,NA,NA,NA,NA,NA,NA,NA,NA,NA,NA,NA,NA,NA,5
"1513",NA,NA,NA,NA,NA,NA,NA,NA,NA,NA,NA,NA,NA,NA,NA,5
"1514",10,15,0,"Black",NA,NA,NA,NA,NA,NA,NA,NA,NA,NA,NA,5
"1515",10,15,0,"Other",NA,NA,NA,NA,NA,NA,NA,NA,NA,NA,NA,5
"1516",10,15,NA,NA,NA,NA,NA,NA,NA,NA,NA,NA,NA,NA,NA,5
"1517",10,16,0,"White",1,2,1,3,1,1,3,1,2,3,2,5
"1518",11,16,0,"White",NA,NA,NA,NA,NA,NA,NA,NA,NA,NA,NA,5
"1519",10,15,0,NA,NA,NA,NA,NA,NA,NA,NA,NA,NA,NA,NA,5
"1520",11,16,0,"Hispanic",1,2,2,2,1,2,2,1,1,3,2,5
"1521",12,17,0,"White",2,2,3,3,2,2,3,2,2,2,2,5
"1522",11,16,0,"Asian",NA,NA,NA,NA,NA,NA,NA,NA,NA,NA,NA,5
"1523",11,16,0,"White",NA,NA,NA,NA,NA,NA,NA,NA,NA,NA,NA,5
"1524",10,15,0,NA,NA,NA,NA,NA,NA,NA,NA,NA,NA,NA,NA,5
"1525",11,NA,NA,NA,NA,NA,NA,NA,NA,NA,NA,NA,NA,NA,NA,5
"1526",11,16,0,"Black",NA,NA,NA,NA,NA,NA,NA,NA,NA,NA,NA,5
"1527",11,16,0,"Black",2,3,3,3,3,1,3,3,3,3,2,5
"1528",10,15,0,"White",NA,NA,NA,NA,NA,NA,NA,NA,NA,NA,NA,5
"1529",10,15,0,"White",2,1,3,1,1,2,3,1,3,2,2,5
"1530",6,10,1,"Other",NA,NA,NA,NA,NA,NA,NA,NA,NA,NA,NA,5
"1531",10,16,0,"Hispanic",NA,NA,NA,NA,NA,NA,NA,NA,NA,NA,NA,5
"1532",NA,NA,NA,NA,NA,NA,NA,NA,NA,NA,NA,NA,NA,NA,NA,5
"1533",NA,NA,NA,NA,NA,NA,NA,NA,NA,NA,NA,NA,NA,NA,NA,5
"1534",11,16,NA,NA,NA,NA,NA,NA,NA,NA,NA,NA,NA,NA,NA,5
"1535",11,16,0,"Hispanic",1,1,2,1,1,1,1,1,1,2,1,5
"1536",6,22,1,"Other",3,3,3,3,3,1,3,3,3,3,3,5
"1537",11,16,0,"White",2,1,3,2,2,1,3,2,2,2,3,5
"1538",6,22,1,"Other",NA,NA,NA,NA,NA,NA,NA,NA,NA,NA,NA,5
"1539",11,16,0,"White",3,3,3,3,2,2,3,2,3,3,3,5
"1540",10,16,0,"Hispanic",2,2,2,3,2,2,3,1,1,2,2,5
"1541",10,16,0,"Hispanic",3,2,3,2,2,2,3,3,2,2,2,5
"1542",11,16,0,"White",3,2,3,2,2,1,3,1,3,2,2,5
"1543",10,15,1,"Hispanic",2,1,2,2,2,1,2,1,3,2,2,5
"1544",6,10,NA,NA,NA,NA,NA,NA,NA,NA,NA,NA,NA,NA,NA,5
"1545",12,17,1,"White",NA,NA,NA,NA,NA,NA,NA,NA,NA,NA,NA,5
"1546",10,15,0,"Hispanic",NA,NA,NA,NA,NA,NA,NA,NA,NA,NA,NA,5
"1547",10,16,0,"White",3,1,3,1,2,1,2,1,2,2,2,5
"1548",12,17,1,"Black",NA,NA,NA,NA,NA,NA,NA,NA,NA,NA,NA,5
"1549",10,16,0,"White",NA,NA,NA,NA,NA,NA,NA,NA,NA,NA,NA,5
"1550",12,17,1,"Other",2,2,2,2,2,1,3,1,3,1,1,5
"1551",12,17,0,"Hispanic",2,1,3,1,1,1,3,1,1,3,1,5
"1552",12,17,0,"White",3,3,3,2,2,1,2,1,3,2,2,5
"1553",12,17,1,"Hispanic",NA,NA,NA,NA,NA,NA,NA,NA,NA,NA,NA,5
"1554",12,17,1,"Black",1,2,3,2,1,1,3,2,2,2,2,5
"1555",10,15,0,"White",NA,NA,NA,NA,NA,NA,NA,NA,NA,NA,NA,5
"1556",11,15,0,"Hispanic",NA,NA,NA,NA,NA,NA,NA,NA,NA,NA,NA,5
"1557",10,15,0,"Hispanic",NA,NA,NA,NA,NA,NA,NA,NA,NA,NA,NA,5
"1558",11,17,0,"White",2,2,3,2,2,2,3,2,1,3,1,5
"1559",9,15,0,"Other",NA,NA,NA,NA,NA,NA,NA,NA,NA,NA,NA,5
"1560",9,15,0,"Other",2,2,2,2,1,2,2,2,2,2,2,5
"1561",9,14,0,"Hispanic",3,2,3,2,2,3,3,3,3,3,3,5
"1562",9,14,1,"Hispanic",2,2,3,2,2,2,3,2,3,2,2,5
"1563",9,14,0,"Other",NA,NA,NA,NA,NA,NA,NA,NA,NA,NA,NA,5
"1564",9,14,1,"Other",NA,NA,NA,NA,NA,NA,NA,NA,NA,NA,NA,5
"1565",9,15,0,"White",NA,NA,NA,NA,NA,NA,NA,NA,NA,NA,NA,5
"1566",9,14,0,"White",NA,NA,NA,NA,NA,NA,NA,NA,NA,NA,NA,5
"1567",9,15,0,"White",NA,NA,NA,NA,NA,NA,NA,NA,NA,NA,NA,5
"1568",NA,NA,NA,NA,NA,NA,NA,NA,NA,NA,NA,NA,NA,NA,NA,5
"1569",9,14,0,"Hispanic",NA,NA,NA,NA,NA,NA,NA,NA,NA,NA,NA,5
"1570",9,NA,NA,NA,NA,NA,NA,NA,NA,NA,NA,NA,NA,NA,NA,5
"1571",9,14,1,"Other",1,1,2,2,2,1,3,2,1,2,2,5
"1572",9,14,0,"Hispanic",2,1,3,2,2,2,2,1,2,2,2,5
"1573",9,14,1,"Other",NA,2,3,3,3,2,2,3,2,3,3,5
"1574",9,14,0,"White",3,2,2,3,2,2,3,1,3,1,2,5
"1575",NA,NA,NA,NA,NA,NA,NA,NA,NA,NA,NA,NA,NA,NA,NA,5
"1576",8,14,1,"White",2,2,3,2,3,2,3,3,3,3,1,6
"1577",8,14,1,"White",3,3,3,3,2,3,3,2,2,3,2,6
"1578",8,13,1,"White",2,1,3,3,2,2,3,3,2,3,3,6
"1579",8,13,1,"White",3,2,3,2,3,2,3,2,1,2,1,6
"1580",8,14,1,"White",2,3,2,3,3,3,3,2,3,2,1,6
"1581",8,13,1,"White",2,1,2,3,2,2,3,3,2,3,3,6
"1582",8,13,1,"White",2,2,2,2,2,2,3,2,2,3,2,6
"1583",8,13,1,"White",2,1,2,3,2,2,3,2,3,2,1,6
"1584",8,13,1,"Black",3,2,2,2,3,2,3,1,2,2,1,6
"1585",8,13,1,"White",3,2,3,3,2,2,3,3,3,2,2,6
"1586",8,14,1,"White",3,2,2,2,2,2,3,1,2,2,2,6
"1587",7,12,1,"Asian",3,2,3,3,3,2,3,3,3,3,2,6
"1588",8,14,1,"White",3,3,3,2,3,3,3,2,3,2,3,6
"1589",8,14,1,"White",3,1,3,2,2,2,2,3,2,2,2,6
"1590",8,14,1,"White",2,2,3,3,2,2,3,1,2,3,2,6
"1591",8,13,1,"White",3,2,3,2,3,2,3,3,2,2,2,6
"1592",7,12,1,"White",3,2,2,3,2,3,2,3,3,2,2,6
"1593",7,13,1,"White",3,2,3,3,2,3,2,3,3,2,2,6
"1594",8,14,1,"White",2,2,3,3,2,2,3,3,2,2,1,6
"1595",7,13,1,"White",2,2,3,2,1,3,2,1,2,3,1,6
"1596",7,13,1,"White",3,2,3,3,2,3,3,2,3,3,2,6
"1597",7,12,1,"Asian",3,3,3,3,2,3,3,2,2,2,2,6
"1598",7,12,1,"White",3,3,3,3,2,2,3,3,3,2,3,6
"1599",8,13,1,"White",3,2,3,3,3,3,3,3,3,3,2,6
"1600",8,13,1,"White",3,3,2,1,2,2,3,1,3,2,2,6
"1601",7,12,1,"White",3,2,2,3,2,2,3,3,2,2,2,6
"1602",7,13,1,"White",3,1,3,2,3,2,3,3,3,2,2,6
"1603",7,12,1,"White",3,2,3,3,3,3,3,2,2,3,1,6
"1604",7,12,1,"White",2,3,3,2,2,1,3,2,2,2,2,6
"1605",8,14,1,"Asian",2,1,2,1,2,1,3,1,1,2,2,6
"1606",7,12,1,"Asian",2,2,2,2,2,3,3,2,3,2,2,6
"1607",7,12,1,"Asian",2,2,2,2,2,3,3,1,3,2,2,6
"1608",8,13,1,"White",3,2,2,3,3,3,3,2,3,2,2,6
"1609",7,13,1,"White",3,2,3,3,2,2,3,3,2,3,3,6
"1610",7,12,1,"White",3,2,3,2,2,2,3,3,3,2,3,6
"1611",8,14,1,"White",2,2,2,2,3,2,2,1,2,2,3,6
"1612",7,12,1,"White",3,2,2,3,3,3,3,3,3,2,2,6
"1613",7,13,1,"White",3,2,2,3,3,2,3,1,1,3,3,6
"1614",8,14,1,"White",3,2,2,3,3,2,3,2,3,2,2,6
"1615",7,12,1,"White",2,2,3,2,2,2,3,2,1,2,3,6
"1616",7,12,1,"White",2,2,3,3,2,2,3,2,1,2,1,6
"1617",7,12,1,"Asian",3,2,3,3,2,2,3,3,3,2,2,6
"1618",7,13,1,"White",3,2,3,2,2,1,3,1,2,2,2,6
"1619",7,12,1,"White",3,3,3,3,3,3,3,2,2,2,2,6
"1620",7,12,1,"White",3,2,3,2,3,1,3,1,1,2,2,6
"1621",7,12,1,"White",3,2,3,2,3,1,3,1,2,3,2,6
"1622",7,12,1,"White",3,2,3,1,3,1,3,2,2,2,2,6
"1623",7,12,1,"Other",3,2,3,1,3,2,3,3,2,3,2,6
"1624",7,13,1,"White",3,2,2,2,2,1,2,2,2,3,1,6
"1625",8,14,1,"Other",2,1,3,3,2,2,3,1,1,2,1,6
"1626",6,11,1,"White",2,2,3,3,3,2,3,3,3,3,2,6
"1627",6,11,1,"White",3,3,3,3,3,3,3,3,3,3,3,6
"1628",6,12,1,"White",3,2,2,2,2,2,3,2,2,2,1,6
"1629",6,11,1,"White",3,3,3,2,2,3,2,1,3,2,1,6
"1630",6,12,1,"White",3,2,3,2,3,3,3,2,3,3,2,6
"1631",6,11,1,"Other",2,2,3,2,1,2,2,1,2,3,2,6
"1632",6,11,1,"White",2,2,3,2,2,3,3,2,3,2,2,6
"1633",6,11,1,"White",2,3,2,2,2,3,3,2,2,2,2,6
"1634",6,11,1,"White",3,3,3,2,1,1,3,1,2,3,2,6
"1635",6,11,1,"Hispanic",3,2,3,2,2,2,3,3,3,2,2,6
"1636",6,12,1,"Asian",3,2,2,1,3,2,3,2,2,3,2,6
"1637",6,12,1,"Asian",2,1,2,2,2,1,2,1,2,3,2,6
"1638",6,11,1,"White",2,3,3,3,3,3,3,3,3,3,2,6
"1639",6,12,1,"White",2,1,3,3,2,2,3,2,3,3,2,6
"1640",6,11,1,"White",3,3,3,2,1,3,1,3,3,2,2,6
"1641",6,11,1,"White",3,2,3,2,3,2,3,2,2,2,2,6
"1642",6,11,1,"White",3,3,3,3,3,2,3,3,3,2,2,6
"1643",6,11,1,"White",3,2,3,3,2,2,3,3,3,3,2,6
"1644",6,11,1,"White",2,3,2,3,2,2,3,1,1,3,2,6
"1645",6,11,1,"White",3,1,2,2,3,3,3,1,2,2,2,6
"1646",6,11,1,"White",2,3,3,3,3,3,3,2,3,3,3,6
"1647",6,12,1,"White",2,1,2,2,2,1,3,2,3,1,2,6
"1648",6,11,1,"White",3,2,3,2,2,1,3,2,2,3,1,6
"1649",6,11,1,"White",3,2,3,2,2,3,2,2,3,3,2,6
"1650",6,11,1,"White",2,1,3,2,2,1,3,1,1,2,2,6
"1651",6,11,1,"Asian",3,2,2,1,3,2,3,2,3,2,2,6
"1652",6,11,1,"White",3,2,3,2,2,2,3,1,3,2,3,6
"1653",8,13,1,"White",3,2,2,3,2,2,3,3,3,3,1,6
"1654",7,13,1,"White",3,2,2,3,2,2,3,3,3,2,3,6
"1655",8,13,1,"White",3,2,2,2,2,1,3,2,1,2,2,6
"1656",NA,NA,NA,NA,NA,NA,NA,NA,NA,NA,NA,NA,NA,NA,NA,6
"1657",NA,NA,NA,NA,NA,NA,NA,NA,NA,NA,NA,NA,NA,NA,NA,6
"1658",8,13,1,"White",3,2,3,3,3,2,3,2,1,2,2,6
"1659",8,13,1,"White",NA,NA,NA,NA,NA,NA,NA,NA,NA,NA,NA,6
"1660",7,13,1,"White",NA,NA,NA,NA,NA,NA,NA,NA,NA,NA,NA,6
"1661",NA,NA,NA,NA,NA,NA,NA,NA,NA,NA,NA,NA,NA,NA,NA,6
"1662",6,12,1,"White",3,1,3,3,2,2,2,1,3,2,1,6
"1663",6,12,1,"White",NA,NA,NA,NA,NA,NA,NA,NA,NA,NA,NA,6
"1664",7,13,1,"White",NA,NA,NA,NA,NA,NA,NA,NA,NA,NA,NA,6
"1665",8,14,1,NA,NA,NA,NA,NA,NA,NA,NA,NA,NA,NA,NA,6
"1666",7,13,1,"White",3,3,3,3,3,3,3,2,3,2,2,6
"1667",7,13,1,"White",3,3,3,3,3,3,3,2,3,3,2,6
"1668",7,13,1,"White",NA,NA,NA,NA,NA,NA,NA,NA,NA,NA,NA,6
"1669",NA,NA,NA,NA,NA,NA,NA,NA,NA,NA,NA,NA,NA,NA,NA,6
"1670",NA,NA,NA,NA,NA,NA,NA,NA,NA,NA,NA,NA,NA,NA,NA,6
"1671",7,13,1,"White",NA,NA,NA,NA,NA,NA,NA,NA,NA,NA,NA,6
"1672",NA,NA,NA,NA,NA,NA,NA,NA,NA,NA,NA,NA,NA,NA,NA,6
"1673",7,13,1,"White",NA,NA,NA,NA,NA,NA,NA,NA,NA,NA,NA,6
"1674",NA,NA,NA,NA,NA,NA,NA,NA,NA,NA,NA,NA,NA,NA,NA,6
"1675",NA,NA,NA,NA,NA,NA,NA,NA,NA,NA,NA,NA,NA,NA,NA,6
"1676",NA,NA,NA,NA,NA,NA,NA,NA,NA,NA,NA,NA,NA,NA,NA,6
"1677",NA,NA,NA,NA,NA,NA,NA,NA,NA,NA,NA,NA,NA,NA,NA,7
"1678",9,14,0,"White",3,2,2,2,2,1,3,1,3,2,2,7
"1679",9,14,1,"Hispanic",3,1,2,1,1,1,1,2,3,1,1,7
"1680",9,14,0,"Other",2,1,2,1,1,1,2,1,3,1,2,7
"1681",9,15,0,"White",1,3,1,3,3,1,3,1,1,3,3,7
"1682",9,15,0,"Asian",2,1,2,3,2,1,2,1,1,2,1,7
"1683",9,14,0,"Hispanic",3,3,3,3,1,1,1,1,1,2,1,7
"1684",9,14,0,"White",3,2,2,3,1,2,2,3,1,3,2,7
"1685",9,14,1,"Asian",2,1,2,2,1,2,3,2,2,2,2,7
"1686",9,14,0,"Black",3,2,3,3,2,3,3,2,2,2,2,7
"1687",9,14,0,"Hispanic",2,1,1,1,1,1,1,2,1,2,1,7
"1688",9,14,1,"Hispanic",1,2,1,2,2,1,3,3,2,2,2,7
"1689",9,14,0,"Asian",1,1,1,1,1,1,1,1,2,2,2,7
"1690",9,14,0,"Hispanic",1,1,1,1,1,1,2,1,1,1,1,7
"1691",9,14,1,"Asian",2,2,2,2,2,2,2,2,2,2,2,7
"1692",9,14,1,"White",3,2,3,3,2,2,3,2,3,2,2,7
"1693",9,14,0,"Hispanic",3,1,2,2,2,2,3,2,2,1,2,7
"1694",9,14,1,"Hispanic",1,2,3,3,2,2,3,3,2,2,2,7
"1695",9,14,1,"Hispanic",2,3,2,3,2,2,3,3,3,3,2,7
"1696",9,14,0,"Hispanic",3,2,3,1,3,2,3,3,3,2,3,7
"1697",9,16,1,"Hispanic",3,3,3,3,1,2,2,3,2,3,2,7
"1698",9,14,0,"Hispanic",1,1,NA,NA,2,1,2,2,1,2,2,7
"1699",9,13,0,"Hispanic",2,2,2,2,2,2,2,2,2,2,2,7
"1700",9,14,1,"Other",3,2,3,2,2,2,3,3,3,3,3,7
"1701",9,14,1,"Black",2,2,3,2,2,3,3,2,3,2,3,7
"1702",9,14,0,"Hispanic",2,1,2,2,3,1,3,2,2,2,3,7
"1703",9,14,1,"Hispanic",3,2,3,2,2,2,3,1,2,1,1,7
"1704",9,14,1,"Hispanic",2,2,3,3,2,2,3,2,1,2,3,7
"1705",9,14,0,"Asian",3,2,3,2,3,3,3,1,3,3,3,7
"1706",NA,NA,NA,NA,NA,NA,NA,NA,NA,NA,NA,NA,NA,NA,NA,7
"1707",9,NA,NA,NA,NA,NA,NA,NA,NA,NA,NA,NA,NA,NA,NA,7
"1708",9,14,1,"Hispanic",NA,NA,NA,NA,NA,NA,NA,NA,NA,NA,NA,7
"1709",9,14,1,"Hispanic",NA,NA,NA,NA,NA,NA,NA,NA,NA,NA,NA,7
"1710",9,14,0,"Hispanic",NA,NA,NA,NA,NA,NA,NA,NA,NA,NA,NA,7
"1711",9,14,1,"Hispanic",NA,NA,NA,NA,NA,NA,NA,NA,NA,NA,NA,7
"1712",9,14,1,NA,NA,NA,NA,NA,NA,NA,NA,NA,NA,NA,NA,7
"1713",9,14,1,"Other",NA,NA,NA,NA,NA,NA,NA,NA,NA,NA,NA,7
"1714",NA,NA,NA,NA,NA,NA,NA,NA,NA,NA,NA,NA,NA,NA,NA,7
"1715",NA,NA,NA,NA,NA,NA,NA,NA,NA,NA,NA,NA,NA,NA,NA,7
"1716",NA,NA,NA,NA,NA,NA,NA,NA,NA,NA,NA,NA,NA,NA,NA,7
"1717",NA,NA,NA,NA,NA,NA,NA,NA,NA,NA,NA,NA,NA,NA,NA,7
"1718",9,14,0,"Hispanic",NA,NA,NA,NA,NA,NA,NA,NA,NA,NA,NA,7
"1719",9,14,1,"Asian",2,2,3,2,2,1,2,2,3,2,2,7
"1720",9,NA,NA,"Other",NA,NA,NA,NA,NA,NA,NA,NA,NA,NA,NA,7
"1721",NA,NA,NA,NA,NA,NA,NA,NA,NA,NA,NA,NA,NA,NA,NA,7
"1722",9,14,0,"Other",3,2,1,1,1,2,3,2,1,2,2,7
"1723",11,15,0,"Other",2,NA,NA,NA,NA,NA,2,NA,NA,NA,2,7
"1724",9,14,1,"Black",2,3,3,2,2,3,3,2,3,2,3,7
"1725",NA,NA,NA,NA,NA,NA,NA,NA,NA,NA,NA,NA,NA,NA,NA,7
"1726",8,13,1,"Asian",3,2,3,2,3,3,3,2,3,3,3,7
"1727",8,13,1,NA,2,1,1,1,1,2,2,1,1,1,2,7
"1728",8,13,0,"Hispanic",3,1,3,1,3,2,3,1,2,3,2,7
"1729",8,13,0,"Hispanic",2,2,3,3,3,2,3,3,2,3,2,7
"1730",8,13,1,"Asian",3,3,3,3,3,3,3,1,3,1,2,7
"1731",8,13,1,"Hispanic",2,2,3,2,2,3,3,3,2,3,3,7
"1732",8,13,0,"Asian",3,2,2,3,1,2,2,2,2,2,2,7
"1733",8,14,1,"Hispanic",3,2,3,2,2,3,2,2,1,3,1,7
"1734",8,14,0,"Hispanic",3,2,3,3,3,3,3,1,3,NA,3,7
"1735",8,13,1,"Other",2,2,2,2,2,2,2,3,2,1,2,7
"1736",8,13,1,"Asian",2,1,3,3,2,2,3,2,3,1,2,7
"1737",8,14,1,"White",1,1,1,1,1,1,1,1,1,2,3,7
"1738",8,13,0,"White",3,2,3,2,2,2,3,1,1,2,3,7
"1739",8,13,0,"Hispanic",3,2,2,2,1,2,3,1,2,2,2,7
"1740",8,13,1,"Hispanic",3,1,3,2,2,2,3,3,1,3,2,7
"1741",8,13,1,"Asian",3,2,3,3,2,2,3,2,3,2,2,7
"1742",8,13,0,"Hispanic",3,2,3,3,3,2,3,2,2,2,3,7
"1743",8,13,1,"Hispanic",2,1,3,1,3,2,3,3,3,3,3,7
"1744",8,14,1,"Hispanic",2,1,2,2,2,2,3,2,1,2,2,7
"1745",8,13,1,"Asian",2,2,3,3,2,3,3,3,3,3,2,7
"1746",8,14,1,"White",2,2,2,2,2,2,3,2,2,3,3,7
"1747",8,13,0,"Black",3,3,3,3,3,3,3,1,3,3,3,7
"1748",8,13,0,"White",2,1,1,2,1,1,3,3,1,2,2,7
"1749",8,13,1,"Hispanic",1,1,2,1,3,3,2,3,3,3,1,7
"1750",8,13,0,"White",2,1,2,2,1,2,2,1,2,2,2,7
"1751",8,14,0,"Hispanic",3,1,3,1,3,3,3,2,3,3,2,7
"1752",8,13,0,"Asian",2,1,2,2,2,3,3,2,1,2,2,7
"1753",8,13,0,"Asian",2,2,2,2,2,3,3,2,1,2,3,7
"1754",8,13,1,"Other",2,3,2,2,2,2,3,2,2,3,3,7
"1755",8,13,1,"Hispanic",2,1,2,3,2,1,3,2,1,1,2,7
"1756",8,13,0,"Black",2,2,2,2,1,1,2,1,1,2,2,7
"1757",8,14,1,"Asian",3,3,3,2,2,2,3,2,3,3,3,7
"1758",8,13,0,"Black",3,2,2,2,2,1,3,2,3,2,2,7
"1759",8,13,1,"Hispanic",3,2,3,2,3,2,3,2,1,2,2,7
"1760",8,13,1,"Hispanic",1,1,2,2,1,2,3,1,1,2,3,7
"1761",8,13,0,"Asian",3,2,3,3,2,3,3,3,3,3,3,7
"1762",8,13,1,"Hispanic",2,2,3,3,2,3,3,3,3,2,3,7
"1763",8,13,1,"Hispanic",NA,1,3,2,3,2,3,2,2,2,2,7
"1764",8,13,1,"Hispanic",1,2,1,2,1,2,3,3,1,2,2,7
"1765",8,13,0,"Asian",2,2,2,2,2,2,2,1,3,2,2,7
"1766",8,13,0,"Hispanic",2,2,2,2,2,2,3,3,2,3,3,7
"1767",11,22,1,"White",3,3,3,3,2,2,3,3,2,1,2,7
"1768",11,16,1,"Hispanic",2,2,2,2,1,1,3,1,2,1,1,7
"1769",11,16,0,"Hispanic",1,1,2,2,1,2,2,1,1,2,2,7
"1770",11,16,1,"Hispanic",2,2,3,3,2,2,3,2,3,3,2,7
"1771",11,16,0,"Hispanic",2,2,3,3,2,1,3,1,1,3,2,7
"1772",11,16,1,"Hispanic",2,2,3,3,2,1,3,2,1,2,3,7
"1773",11,16,1,"Asian",2,2,3,3,1,2,3,3,2,2,1,7
"1774",11,17,0,"Asian",2,2,2,2,2,2,3,2,2,2,2,7
"1775",11,16,0,"Black",3,2,3,2,2,2,2,1,1,2,2,7
"1776",11,16,0,"Hispanic",3,2,2,2,2,1,3,1,1,2,2,7
"1777",11,16,0,"Asian",3,1,2,2,2,2,2,3,3,2,3,7
"1778",11,16,1,"Other",3,2,2,2,1,2,3,2,1,2,2,7
"1779",7,12,0,"White",2,2,2,3,2,3,3,3,2,3,2,7
"1780",11,16,1,"Asian",3,2,3,3,2,3,3,2,3,2,2,7
"1781",11,16,0,"Asian",2,1,2,3,1,1,2,1,1,1,3,7
"1782",11,16,0,"Other",3,2,2,2,1,1,1,1,1,2,1,7
"1783",7,12,1,"Asian",2,2,3,3,3,2,3,3,2,3,2,7
"1784",11,16,1,"Asian",2,2,3,3,3,2,2,1,1,2,3,7
"1785",11,16,1,"Black",3,2,2,2,2,1,2,1,2,2,2,7
"1786",7,12,1,"Other",3,2,3,2,2,2,3,3,3,2,2,7
"1787",7,12,1,"Other",3,2,3,2,2,2,3,3,3,2,2,7
"1788",7,12,1,"Black",3,2,2,2,3,2,3,2,3,2,2,7
"1789",11,16,0,"Asian",3,2,1,1,1,2,2,1,1,2,2,7
"1790",7,12,1,"White",3,3,3,3,2,3,3,3,3,3,2,7
"1791",7,12,0,"Hispanic",3,3,3,2,3,3,2,3,3,3,1,7
"1792",7,12,0,"Hispanic",3,2,2,3,2,3,3,1,3,2,1,7
"1793",7,12,0,"Hispanic",2,3,3,3,2,2,3,1,3,2,2,7
"1794",7,12,1,"Black",2,2,3,2,2,2,3,1,2,2,2,7
"1795",7,12,1,"Other",2,2,3,2,2,2,3,1,2,2,2,7
"1796",7,12,1,"White",3,2,3,3,3,2,3,3,3,3,1,7
"1797",7,12,0,"White",3,2,3,3,3,2,3,2,3,3,1,7
"1798",7,12,1,"Black",2,3,3,2,2,2,3,1,2,1,2,7
"1799",7,12,0,"Other",2,1,3,1,2,3,3,NA,3,3,3,7
"1800",7,12,0,"Hispanic",3,2,3,1,2,2,2,2,3,3,2,7
"1801",7,12,0,"Asian",1,NA,NA,NA,NA,2,NA,NA,NA,NA,NA,7
"1802",7,12,1,"White",3,3,3,3,2,1,3,3,2,2,3,7
"1803",7,12,1,"Asian",2,3,2,3,2,2,3,3,2,2,3,7
"1804",7,12,1,"Hispanic",1,2,1,2,1,2,2,2,3,2,3,7
"1805",7,13,0,"White",3,2,3,2,2,2,2,1,3,2,3,7
"1806",7,13,0,"Hispanic",2,2,3,2,2,2,3,2,2,3,1,7
"1807",7,13,0,"Asian",3,1,2,1,3,2,3,2,2,2,2,7
"1808",7,12,0,"Hispanic",2,1,1,3,1,1,2,1,2,1,1,7
"1809",7,12,1,"Hispanic",2,3,3,3,2,2,3,2,1,3,2,7
"1810",7,12,1,"Black",2,2,3,3,2,3,3,2,3,3,3,7
"1811",7,12,0,"Other",2,1,3,1,2,1,2,1,1,2,1,7
"1812",7,13,1,"Hispanic",3,3,3,3,2,2,3,2,3,2,3,7
"1813",7,12,0,"Black",2,1,3,3,2,1,3,3,NA,3,2,7
"1814",7,12,1,"White",3,1,2,2,3,2,3,3,3,3,3,7
"1815",7,12,0,"Other",2,2,3,3,2,1,3,1,2,2,1,7
"1816",7,12,1,"Other",3,2,3,2,NA,NA,NA,NA,3,3,2,7
"1817",7,12,0,"Hispanic",2,2,2,2,1,2,3,1,2,2,2,7
"1818",7,12,1,"Other",3,1,3,2,2,3,3,2,2,2,2,7
"1819",7,12,1,"White",2,1,3,2,2,2,3,2,3,3,2,7
"1820",7,12,0,"Asian",3,2,NA,1,3,2,NA,1,1,2,3,7
"1821",7,12,0,"Asian",3,2,2,2,2,3,3,2,2,2,1,7
"1822",7,12,0,"Hispanic",3,1,2,2,1,2,3,1,2,2,2,7
"1823",11,16,1,"Hispanic",3,2,3,2,2,2,3,3,1,2,2,7
"1824",11,16,1,"Hispanic",3,2,3,2,2,2,3,2,2,3,2,7
"1825",11,16,1,"Hispanic",3,2,2,2,3,1,2,1,1,3,3,7
"1826",11,16,1,"Hispanic",3,3,3,3,3,2,3,3,3,3,2,7
"1827",12,11,1,"White",1,3,3,3,3,2,3,1,1,2,2,7
"1828",12,17,1,"Asian",3,3,2,2,3,1,3,NA,2,3,2,7
"1829",12,17,0,"Hispanic",3,2,1,2,1,1,2,1,2,1,1,7
"1830",12,17,1,"Asian",3,2,1,2,2,1,3,3,3,1,2,7
"1831",6,13,1,"Black",1,1,1,1,1,1,1,1,1,1,1,7
"1832",12,17,1,"Asian",3,2,3,3,2,3,3,3,3,3,3,7
"1833",12,17,1,"Hispanic",2,1,2,2,2,2,3,1,2,2,1,7
"1834",11,17,0,"Hispanic",2,2,2,2,2,1,2,2,3,2,1,7
"1835",12,18,1,"White",3,2,3,2,3,2,2,1,2,2,2,7
"1836",12,17,0,"Hispanic",NA,NA,NA,NA,NA,NA,NA,NA,NA,NA,NA,7
"1837",12,17,0,"Hispanic",2,2,2,NA,2,2,2,2,2,2,2,7
"1838",12,17,1,"White",2,1,3,2,1,1,3,1,2,1,3,7
"1839",12,17,1,"Other",3,2,3,2,2,2,3,2,2,3,2,7
"1840",12,17,0,"White",1,2,2,3,1,1,2,1,2,2,NA,7
"1841",12,17,0,"Hispanic",3,2,3,2,3,1,3,3,3,3,2,7
"1842",10,15,0,"Asian",1,1,1,1,1,1,1,1,1,1,1,7
"1843",10,16,0,"Hispanic",2,1,1,2,1,1,2,1,1,1,1,7
"1844",10,15,1,"Asian",2,1,2,1,1,2,1,NA,2,2,3,7
"1845",10,15,1,"Hispanic",2,2,3,2,3,2,3,1,3,2,1,7
"1846",10,15,0,"Asian",3,3,3,3,2,3,3,3,3,3,2,7
"1847",12,10,0,"Black",3,3,3,1,2,2,2,2,2,2,2,7
"1848",10,15,1,"Hispanic",3,2,1,1,1,1,2,2,1,1,1,7
"1849",10,15,0,"Hispanic",2,2,2,2,3,1,2,1,2,3,2,7
"1850",11,15,1,"Hispanic",2,1,2,1,2,2,2,3,2,2,2,7
"1851",10,16,0,"Hispanic",2,1,3,2,3,2,3,1,3,3,3,7
"1852",10,16,0,"Asian",2,2,2,2,2,2,3,1,2,3,2,7
"1853",9,15,0,"Hispanic",1,2,2,2,1,1,2,1,1,2,1,7
"1854",10,16,1,"Hispanic",3,2,3,2,3,2,3,3,2,2,2,7
"1855",10,15,1,"Black",2,2,3,2,1,1,2,1,1,2,2,7
"1856",10,15,0,"Hispanic",2,3,3,3,2,3,3,2,2,3,3,7
"1857",10,15,0,"Asian",1,2,1,2,1,2,2,1,1,2,2,7
"1858",10,15,1,"White",2,2,2,2,2,2,2,2,2,2,2,7
"1859",10,15,0,"White",3,1,2,1,2,1,3,2,1,2,2,7
"1860",10,17,0,"White",2,1,1,1,1,2,1,1,1,1,2,7
"1861",10,16,0,"White",3,2,2,2,2,2,2,1,1,1,2,7
"1862",10,15,0,"Asian",2,2,2,3,2,2,3,2,3,1,2,7
"1863",10,15,1,"White",3,3,3,3,1,2,3,3,3,2,1,7
"1864",10,15,0,"Asian",2,2,2,2,2,2,3,2,2,3,3,7
"1865",10,15,0,"Asian",2,1,1,1,1,2,2,1,2,1,2,7
"1866",NA,15,0,"White",3,2,3,2,2,2,3,1,3,2,1,7
"1867",10,15,1,"Black",2,2,2,1,1,1,2,2,2,2,1,7
"1868",10,15,1,"Other",2,2,3,3,1,2,3,3,3,3,1,7
"1869",10,15,0,"Black",3,1,2,3,2,2,3,2,1,3,2,7
"1870",10,15,0,"White",1,2,3,3,1,1,3,3,1,2,2,7
"1871",10,15,0,"Other",2,3,2,2,1,3,2,1,2,3,2,7
"1872",10,15,0,"Black",2,2,3,2,1,1,2,1,2,1,1,7
"1873",10,15,0,"Asian",3,3,3,3,1,2,3,1,3,3,3,7
"1874",10,15,0,"Hispanic",3,3,3,3,3,3,3,3,3,3,3,7
"1875",10,15,1,"Black",3,2,3,3,2,2,3,2,1,2,2,7
"1876",10,15,1,"Hispanic",2,1,2,2,2,1,3,3,2,1,1,7
"1877",10,15,1,"Hispanic",3,2,2,2,2,2,2,2,2,3,2,7
"1878",10,15,1,"White",2,1,3,2,1,2,2,2,3,2,1,7
"1879",10,15,0,"Hispanic",2,2,2,2,1,1,3,2,3,2,2,7
"1880",10,15,1,"Hispanic",3,2,3,2,2,2,2,2,3,2,2,7
"1881",10,15,0,"Hispanic",2,2,2,2,1,2,3,1,3,2,2,7
"1882",8,13,0,"Hispanic",3,2,3,3,3,3,3,3,3,3,2,7
"1883",10,15,1,"Black",2,2,1,2,1,1,3,2,1,1,1,7
"1884",10,16,0,"White",2,2,2,2,1,1,3,1,2,2,2,7
"1885",7,12,1,"Hispanic",3,2,3,3,2,2,3,3,2,3,3,7
"1886",7,12,0,"Asian",2,3,2,1,1,3,3,1,3,1,1,7
"1887",10,16,1,"Hispanic",1,2,1,2,2,1,2,1,2,3,1,7
"1888",7,12,0,"Hispanic",2,2,2,2,3,2,2,2,2,2,3,7
"1889",7,12,0,"Hispanic",3,2,2,3,2,2,3,2,2,2,3,7
"1890",7,12,0,"Hispanic",3,2,2,3,2,2,3,2,3,3,3,7
"1891",10,15,0,"Hispanic",3,2,3,2,1,2,3,2,2,2,1,7
"1892",7,12,0,"Hispanic",2,2,3,2,1,2,3,3,3,3,1,7
"1893",7,13,0,"Hispanic",2,1,3,2,2,1,1,2,1,2,2,7
"1894",7,12,1,"Other",3,2,2,2,2,2,3,1,3,1,3,7
"1895",12,17,0,"Asian",NA,NA,NA,NA,NA,NA,NA,NA,NA,NA,NA,7
"1896",7,12,1,"Hispanic",2,1,2,1,1,1,3,2,3,2,2,7
"1897",12,17,1,"Black",3,3,3,3,3,3,3,3,3,3,3,7
"1898",7,12,0,"Black",2,2,3,2,2,2,3,1,2,2,2,7
"1899",12,17,1,"Asian",2,2,2,3,3,2,3,3,2,2,2,7
"1900",12,17,0,"Asian",1,2,2,2,1,1,3,1,3,3,3,7
"1901",12,17,0,"Hispanic",2,2,2,2,1,2,3,1,1,1,2,7
"1902",12,18,0,"Black",1,2,2,1,1,1,2,1,1,2,3,7
"1903",12,17,0,"Hispanic",3,2,3,3,3,2,3,3,3,3,2,7
"1904",12,17,1,"Hispanic",3,1,2,1,1,1,2,2,2,1,2,7
"1905",12,17,1,"Hispanic",3,2,3,2,2,3,3,2,3,3,2,7
"1906",12,17,1,"Hispanic",3,2,3,2,1,1,3,1,2,2,3,7
"1907",12,17,0,NA,3,3,3,3,3,3,3,3,3,3,3,7
"1908",12,18,1,"Hispanic",3,2,3,3,2,3,3,2,2,3,2,7
"1909",12,17,0,"Hispanic",1,2,2,1,1,1,3,1,2,2,3,7
"1910",12,18,0,"White",3,2,3,3,2,2,3,2,3,3,3,7
"1911",12,17,1,"Hispanic",2,2,3,2,1,2,3,3,2,2,NA,7
"1912",12,17,1,NA,3,2,3,2,2,2,3,1,2,2,2,7
"1913",9,14,1,"Black",2,3,3,2,2,1,2,2,3,2,1,7
"1914",9,14,1,"Hispanic",2,1,1,1,1,2,2,1,3,1,2,7
"1915",9,14,0,"Hispanic",2,1,1,1,1,1,1,1,3,1,1,7
"1916",9,14,1,"Hispanic",2,2,3,3,2,3,2,2,2,1,1,7
"1917",9,14,1,"Hispanic",2,2,2,2,2,2,2,2,2,2,2,7
"1918",9,14,1,"Hispanic",2,1,1,2,2,2,2,1,2,2,2,7
"1919",9,14,1,"Hispanic",3,2,2,3,3,2,3,2,2,2,2,7
"1920",9,14,0,"Black",1,1,2,1,3,1,2,2,2,2,2,7
"1921",9,14,0,"Other",2,2,3,2,2,2,3,3,3,3,2,7
"1922",9,14,0,"Hispanic",2,1,2,2,1,2,3,2,2,1,1,7
"1923",9,14,1,"Other",3,2,2,3,3,1,3,3,3,1,2,7
"1924",9,14,0,"Hispanic",1,2,2,2,1,1,1,1,1,2,1,7
"1925",9,14,0,"Hispanic",2,1,2,1,3,1,3,3,3,2,2,7
"1926",9,15,1,"Hispanic",3,2,3,3,3,3,3,3,2,3,3,7
"1927",9,15,0,"Asian",1,2,2,2,2,2,2,2,2,2,2,7
"1928",9,15,0,"Other",1,1,3,1,1,2,1,1,3,3,1,7
"1929",9,14,1,"White",2,2,2,2,2,2,3,2,2,1,1,7
"1930",8,13,0,"Hispanic",2,1,2,2,2,2,2,2,2,2,2,7
"1931",8,13,1,"Hispanic",3,2,3,3,2,2,3,2,2,2,2,7
"1932",11,16,0,"Hispanic",NA,NA,NA,NA,NA,NA,NA,NA,NA,NA,NA,7
"1933",11,17,1,"Other",NA,NA,NA,NA,NA,NA,NA,NA,NA,NA,NA,7
"1934",7,12,0,"Hispanic",3,2,3,1,3,3,2,2,3,3,2,7
"1935",11,16,1,"Hispanic",NA,NA,NA,NA,NA,NA,NA,NA,NA,NA,NA,7
"1936",7,12,1,"Other",3,2,3,2,2,2,3,2,3,3,2,7
"1937",11,16,0,"Hispanic",NA,NA,NA,NA,NA,NA,NA,NA,NA,NA,NA,7
"1938",11,17,1,"Hispanic",3,2,3,3,3,3,3,3,3,3,2,7
"1939",11,NA,NA,NA,NA,NA,NA,NA,NA,NA,NA,NA,NA,NA,NA,7
"1940",7,12,0,NA,NA,NA,NA,NA,NA,NA,NA,NA,NA,NA,NA,7
"1941",7,NA,NA,NA,NA,NA,NA,NA,NA,NA,NA,NA,NA,NA,NA,7
"1942",11,16,1,"Hispanic",NA,NA,NA,NA,NA,NA,NA,NA,NA,NA,NA,7
"1943",6,11,0,"Asian",3,3,3,3,3,3,3,2,3,2,2,7
"1944",6,11,1,"Hispanic",2,3,3,2,2,3,3,3,3,2,2,7
"1945",6,11,1,"Asian",3,2,2,2,2,2,3,2,2,2,3,7
"1946",6,11,0,"Other",3,3,3,3,3,3,3,3,3,3,2,7
"1947",6,11,1,"White",2,1,3,3,2,3,3,3,2,3,2,7
"1948",6,11,0,"White",2,2,2,2,2,2,1,1,1,1,2,7
"1949",6,11,1,"Black",2,2,1,2,1,2,2,2,2,2,1,7
"1950",6,NA,1,"Hispanic",2,2,2,2,1,2,3,3,2,2,1,7
"1951",6,11,0,"Black",3,3,3,3,3,3,3,2,3,3,3,7
"1952",6,11,1,"Hispanic",2,1,3,3,3,3,3,2,2,3,3,7
"1953",6,11,0,"Other",1,3,3,3,3,2,3,1,1,2,2,7
"1954",6,11,1,"Hispanic",2,2,3,3,2,3,3,3,3,3,3,7
"1955",6,12,1,"Black",1,1,3,1,2,3,2,2,3,2,2,7
"1956",6,12,1,"Black",1,2,3,2,1,1,2,1,1,2,3,7
"1957",6,11,0,"White",2,2,2,2,2,2,2,1,2,2,2,7
"1958",6,11,0,"Black",3,2,3,3,2,3,3,2,2,3,3,7
"1959",6,11,0,"Hispanic",2,2,3,2,2,3,3,2,3,2,1,7
"1960",6,11,0,"Hispanic",1,2,3,NA,1,3,3,1,3,1,3,7
"1961",6,11,0,"Hispanic",1,2,2,3,3,2,1,1,2,1,3,7
"1962",6,11,0,"Hispanic",1,2,3,2,2,3,3,1,3,1,2,7
"1963",6,11,1,"White",3,1,3,1,2,2,3,2,2,2,2,7
"1964",6,11,0,"Black",2,1,3,2,1,2,2,1,2,2,2,7
"1965",6,11,0,"Asian",2,1,3,1,2,2,3,1,2,1,3,7
"1966",6,11,0,"Hispanic",3,2,3,3,2,3,3,3,2,3,2,7
"1967",6,11,0,"Hispanic",1,2,2,2,2,1,2,1,3,2,2,7
"1968",6,10,1,"Asian",2,2,3,2,2,2,2,3,3,2,2,7
"1969",6,11,0,"White",3,2,2,2,2,3,3,2,2,3,2,7
"1970",6,12,0,"Hispanic",3,1,3,1,3,3,3,3,2,3,3,7
"1971",6,11,0,"Asian",3,2,3,2,3,2,3,3,2,1,1,7
"1972",6,11,1,"White",3,2,2,2,2,2,3,2,2,1,2,7
"1973",6,11,0,"White",3,1,3,2,3,3,3,2,3,3,2,7
"1974",6,11,0,"Hispanic",3,2,3,2,2,2,3,1,2,2,2,7
"1975",6,11,0,"Hispanic",2,1,3,NA,1,1,3,1,3,2,2,7
"1976",6,11,0,"White",3,2,2,3,3,3,3,3,2,3,3,7
"1977",6,12,1,"Other",2,1,3,2,2,2,3,3,3,3,3,7
"1978",6,11,0,"Hispanic",3,2,3,3,1,3,3,1,2,1,1,7
"1979",6,11,0,"Hispanic",3,2,3,2,3,3,3,1,3,3,2,7
"1980",6,11,0,"White",2,2,3,1,1,2,3,1,2,3,2,7
"1981",6,11,1,"Hispanic",3,2,3,3,3,3,3,3,3,3,2,7
"1982",6,11,0,"Hispanic",1,1,3,1,1,1,1,1,3,2,2,7
"1983",6,11,1,"Hispanic",3,2,3,2,2,3,3,2,3,2,2,7
"1984",6,11,1,"White",3,2,3,2,2,3,3,2,3,2,2,7
"1985",6,11,1,"White",3,3,2,3,2,3,3,2,1,2,1,7
"1986",6,12,1,"Hispanic",3,2,3,2,3,3,3,3,3,3,3,7
"1987",6,11,0,"Other",1,1,1,2,1,1,3,2,1,1,1,7
"1988",6,11,0,"White",NA,NA,NA,NA,NA,NA,3,NA,NA,NA,NA,7
"1989",6,11,0,"Other",2,1,3,2,2,2,3,1,2,2,2,7
"1990",6,12,1,"Other",2,3,3,2,2,1,3,2,1,3,2,7
"1991",6,11,1,"Hispanic",2,2,3,2,2,1,3,2,2,3,2,7
"1992",11,16,1,"Hispanic",NA,NA,NA,NA,NA,NA,NA,NA,NA,NA,NA,7
"1993",11,16,0,"Asian",NA,NA,NA,NA,NA,NA,NA,NA,NA,NA,NA,7
"1994",NA,NA,NA,NA,NA,NA,NA,NA,NA,NA,NA,NA,NA,NA,NA,7
"1995",NA,NA,NA,NA,NA,NA,NA,NA,NA,NA,NA,NA,NA,NA,NA,7
"1996",12,17,1,"Other",3,3,3,3,2,2,3,1,3,2,2,7
"1997",12,19,0,"Asian",NA,NA,NA,NA,NA,NA,NA,NA,NA,NA,NA,7
"1998",12,17,0,"Black",NA,NA,NA,NA,NA,NA,NA,NA,NA,NA,NA,7
"1999",12,17,1,"Black",NA,NA,NA,NA,NA,NA,NA,NA,NA,NA,NA,7
"2000",12,17,0,"Hispanic",1,1,3,2,3,1,2,1,2,2,3,7
"2001",12,18,1,"Asian",NA,NA,NA,NA,NA,NA,NA,NA,NA,NA,NA,7
"2002",12,17,1,"Hispanic",NA,NA,NA,NA,NA,NA,NA,NA,NA,NA,NA,7
"2003",NA,NA,NA,NA,NA,NA,NA,NA,NA,NA,NA,NA,NA,NA,NA,7
"2004",12,17,0,"Hispanic",NA,NA,NA,NA,NA,NA,NA,NA,NA,NA,NA,7
"2005",12,17,0,"Asian",NA,NA,NA,NA,NA,NA,NA,NA,NA,NA,NA,7
"2006",10,15,0,"Hispanic",NA,NA,NA,NA,NA,NA,NA,NA,NA,NA,NA,7
"2007",10,15,0,"Black",3,3,3,2,2,2,2,1,3,2,3,7
"2008",12,20,1,"White",NA,NA,NA,NA,NA,NA,NA,NA,NA,NA,NA,7
"2009",10,15,1,"Hispanic",2,3,3,3,2,3,3,3,2,3,3,7
"2010",NA,NA,NA,NA,NA,NA,NA,NA,NA,NA,NA,NA,NA,NA,NA,7
"2011",10,16,1,"Black",2,3,2,2,2,1,2,3,2,2,3,7
"2012",10,15,0,"Black",NA,NA,NA,NA,NA,NA,NA,NA,NA,NA,NA,7
"2013",10,15,1,"Black",2,2,2,2,2,1,1,1,2,2,2,7
"2014",NA,NA,NA,NA,NA,NA,NA,NA,NA,NA,NA,NA,NA,NA,NA,7
"2015",NA,NA,NA,NA,NA,NA,NA,NA,NA,NA,NA,NA,NA,NA,NA,7
"2016",NA,NA,NA,NA,NA,NA,NA,NA,NA,NA,NA,NA,NA,NA,NA,7
"2017",12,17,1,"Hispanic",NA,NA,NA,NA,NA,NA,NA,NA,NA,NA,NA,7
"2018",12,17,0,"Hispanic",NA,NA,NA,NA,NA,NA,NA,NA,NA,NA,NA,7
"2019",12,17,0,"Hispanic",NA,NA,NA,NA,NA,NA,NA,NA,NA,NA,NA,7
"2020",12,17,1,"Hispanic",NA,NA,NA,NA,NA,NA,NA,NA,NA,NA,NA,7
"2021",12,17,1,"Hispanic",2,3,3,2,1,2,2,2,2,2,2,7
"2022",NA,NA,NA,NA,NA,NA,NA,NA,NA,NA,NA,NA,NA,NA,NA,7
"2023",12,18,1,"Hispanic",NA,NA,NA,NA,NA,NA,NA,NA,NA,NA,NA,7
"2024",12,18,0,"Hispanic",1,1,1,1,1,1,1,1,2,2,1,7
"2025",12,17,1,"Hispanic",1,1,1,2,2,1,3,1,1,1,1,7
"2026",12,22,1,"Other",NA,NA,NA,NA,NA,NA,NA,NA,NA,NA,NA,7
"2027",9,16,0,"Other",NA,NA,NA,NA,NA,NA,NA,NA,NA,NA,NA,7
"2028",9,14,1,"Other",3,1,2,1,1,1,2,1,1,2,1,7
"2029",11,17,0,"Hispanic",NA,NA,NA,NA,NA,NA,NA,NA,NA,NA,NA,7
"2030",12,17,1,"Black",NA,NA,NA,NA,NA,NA,NA,NA,NA,NA,NA,7
"2031",NA,NA,NA,NA,NA,NA,NA,NA,NA,NA,NA,NA,NA,NA,NA,7
"2032",NA,NA,NA,NA,NA,NA,NA,NA,NA,NA,NA,NA,NA,NA,NA,7
"2033",11,17,1,"Black",2,2,3,3,2,2,3,3,2,3,2,7
"2034",NA,NA,NA,NA,NA,NA,NA,NA,NA,NA,NA,NA,NA,NA,NA,7
"2035",6,11,0,"White",NA,NA,NA,NA,NA,NA,NA,NA,NA,NA,NA,7
"2036",6,11,1,"Other",NA,NA,NA,NA,NA,NA,NA,NA,NA,NA,NA,7
"2037",6,11,1,"Black",NA,NA,NA,NA,NA,NA,NA,NA,NA,NA,NA,7
"2038",6,12,0,"Hispanic",NA,NA,NA,NA,NA,NA,NA,NA,NA,NA,NA,7
"2039",NA,NA,NA,NA,NA,NA,NA,NA,NA,NA,NA,NA,NA,NA,NA,7
"2040",NA,NA,NA,NA,NA,NA,NA,NA,NA,NA,NA,NA,NA,NA,NA,7
"2041",11,16,0,"Hispanic",NA,NA,NA,NA,NA,NA,NA,NA,NA,NA,NA,7
"2042",11,17,1,"Other",NA,NA,NA,NA,NA,NA,NA,NA,NA,NA,NA,7
"2043",10,16,1,"White",1,1,2,2,1,1,2,1,1,2,1,8
"2044",10,15,1,"White",2,2,1,2,1,2,3,2,3,3,2,8
"2045",10,15,0,"White",3,2,3,2,1,2,3,2,3,2,2,8
"2046",10,15,0,"White",2,2,1,2,1,1,2,1,1,2,2,8
"2047",10,16,0,"White",1,2,1,2,1,1,2,2,2,1,1,8
"2048",10,15,1,"White",3,2,3,2,1,3,3,3,3,1,2,8
"2049",10,16,0,"White",3,2,1,1,3,2,2,1,3,3,3,8
"2050",10,15,0,"White",2,2,3,3,2,2,3,3,3,2,3,8
"2051",10,15,0,"White",1,2,2,2,1,1,2,1,1,2,2,8
"2052",10,10,0,"White",2,3,3,3,3,2,3,2,3,2,2,8
"2053",10,15,1,"White",3,2,3,3,2,3,3,3,3,3,2,8
"2054",10,15,1,"White",1,2,1,3,2,2,2,1,1,1,3,8
"2055",11,16,1,"White",3,1,3,3,3,3,3,3,3,3,2,8
"2056",11,16,1,"Asian",3,2,3,3,1,2,3,3,3,2,2,8
"2057",11,16,1,"White",3,2,2,3,3,3,3,2,1,3,3,8
"2058",11,16,1,"White",2,2,1,3,1,1,3,2,2,3,3,8
"2059",11,16,1,"White",3,2,3,3,2,3,3,3,2,2,2,8
"2060",11,16,1,"Hispanic",1,1,1,3,2,1,3,3,3,2,2,8
"2061",11,16,1,"White",2,2,2,2,3,2,3,3,3,2,3,8
"2062",11,17,1,"White",2,2,3,2,2,2,2,3,2,3,2,8
"2063",11,16,1,"White",2,2,2,2,2,2,2,3,3,3,2,8
"2064",11,16,0,"White",2,2,2,3,2,1,3,2,2,2,3,8
"2065",11,16,0,"White",2,2,2,2,2,1,2,1,1,2,1,8
"2066",11,16,1,"White",3,3,3,3,2,2,3,3,2,2,3,8
"2067",11,17,1,"White",3,2,3,3,2,3,2,3,3,3,2,8
"2068",11,17,0,"White",3,2,3,1,1,1,3,1,2,1,1,8
"2069",11,17,1,"White",2,2,2,3,2,2,3,2,2,2,2,8
"2070",11,16,0,"White",2,2,3,2,2,2,3,1,2,2,2,8
"2071",11,16,1,"White",2,1,3,3,1,1,2,2,2,2,2,8
"2072",11,16,0,"White",3,2,2,1,1,2,1,1,1,3,3,8
"2073",11,16,1,"White",3,2,2,3,2,2,3,2,3,2,2,8
"2074",11,16,1,"White",3,2,3,3,2,2,3,3,2,3,3,8
"2075",11,17,0,"White",2,2,3,1,1,1,2,2,2,2,1,8
"2076",11,17,0,"White",2,2,2,1,1,1,2,1,2,2,1,8
"2077",11,17,1,"White",2,2,3,3,1,2,3,3,1,2,2,8
"2078",11,16,0,"White",3,2,2,3,2,2,3,2,2,2,2,8
"2079",10,15,0,"White",2,2,3,2,1,2,3,1,3,2,2,8
"2080",10,15,1,"White",2,1,1,2,3,1,3,2,2,2,3,8
"2081",10,16,1,"White",2,3,2,3,1,2,2,2,2,2,2,8
"2082",9,15,0,"White",2,1,2,2,2,1,2,1,2,2,2,8
"2083",10,16,0,"White",3,3,2,2,1,1,3,2,3,3,3,8
"2084",10,16,1,"White",2,2,3,3,2,1,3,2,3,2,2,8
"2085",10,15,1,"White",3,2,3,3,3,3,3,3,3,3,3,8
"2086",9,14,1,"White",2,1,2,2,1,1,2,2,1,3,2,8
"2087",9,14,1,"White",1,1,2,3,2,1,2,2,2,1,2,8
"2088",9,14,0,"White",3,2,3,2,1,1,3,1,1,3,2,8
"2089",9,14,1,"White",2,2,3,3,2,2,3,2,1,3,3,8
"2090",9,14,1,"Black",2,2,3,3,1,1,2,2,1,2,2,8
"2091",9,14,1,"White",2,1,2,3,2,2,3,2,2,3,2,8
"2092",9,14,1,"White",3,1,2,2,1,1,2,1,2,3,3,8
"2093",9,14,1,"White",3,2,3,3,2,3,3,3,3,3,2,8
"2094",9,14,1,"White",3,2,3,3,2,3,3,3,3,3,3,8
"2095",9,14,1,"White",3,1,3,3,2,3,3,3,3,3,2,8
"2096",9,15,1,"White",2,3,1,2,1,1,2,2,2,1,1,8
"2097",9,14,1,"Hispanic",3,2,3,3,2,3,3,3,2,3,3,8
"2098",9,14,0,"White",NA,2,3,2,2,3,3,2,2,3,3,8
"2099",9,14,0,"White",2,2,2,3,2,2,2,1,2,3,2,8
"2100",9,14,1,"White",3,2,3,3,2,3,3,2,2,3,3,8
"2101",12,17,1,"White",3,2,3,3,2,3,3,3,3,3,3,8
"2102",12,17,0,"White",3,1,2,2,2,2,3,2,1,3,1,8
"2103",12,18,0,"Hispanic",2,2,3,2,2,1,1,3,1,1,1,8
"2104",12,17,1,"White",3,2,3,3,2,3,3,3,2,3,3,8
"2105",12,17,1,"White",3,3,2,NA,2,3,3,3,1,2,2,8
"2106",12,17,0,"White",3,2,2,2,1,2,2,2,2,3,2,8
"2107",12,17,1,"White",3,1,3,1,3,2,3,2,3,3,2,8
"2108",12,18,0,"White",2,3,3,3,2,3,3,3,3,2,2,8
"2109",12,18,0,"White",2,1,2,2,1,1,2,2,1,2,2,8
"2110",11,16,1,"White",3,3,2,3,3,2,3,2,2,3,2,8
"2111",11,16,1,"White",2,2,3,2,3,1,2,3,3,3,3,8
"2112",11,16,1,"White",3,2,3,3,2,3,3,2,3,3,3,8
"2113",11,22,0,"Hispanic",1,1,1,1,1,1,1,1,1,1,1,8
"2114",11,16,0,"White",3,3,3,3,2,3,2,1,2,2,2,8
"2115",11,16,1,"White",2,3,3,3,2,1,3,3,3,3,1,8
"2116",11,16,0,"White",2,3,2,3,2,1,2,2,2,2,1,8
"2117",11,17,0,"Asian",1,3,3,3,2,2,2,1,3,3,2,8
"2118",11,16,0,"White",1,2,1,3,2,2,2,3,3,1,2,8
"2119",11,16,1,"White",2,2,3,2,1,1,2,1,3,2,2,8
"2120",11,16,0,"White",1,3,1,1,1,1,2,1,1,2,2,8
"2121",11,17,0,"White",2,2,3,2,2,2,1,1,2,2,2,8
"2122",9,14,1,"White",3,2,3,3,2,3,3,3,2,3,2,8
"2123",9,14,1,"White",2,2,2,2,2,2,2,2,3,3,3,8
"2124",9,14,0,"White",1,1,2,1,2,2,2,1,2,2,2,8
"2125",9,14,0,"White",3,2,2,2,2,2,3,1,1,2,2,8
"2126",9,14,1,"White",2,2,3,2,2,1,2,1,1,2,2,8
"2127",9,14,1,"White",3,3,3,3,2,2,3,3,2,3,2,8
"2128",9,14,1,"White",3,1,2,3,2,2,3,2,3,2,3,8
"2129",9,14,1,"White",3,2,3,3,3,3,3,2,2,3,2,8
"2130",9,14,1,"White",3,2,3,3,2,1,3,3,2,2,2,8
"2131",9,14,0,"White",2,2,2,2,2,1,2,1,2,2,2,8
"2132",9,14,1,"White",2,3,3,3,2,3,3,3,2,1,3,8
"2133",9,14,1,"White",2,3,3,3,2,1,3,2,1,1,2,8
"2134",9,15,1,"White",2,2,1,2,2,1,1,3,2,2,2,8
"2135",9,14,1,"Other",3,2,3,2,2,2,3,2,2,2,3,8
"2136",9,15,0,"White",1,2,1,1,1,1,1,1,1,1,1,8
"2137",9,15,0,"White",2,1,2,1,1,2,2,1,2,1,1,8
"2138",9,14,0,"Other",1,1,2,1,1,1,1,1,1,1,1,8
"2139",9,15,1,"White",3,3,3,3,2,3,3,2,3,2,2,8
"2140",9,14,0,"White",2,2,3,2,2,1,2,1,3,2,2,8
"2141",9,15,1,"White",3,3,3,3,3,2,3,3,3,2,2,8
"2142",9,14,1,"White",3,2,2,3,2,2,3,3,3,2,3,8
"2143",9,15,0,"White",2,3,3,3,2,1,3,3,3,2,2,8
"2144",9,14,1,"White",3,2,2,2,2,2,2,1,1,2,2,8
"2145",9,14,0,"White",2,1,1,1,1,1,1,1,1,1,1,8
"2146",9,14,0,"Other",3,3,3,3,3,3,3,3,3,3,3,8
"2147",9,16,0,"White",1,1,1,2,2,1,2,1,2,1,2,8
"2148",9,15,0,"White",2,2,2,2,2,2,2,NA,2,2,2,8
"2149",9,14,1,"White",3,3,2,3,3,2,3,3,3,2,2,8
"2150",9,14,1,"White",3,2,3,2,1,2,3,2,3,2,3,8
"2151",9,14,1,"White",3,3,3,3,3,3,2,3,3,3,2,8
"2152",9,14,1,"White",2,3,3,3,3,2,3,3,3,3,2,8
"2153",9,14,0,"White",1,1,1,1,1,1,1,1,3,1,1,8
"2154",9,14,0,"White",2,3,2,3,2,2,2,2,1,3,3,8
"2155",9,15,0,"White",1,2,1,2,1,1,1,1,1,1,1,8
"2156",9,14,0,"White",1,1,1,1,1,1,1,1,1,1,1,8
"2157",9,14,1,"White",2,2,3,1,3,2,3,3,2,1,1,8
"2158",9,14,0,"White",2,2,2,3,2,2,3,3,3,2,2,8
"2159",6,22,1,"Black",1,1,1,1,1,1,1,1,1,1,1,8
"2160",12,17,0,"White",3,3,3,3,2,2,3,1,3,3,2,8
"2161",12,17,1,"White",2,2,3,2,1,3,3,3,3,2,3,8
"2162",12,17,1,"White",3,2,3,3,2,3,3,3,1,2,2,8
"2163",12,17,0,"White",2,2,3,3,2,3,3,3,3,3,2,8
"2164",12,17,1,"White",2,1,2,2,1,2,2,2,1,2,3,8
"2165",12,17,1,"White",3,3,3,3,3,3,3,2,3,2,3,8
"2166",12,18,0,"White",2,1,2,1,2,1,1,1,3,1,1,8
"2167",12,17,0,"White",2,1,1,1,1,1,1,1,2,1,1,8
"2168",12,17,0,"White",2,2,2,2,1,1,3,1,2,1,1,8
"2169",12,18,0,"Other",2,3,2,3,2,3,3,3,3,3,2,8
"2170",12,17,0,"White",3,1,3,3,3,3,3,3,3,3,2,8
"2171",12,17,1,"White",3,2,3,2,1,1,2,3,3,2,3,8
"2172",12,17,0,"White",3,2,2,2,3,2,2,1,3,2,2,8
"2173",12,17,1,"White",1,2,2,2,1,1,2,NA,2,2,2,8
"2174",12,17,0,"White",3,2,2,3,2,2,3,2,3,3,3,8
"2175",12,17,1,"White",3,2,2,3,3,2,3,3,2,2,2,8
"2176",12,17,1,"White",2,2,3,3,3,2,3,2,3,3,3,8
"2177",12,17,1,"White",3,3,2,3,1,3,3,3,3,2,3,8
"2178",12,17,0,"White",3,3,3,3,2,3,2,2,3,3,2,8
"2179",12,18,0,"White",2,3,3,3,2,2,3,1,2,2,3,8
"2180",12,17,1,"White",2,1,1,1,2,1,1,1,3,3,2,8
"2181",12,17,1,"White",2,3,1,3,3,3,3,3,3,3,3,8
"2182",12,17,0,"White",3,1,2,2,1,2,2,2,3,2,2,8
"2183",12,17,1,"White",2,1,2,2,2,2,3,1,1,3,3,8
"2184",12,17,1,"White",3,3,3,3,2,1,3,2,3,3,1,8
"2185",12,17,1,"White",1,3,3,1,2,2,3,3,2,3,2,8
"2186",12,18,0,"White",1,2,2,1,2,2,2,2,2,2,3,8
"2187",12,18,1,"White",NA,NA,NA,NA,NA,NA,NA,NA,NA,NA,NA,8
"2188",12,17,0,"White",NA,NA,NA,NA,NA,NA,NA,NA,NA,NA,NA,8
"2189",12,17,1,"White",3,3,3,3,3,3,3,3,3,3,3,8
"2190",12,18,1,"White",2,2,2,2,2,2,2,2,2,2,2,8
"2191",12,17,1,"Other",3,2,3,3,2,1,3,3,1,2,2,8
"2192",12,17,1,"White",3,2,3,3,2,3,2,2,3,2,1,8
"2193",12,17,1,"White",3,2,3,2,2,3,3,2,2,2,2,8
"2194",12,18,0,"White",3,3,3,3,2,3,3,2,3,3,3,8
"2195",12,18,1,"White",3,2,3,3,2,3,3,3,3,3,3,8
"2196",12,17,1,"White",3,2,2,3,2,2,3,2,1,2,2,8
"2197",10,15,1,"White",3,2,3,3,3,3,3,3,3,3,2,8
"2198",10,16,1,"White",2,1,2,2,1,1,2,1,3,2,2,8
"2199",10,15,1,"White",2,1,2,3,1,2,3,3,1,2,2,8
"2200",10,16,1,"White",3,2,2,3,1,2,3,3,3,2,1,8
"2201",10,15,1,"White",3,3,3,3,3,3,3,3,3,2,2,8
"2202",10,15,1,"White",3,2,3,3,1,2,3,2,3,2,2,8
"2203",10,16,0,"White",1,2,2,2,1,1,3,2,3,3,2,8
"2204",10,15,1,"White",2,2,3,3,1,2,3,3,3,2,2,8
"2205",10,16,1,"White",3,2,3,2,2,1,3,3,2,3,2,8
"2206",NA,15,1,"White",3,2,3,3,2,2,3,1,2,3,3,8
"2207",10,15,1,"White",3,2,2,2,2,2,3,2,2,2,2,8
"2208",10,16,1,"White",3,1,2,2,2,2,2,2,2,2,1,8
"2209",10,15,1,"White",3,2,3,2,1,2,3,3,3,2,1,8
"2210",10,15,0,"White",2,2,2,2,1,2,2,1,2,2,2,8
"2211",11,16,0,"White",3,2,1,2,2,2,2,3,2,3,3,8
"2212",11,17,1,"White",2,2,2,3,2,2,3,3,2,2,3,8
"2213",11,16,1,"White",2,2,3,3,2,2,3,3,3,3,2,8
"2214",11,16,1,"White",3,3,2,3,3,3,3,2,3,3,2,8
"2215",11,16,1,"White",3,3,3,3,2,3,3,1,2,3,3,8
"2216",11,17,0,"White",3,2,2,2,2,2,2,1,3,2,2,8
"2217",11,17,0,"White",2,2,2,3,3,2,3,1,2,2,2,8
"2218",11,17,0,"White",2,1,3,2,1,1,2,1,3,3,1,8
"2219",11,17,1,"White",3,1,3,3,3,3,3,3,3,3,2,8
"2220",12,18,1,"White",1,2,2,3,1,1,3,2,3,2,2,8
"2221",12,17,1,"White",2,2,3,3,1,2,3,2,2,2,1,8
"2222",12,17,1,"White",1,1,2,2,1,1,2,2,1,3,2,8
"2223",12,18,0,"White",3,2,3,2,2,2,2,1,3,2,3,8
"2224",12,17,0,"White",1,2,2,1,2,2,3,3,2,3,2,8
"2225",12,18,1,"White",3,1,1,1,1,1,1,1,3,2,1,8
"2226",12,17,1,"White",3,3,3,3,3,3,3,3,3,3,2,8
"2227",9,14,0,"White",1,1,1,1,1,1,1,1,2,2,1,8
"2228",9,15,1,"White",3,1,2,2,1,1,3,3,3,2,3,8
"2229",9,14,0,"White",3,2,2,2,2,2,2,2,2,3,3,8
"2230",9,14,1,"White",3,2,2,2,2,2,3,3,3,3,1,8
"2231",9,14,0,"White",2,2,3,2,2,2,3,1,3,2,3,8
"2232",9,15,1,"White",3,2,3,3,2,1,3,3,3,3,1,8
"2233",9,14,0,"White",3,1,3,3,3,2,3,2,2,3,2,8
"2234",9,14,0,"White",2,2,1,2,2,2,3,1,1,2,2,8
"2235",9,14,0,"White",2,2,3,2,2,2,3,1,2,2,2,8
"2236",9,14,1,"White",3,2,3,3,3,2,3,3,1,3,3,8
"2237",9,15,0,"White",3,2,2,3,2,1,3,2,1,2,3,8
"2238",9,14,1,"White",3,2,3,3,2,2,3,3,1,2,2,8
"2239",9,14,1,"White",3,2,3,3,2,1,3,3,2,2,2,8
"2240",9,14,1,"White",3,2,2,2,2,2,3,2,3,2,3,8
"2241",9,15,0,"White",2,2,3,2,2,3,3,2,1,3,1,8
"2242",9,15,0,"White",3,2,3,2,2,3,3,1,2,3,2,8
"2243",9,15,0,"White",2,2,3,3,1,1,3,1,2,3,2,8
"2244",11,16,1,"White",2,2,3,2,2,2,3,1,3,2,2,8
"2245",11,16,1,"White",3,2,2,2,2,3,3,2,2,2,2,8
"2246",11,16,1,"White",3,2,2,2,2,2,3,2,2,2,2,8
"2247",11,16,1,"White",3,3,2,3,2,3,3,2,3,2,2,8
"2248",11,16,1,"White",2,2,2,2,2,2,3,2,2,2,3,8
"2249",11,17,0,"White",2,1,3,3,2,2,3,3,2,3,2,8
"2250",10,15,0,"White",2,2,3,2,1,2,2,1,2,1,3,8
"2251",10,15,1,"White",3,1,2,1,2,1,3,2,3,2,2,8
"2252",10,15,1,"White",1,1,2,1,1,1,2,2,2,3,2,8
"2253",10,15,0,"White",2,2,3,2,1,2,2,1,2,2,2,8
"2254",10,16,0,"White",2,1,2,1,2,1,1,1,2,2,2,8
"2255",10,15,1,"White",3,2,3,3,3,3,3,2,3,3,2,8
"2256",10,15,1,"White",2,3,2,3,1,2,3,3,2,2,2,8
"2257",10,15,1,"White",3,1,3,3,2,3,3,3,2,2,3,8
"2258",10,16,0,"White",2,3,3,3,3,2,3,3,2,3,2,8
"2259",6,22,0,"Other",2,2,1,2,1,1,2,1,3,2,1,8
"2260",6,22,0,"Other",2,2,3,2,2,2,1,1,3,3,NA,8
"2261",10,15,0,"White",1,3,1,1,2,2,1,1,2,2,1,8
"2262",10,15,0,"White",2,2,3,2,1,2,1,1,2,2,2,8
"2263",12,18,1,"White",3,3,3,3,3,3,3,3,3,3,2,8
"2264",12,18,0,"White",3,1,2,2,2,2,3,2,3,3,2,8
"2265",12,17,1,"White",3,2,3,2,2,1,2,2,3,2,2,8
"2266",12,18,0,"White",3,2,2,2,2,1,2,1,2,2,1,8
"2267",12,17,0,"White",2,2,3,2,2,3,3,2,3,2,3,8
"2268",12,17,0,"White",2,2,3,2,3,3,3,2,3,2,1,8
"2269",12,17,1,"White",3,3,3,3,1,3,3,3,2,2,2,8
"2270",9,14,1,"White",3,3,3,3,3,2,3,3,2,2,3,8
"2271",9,14,1,"White",3,1,3,3,2,2,3,3,2,2,2,8
"2272",9,15,1,"White",3,1,2,3,3,3,3,3,3,3,3,8
"2273",9,14,1,"White",3,1,3,3,3,2,3,3,3,3,3,8
"2274",9,15,0,"White",3,2,2,2,2,1,3,2,2,2,2,8
"2275",9,15,1,"White",1,1,1,1,1,1,2,2,1,2,1,8
"2276",9,15,1,"White",3,3,3,2,2,3,3,3,3,3,3,8
"2277",9,14,1,"White",3,2,3,3,3,2,3,3,3,3,3,8
"2278",9,15,1,"White",3,2,2,3,3,2,3,3,3,2,3,8
"2279",9,14,1,"White",2,1,3,2,2,2,3,2,1,2,3,8
"2280",9,14,0,"White",2,2,3,2,1,2,2,1,2,3,2,8
"2281",10,16,1,"White",3,2,3,3,2,2,3,3,3,3,1,8
"2282",9,15,1,"White",3,2,3,2,3,3,3,2,3,2,2,8
"2283",9,14,1,"White",3,3,2,3,3,2,3,3,2,2,3,8
"2284",9,14,1,"White",3,3,3,3,2,1,3,2,3,2,2,8
"2285",12,17,1,"White",3,2,3,3,2,2,3,2,2,3,1,8
"2286",12,17,1,"White",3,2,3,2,1,2,3,1,2,2,2,8
"2287",12,17,1,"White",2,2,3,3,1,3,3,2,1,2,3,8
"2288",12,18,0,"White",2,2,3,3,2,2,3,1,2,3,1,8
"2289",12,17,0,"White",3,2,3,2,2,2,3,1,3,3,1,8
"2290",12,18,1,"White",3,2,3,3,2,2,3,3,3,2,3,8
"2291",12,17,0,"White",3,2,3,3,2,2,3,2,3,2,2,8
"2292",12,17,0,"White",2,1,3,2,2,1,2,1,2,3,2,8
"2293",12,17,0,"White",2,1,2,1,1,1,1,2,1,2,2,8
"2294",10,15,0,"White",NA,NA,NA,NA,NA,NA,NA,NA,NA,NA,NA,8
"2295",12,17,0,"White",2,2,2,1,1,1,2,1,2,1,2,8
"2296",12,18,0,"White",3,3,2,3,3,3,3,3,3,2,2,8
"2297",12,18,1,"White",3,2,3,3,3,3,3,3,3,2,3,8
"2298",12,18,0,"White",1,1,2,1,1,1,2,1,1,1,3,8
"2299",12,18,0,"White",3,2,2,2,2,2,2,1,3,2,3,8
"2300",12,17,1,"White",3,3,3,3,2,3,3,3,2,3,3,8
"2301",12,17,1,"White",1,1,2,1,1,1,2,2,1,3,1,8
"2302",12,18,1,"White",3,2,3,2,1,1,2,2,3,3,2,8
"2303",12,18,0,"White",3,2,3,2,1,1,2,2,2,2,2,8
"2304",12,17,1,"White",3,2,3,3,2,2,3,3,2,3,1,8
"2305",12,18,1,"Other",3,1,2,3,2,2,3,3,2,2,2,8
"2306",11,16,0,"White",NA,NA,NA,NA,NA,NA,NA,NA,NA,NA,NA,8
"2307",11,16,1,"White",NA,NA,NA,NA,NA,NA,NA,NA,NA,NA,NA,8
"2308",9,14,0,"White",2,2,3,3,2,1,3,3,2,2,2,8
"2309",9,14,0,"White",3,2,1,2,1,2,2,1,3,2,3,8
"2310",9,15,1,"White",3,2,3,3,3,3,3,3,3,3,3,8
"2311",9,15,0,"Hispanic",2,3,3,3,2,1,2,1,2,2,2,8
"2312",11,16,0,"White",3,1,1,2,1,2,1,1,2,1,2,8
"2313",9,15,0,"White",3,1,1,1,2,2,2,1,3,1,3,8
"2314",11,16,1,NA,2,2,2,1,1,1,2,2,3,2,2,8
"2315",9,15,0,"White",2,1,3,1,1,1,2,1,2,2,2,8
"2316",9,14,0,"White",1,1,2,1,2,1,1,1,1,1,2,8
"2317",NA,NA,NA,NA,NA,NA,NA,NA,NA,NA,NA,NA,NA,NA,NA,8
"2318",9,14,0,"White",1,1,1,3,1,1,3,1,1,1,1,8
"2319",9,14,0,"White",3,2,3,2,2,3,3,3,1,2,2,8
"2320",9,14,1,"White",2,2,3,1,3,2,3,3,3,3,2,8
"2321",9,15,0,"White",2,2,3,2,3,2,2,1,3,3,1,8
"2322",11,16,1,"White",2,2,2,2,2,2,3,2,2,2,3,8
"2323",10,15,0,"White",2,2,3,2,3,2,3,2,3,2,2,8
"2324",10,16,1,"Asian",2,2,2,3,2,2,3,3,3,3,1,8
"2325",10,15,1,"White",3,2,2,3,2,3,3,3,3,3,3,8
"2326",10,16,1,"White",3,2,2,3,2,3,2,2,2,3,3,8
"2327",10,16,0,"White",3,2,3,3,3,2,3,2,3,3,3,8
"2328",10,15,0,"White",2,1,2,2,1,1,1,1,1,2,1,8
"2329",10,15,0,"White",2,2,2,2,2,2,2,1,2,2,2,8
"2330",10,16,0,"White",2,2,2,2,2,2,3,1,2,3,3,8
"2331",10,15,1,"White",2,2,3,3,2,1,3,3,3,3,2,8
"2332",10,15,1,"White",3,3,2,3,3,2,3,2,2,3,2,8
"2333",10,15,0,"White",2,3,3,3,2,3,3,3,3,3,2,8
"2334",10,16,1,"Black",2,1,3,3,2,2,3,2,2,2,2,8
"2335",10,15,1,"White",3,2,3,2,2,2,3,2,3,2,3,8
"2336",10,15,1,"White",3,2,2,2,2,2,3,2,2,2,2,8
"2337",10,15,1,"White",3,2,3,3,2,2,2,3,2,3,3,8
"2338",10,16,1,"White",3,2,2,3,2,3,3,2,2,1,2,8
"2339",10,15,1,"White",3,2,1,2,1,1,3,3,3,2,3,8
"2340",10,15,1,"White",3,2,2,3,2,3,3,3,3,2,3,8
"2341",10,16,1,"White",2,3,2,2,2,2,3,2,2,2,2,8
"2342",10,15,1,"White",2,2,2,1,1,2,2,2,3,2,2,8
"2343",NA,16,0,"White",3,2,1,3,1,1,2,1,1,2,2,8
"2344",11,16,0,"White",3,2,2,2,2,3,3,2,2,2,3,8
"2345",11,16,1,"White",2,2,3,3,2,2,3,2,1,3,3,8
"2346",11,16,0,"White",1,2,3,1,3,2,3,1,2,2,3,8
"2347",11,16,1,"White",3,2,3,3,3,2,3,2,3,2,3,8
"2348",11,17,0,"White",2,2,3,3,3,2,3,1,3,2,3,8
"2349",11,16,0,"White",2,2,2,3,2,2,3,3,2,3,2,8
"2350",11,16,1,"White",2,2,2,1,2,2,3,1,3,1,2,8
"2351",11,16,0,"White",2,2,2,2,2,2,3,1,2,2,2,8
"2352",11,18,0,"White",2,2,2,1,2,1,2,1,2,2,1,8
"2353",6,22,0,"Other",1,1,2,1,1,1,1,1,2,1,1,8
"2354",10,16,0,"White",2,2,2,2,2,2,2,2,2,2,2,8
"2355",10,15,0,"White",1,1,2,1,1,1,1,1,3,1,1,8
"2356",11,17,1,"White",2,2,3,3,3,1,3,2,3,2,3,8
"2357",10,15,0,"White",3,2,3,3,2,2,3,1,3,3,3,8
"2358",10,15,0,"White",1,2,1,3,1,2,1,1,1,2,2,8
"2359",10,16,0,"White",3,2,1,2,1,1,2,1,2,2,2,8
"2360",10,15,1,"Asian",1,1,2,1,1,1,1,1,1,1,2,8
"2361",10,15,0,"White",3,3,2,3,3,3,3,3,3,3,3,8
"2362",10,15,0,"Hispanic",3,2,3,1,1,1,3,2,1,3,2,8
"2363",9,15,0,"Other",3,2,2,2,1,2,2,1,2,2,2,8
"2364",11,17,1,"White",NA,NA,NA,NA,NA,NA,NA,NA,NA,NA,NA,8
"2365",10,15,1,"White",2,3,3,3,3,2,3,2,3,3,3,8
"2366",10,16,1,"Other",2,2,2,3,1,1,2,3,2,2,1,8
"2367",10,16,1,"White",3,2,3,3,1,3,3,2,2,3,3,8
"2368",10,15,0,"White",3,2,1,2,1,2,1,1,1,2,2,8
"2369",11,16,1,"White",2,2,3,1,1,3,3,2,3,2,2,8
"2370",11,16,1,"White",3,2,3,2,2,3,3,2,2,3,2,8
"2371",11,16,1,"White",3,3,3,3,3,3,3,3,3,3,2,8
"2372",11,17,1,"White",2,2,3,2,2,2,3,2,3,1,3,8
"2373",11,17,1,"White",3,2,2,3,3,3,3,1,2,1,3,8
"2374",11,17,1,"White",3,3,3,3,2,3,3,2,2,3,3,8
"2375",11,16,1,"White",1,2,2,3,2,2,3,3,2,2,1,8
"2376",11,16,1,"White",1,2,2,2,2,2,3,2,2,3,3,8
"2377",11,16,0,"White",1,2,1,3,1,2,3,1,2,2,2,8
"2378",11,16,0,"White",3,2,1,2,2,2,3,1,1,3,2,8
"2379",11,16,1,"White",3,1,3,3,2,2,3,3,3,2,1,8
"2380",11,16,0,"White",1,1,1,1,1,1,1,1,1,1,1,8
"2381",11,16,1,"White",3,3,2,3,1,2,3,3,3,3,2,8
"2382",11,16,0,"White",3,1,2,1,1,1,1,1,1,1,1,8
"2383",11,17,1,"White",3,NA,3,3,2,3,3,3,2,3,3,8
"2384",11,17,0,"White",2,2,2,2,2,2,3,1,3,2,2,8
"2385",11,16,0,"White",2,2,3,3,3,3,3,1,3,2,3,8
"2386",11,16,0,"White",2,2,3,2,2,2,3,2,2,3,2,8
"2387",10,15,0,"White",NA,NA,NA,NA,NA,NA,NA,NA,NA,NA,NA,8
"2388",10,16,0,"White",3,2,2,1,3,2,3,NA,3,2,3,8
"2389",10,16,0,"White",2,2,3,3,2,2,2,1,2,2,2,8
"2390",10,15,1,"Asian",2,2,2,2,2,2,2,2,2,3,2,8
"2391",10,15,1,"White",3,1,3,3,2,1,3,3,2,2,2,8
"2392",10,15,0,"Other",1,1,1,1,1,1,1,1,1,1,1,8
"2393",10,16,1,"White",3,2,3,2,3,2,3,2,2,2,2,8
"2394",10,15,1,"White",2,1,1,2,1,1,3,3,1,1,1,8
"2395",10,15,1,"White",3,2,2,2,1,1,2,2,1,2,2,8
"2396",10,15,1,"White",3,2,2,1,1,1,1,1,1,1,1,8
"2397",10,16,1,"White",3,2,2,2,1,1,3,2,3,2,1,8
"2398",10,17,0,"Black",3,NA,3,NA,3,2,3,1,3,1,1,8
"2399",10,16,0,"White",2,3,3,3,2,2,3,2,3,3,1,8
"2400",10,15,1,"White",3,3,2,2,1,2,2,2,3,2,3,8
"2401",10,15,1,"White",2,1,3,1,2,2,3,1,3,2,1,8
"2402",10,16,0,"White",2,2,2,2,2,2,2,1,1,2,2,8
"2403",10,15,0,"Other",2,2,2,2,2,2,2,1,2,2,2,8
"2404",10,15,1,"White",3,3,3,2,2,2,2,2,3,2,2,8
"2405",10,16,0,"White",2,1,2,1,1,1,1,1,1,1,1,8
"2406",9,NA,NA,NA,NA,NA,NA,NA,NA,NA,NA,NA,NA,NA,NA,8
"2407",11,16,1,"White",2,1,2,3,2,1,3,3,2,2,2,8
"2408",9,14,1,"White",NA,NA,NA,NA,NA,NA,NA,NA,NA,NA,NA,8
"2409",11,17,1,"White",3,2,3,2,3,1,3,1,3,2,2,8
"2410",11,16,1,"White",3,2,3,2,3,2,3,3,3,3,3,8
"2411",11,16,0,"White",1,1,2,1,1,1,1,1,1,2,1,8
"2412",11,17,0,"White",1,1,1,1,1,1,1,1,2,1,1,8
"2413",11,16,0,"White",2,1,2,2,1,1,2,1,1,2,2,8
"2414",11,17,0,"White",2,1,2,3,2,2,3,1,2,3,2,8
"2415",11,17,0,"White",3,1,1,2,1,1,2,1,3,1,1,8
"2416",11,17,0,"White",2,2,3,2,2,2,3,1,2,2,2,8
"2417",11,16,0,"White",2,3,2,3,2,2,3,2,2,3,3,8
"2418",9,14,1,"White",3,2,3,3,2,2,3,3,2,3,2,8
"2419",11,16,0,"White",2,1,1,2,2,1,3,1,1,2,3,8
"2420",11,17,0,"White",3,3,3,3,2,2,3,2,2,2,3,8
"2421",12,18,0,"White",2,2,2,2,1,1,2,1,1,2,2,8
"2422",11,16,0,"Hispanic",1,1,1,3,1,1,1,1,1,1,1,8
"2423",11,16,0,"White",3,2,2,1,2,1,2,1,2,3,2,8
"2424",11,17,1,"White",3,1,3,2,1,2,3,1,1,3,3,8
"2425",11,16,1,"White",3,2,2,2,1,1,3,1,2,2,2,8
"2426",11,16,1,"White",3,2,2,2,2,1,3,1,3,2,2,8
"2427",11,16,1,"Hispanic",3,3,3,3,3,3,3,2,3,3,3,8
"2428",11,16,1,"Asian",3,2,3,2,3,3,3,3,3,2,3,8
"2429",11,16,1,"White",2,3,2,3,2,3,3,3,3,2,1,8
"2430",11,16,1,"White",3,2,3,3,2,2,3,3,3,3,2,8
"2431",11,17,0,"White",2,2,2,2,2,2,2,1,3,2,2,8
"2432",11,17,1,"White",3,3,3,2,2,2,3,2,3,3,3,8
"2433",11,16,1,"White",2,3,3,2,1,2,3,2,2,2,2,8
"2434",11,16,1,"White",3,2,2,3,2,2,3,3,3,3,3,8
"2435",11,17,0,"White",2,2,2,2,3,2,2,2,2,2,2,8
"2436",9,15,1,"White",3,3,3,3,2,2,3,3,3,2,2,8
"2437",12,17,1,"White",NA,NA,NA,NA,NA,NA,NA,NA,NA,NA,NA,8
"2438",12,17,NA,NA,NA,NA,NA,NA,NA,NA,NA,NA,NA,NA,NA,8
"2439",12,18,1,"White",NA,NA,NA,NA,NA,NA,NA,NA,NA,NA,NA,8
"2440",12,17,0,"White",3,2,2,3,2,3,3,2,3,3,3,8
"2441",9,15,0,"White",2,2,3,1,1,1,3,1,1,2,3,8
"2442",9,14,1,"White",3,3,2,2,2,1,3,3,2,2,2,8
"2443",9,14,0,"White",3,2,2,3,2,1,3,1,2,2,3,8
"2444",9,14,1,"White",3,2,2,2,2,2,3,3,2,2,3,8
"2445",9,15,0,"White",2,1,3,1,2,1,2,1,3,2,1,8
"2446",9,15,0,"White",2,2,1,2,1,1,1,1,1,2,2,8
"2447",9,14,1,"White",2,2,3,3,2,2,2,1,2,3,2,8
"2448",9,15,0,"White",1,1,1,1,1,1,1,1,1,1,3,8
"2449",9,14,0,"White",2,3,2,2,1,1,3,1,1,2,3,8
"2450",9,15,1,"White",3,2,2,2,3,3,3,2,2,2,3,8
"2451",9,14,0,"White",2,1,1,1,3,1,1,1,1,1,3,8
"2452",9,14,1,"White",3,3,2,2,3,2,3,3,3,2,2,8
"2453",9,14,1,"White",2,2,2,2,1,2,2,1,2,2,3,8
"2454",9,14,0,"White",3,1,2,2,1,1,2,1,2,1,3,8
"2455",9,14,1,"White",3,2,3,3,2,2,3,3,3,2,2,8
"2456",9,15,0,"White",2,2,3,3,3,2,3,1,3,2,3,8
"2457",9,14,1,"White",3,1,1,2,2,1,2,1,2,1,1,8
"2458",9,14,0,"White",3,2,3,2,1,2,2,1,3,2,2,8
"2459",9,15,0,"White",2,2,1,2,2,2,2,2,2,3,2,8
"2460",9,15,0,"White",3,2,3,2,2,2,3,1,3,3,2,8
"2461",9,14,0,"White",2,3,3,3,1,1,2,1,3,3,2,8
"2462",9,15,0,"White",3,2,1,2,2,2,1,2,3,1,2,8
"2463",12,17,0,"White",3,3,3,3,2,3,3,3,3,3,3,8
"2464",12,17,1,"White",3,3,3,3,2,3,3,3,3,2,2,8
"2465",12,17,0,"White",2,2,2,2,1,2,3,1,3,3,2,8
"2466",12,17,0,"White",2,2,1,2,2,2,3,1,1,2,2,8
"2467",12,18,0,"White",2,1,2,3,2,3,3,2,3,3,2,8
"2468",12,18,1,"White",3,1,3,2,1,2,3,2,1,3,2,8
"2469",12,17,0,"White",2,1,1,2,2,1,3,1,3,2,1,8
"2470",12,17,0,"White",3,1,3,3,2,2,3,2,3,2,2,8
"2471",12,18,0,"Other",1,2,2,3,2,1,3,3,1,2,2,8
"2472",12,18,1,"White",2,2,3,2,2,2,3,2,2,2,2,8
"2473",12,17,0,"White",3,2,2,2,3,3,2,2,3,2,3,8
"2474",12,18,0,"White",2,2,2,2,2,2,2,2,2,2,2,8
"2475",12,NA,NA,NA,2,2,2,2,2,2,2,2,2,2,2,8
"2476",12,17,0,"White",2,2,3,2,NA,2,3,1,2,1,2,8
"2477",10,15,0,"White",1,1,1,1,1,1,1,1,1,1,1,8
"2478",10,15,1,"White",2,3,3,3,2,2,3,3,3,3,3,8
"2479",10,15,0,"Black",1,2,3,NA,1,2,3,NA,1,2,3,8
"2480",10,15,0,"White",1,1,2,2,2,2,2,1,3,1,3,8
"2481",10,15,0,"White",2,3,2,2,2,3,3,3,3,3,2,8
"2482",10,16,0,"White",3,2,2,2,2,2,2,1,2,2,2,8
"2483",10,15,1,"White",2,1,3,2,2,1,3,2,2,2,1,8
"2484",10,15,1,"White",3,3,3,3,2,3,3,2,3,3,3,8
"2485",10,15,0,"White",2,1,2,2,2,1,1,1,1,2,2,8
"2486",10,16,1,"White",3,2,2,2,2,3,2,2,3,3,2,8
"2487",10,15,0,"White",2,2,3,2,1,1,2,2,2,2,2,8
"2488",10,16,0,"White",3,2,3,3,2,3,3,2,3,1,3,8
"2489",10,16,0,"White",3,2,3,2,2,2,3,2,2,2,2,8
"2490",10,16,0,"White",2,2,3,3,2,2,2,3,2,3,3,8
"2491",10,15,0,"White",2,2,1,2,1,2,3,2,1,3,3,8
"2492",10,15,1,"White",3,2,3,3,2,2,3,2,2,2,3,8
"2493",10,15,1,"White",3,1,1,1,1,2,3,1,1,1,2,8
"2494",10,15,1,"White",3,2,2,1,1,1,2,2,1,1,2,8
"2495",10,15,0,"White",2,1,1,2,1,1,2,2,3,3,2,8
"2496",10,16,0,"White",1,2,2,2,1,1,3,1,2,2,2,8
"2497",10,15,0,"White",3,2,3,2,3,3,3,2,2,2,3,8
"2498",10,15,0,"White",3,3,3,2,2,2,2,2,2,2,2,8
"2499",10,16,1,"White",3,2,2,3,3,1,3,1,3,1,2,8
"2500",10,15,1,"White",3,3,2,2,3,2,2,2,3,1,2,8
"2501",10,16,0,"White",2,2,3,2,2,2,3,2,2,2,2,8
"2502",10,16,0,"Hispanic",2,1,3,2,1,2,3,2,3,2,3,8
"2503",10,15,1,"White",3,1,2,3,2,2,3,3,2,3,3,8
"2504",10,15,0,"White",2,2,3,3,3,2,2,2,1,2,2,8
"2505",10,15,0,"White",2,2,3,2,2,3,3,1,2,2,2,8
"2506",10,16,0,"White",3,2,2,3,1,2,3,3,3,2,3,8
"2507",10,16,0,"White",3,1,2,2,2,2,2,1,3,2,3,8
"2508",10,15,0,"White",3,3,3,3,2,3,3,3,3,2,2,8
"2509",10,15,1,"White",3,3,3,3,3,3,3,2,2,3,1,8
"2510",10,16,0,"White",2,1,1,1,1,1,1,1,2,2,1,8
"2511",10,16,0,"Other",3,2,3,3,1,3,3,2,3,3,2,8
"2512",10,15,1,"White",3,2,3,3,2,2,3,2,2,3,2,8
"2513",11,16,0,"White",3,3,3,3,3,3,3,3,3,3,3,8
"2514",11,17,0,"White",2,1,2,1,1,1,1,1,1,1,1,8
"2515",11,17,0,"White",1,2,NA,3,1,1,1,1,1,1,1,8
"2516",11,16,0,"White",3,3,3,3,3,3,3,3,3,3,3,8
"2517",11,16,0,"White",1,2,2,2,2,2,2,2,2,2,2,8
"2518",11,16,0,"White",3,1,3,2,1,2,2,1,3,2,2,8
"2519",11,16,0,"White",3,3,1,2,3,1,2,1,2,3,1,8
"2520",11,18,0,"White",2,3,3,3,2,1,3,2,3,2,3,8
"2521",11,16,0,"White",3,1,2,1,1,1,3,1,1,1,1,8
"2522",11,16,1,"White",3,2,2,2,2,2,3,1,2,1,2,8
"2523",11,17,0,"White",3,2,2,2,2,1,3,1,2,2,2,8
"2524",11,16,0,"White",2,2,3,3,1,2,2,3,2,2,2,8
"2525",11,17,1,"White",2,2,3,2,2,2,3,3,3,3,3,8
"2526",11,16,0,"White",2,2,3,3,2,2,3,2,3,2,2,8
"2527",10,16,0,"White",2,3,2,1,2,2,3,2,2,1,1,8
"2528",10,15,0,"White",2,1,1,1,1,1,1,1,1,1,1,8
"2529",10,15,0,"White",3,2,2,2,1,2,2,1,1,1,1,8
"2530",10,16,1,"White",1,2,2,1,1,1,2,2,2,2,2,8
"2531",10,15,1,"White",1,1,3,3,1,1,3,2,1,3,3,8
"2532",10,15,0,"White",1,1,2,2,1,1,2,1,1,2,2,8
"2533",10,16,1,"White",2,2,3,3,2,2,3,3,3,3,3,8
"2534",10,16,1,"White",3,1,3,1,2,1,2,2,3,3,2,8
"2535",12,17,0,"White",3,2,3,3,2,3,3,1,2,2,3,8
"2536",12,17,1,"White",2,1,2,2,1,1,2,1,1,2,2,8
"2537",12,18,0,"Asian",3,1,3,2,1,1,3,2,2,3,2,8
"2538",12,17,1,"White",3,2,2,2,2,2,3,3,2,3,2,8
"2539",12,17,1,"White",3,1,2,1,1,2,2,1,1,1,1,8
"2540",12,17,1,"White",3,2,2,3,1,2,2,2,1,1,2,8
"2541",12,17,1,"White",3,2,3,2,2,2,3,2,2,2,3,8
"2542",12,17,0,"White",2,2,3,2,1,2,2,1,2,1,3,8
"2543",12,17,1,"White",3,2,3,2,2,2,2,1,2,2,2,8
"2544",12,17,0,"White",2,2,3,2,1,2,3,1,1,2,3,8
"2545",12,17,1,"White",3,2,2,2,2,1,3,1,3,2,1,8
"2546",12,18,1,"White",3,2,3,2,1,3,3,2,3,1,2,8
"2547",9,15,1,"White",2,2,2,3,3,2,3,2,3,3,3,8
"2548",9,15,0,"White",2,1,3,1,2,1,3,1,3,3,2,8
"2549",9,14,0,"White",3,1,3,2,3,2,3,1,2,3,2,8
"2550",9,14,1,"White",3,2,3,3,2,2,2,2,3,2,2,8
"2551",9,14,1,"White",3,3,3,3,3,2,3,3,3,2,2,8
"2552",9,14,0,"Other",2,1,2,1,2,2,3,1,2,3,2,8
"2553",9,15,1,"White",3,2,3,2,2,2,2,2,2,3,2,8
"2554",9,15,0,"White",3,2,3,2,1,3,2,2,2,2,2,8
"2555",9,14,0,"White",3,3,3,3,2,2,3,3,2,3,1,8
"2556",9,15,0,"White",3,2,2,2,2,2,2,1,2,2,2,8
"2557",9,14,1,"White",2,2,2,2,3,2,3,3,1,2,2,8
"2558",9,14,0,"White",3,2,2,2,1,2,3,1,2,2,3,8
"2559",9,14,0,"White",2,1,3,1,2,2,3,1,2,2,2,8
"2560",9,14,1,"White",3,2,3,3,3,3,3,3,3,2,3,8
"2561",9,15,1,"White",3,2,3,3,2,3,3,3,3,3,2,8
"2562",9,14,1,"White",3,2,3,3,2,2,3,3,3,3,2,8
"2563",9,14,1,"White",2,1,1,2,1,1,2,1,1,2,2,8
"2564",9,15,1,"White",3,2,2,3,3,2,3,3,3,3,3,8
"2565",9,14,0,"White",3,2,3,3,3,3,3,3,3,2,3,8
"2566",9,14,1,"White",3,2,2,2,1,2,3,3,1,1,3,8
"2567",9,15,0,"White",3,2,2,1,1,2,3,2,2,2,2,8
"2568",9,15,1,"White",3,2,3,3,3,2,3,3,3,3,2,8
"2569",9,14,1,"White",2,2,3,3,3,2,3,3,3,3,3,8
"2570",9,14,0,"White",3,2,3,2,1,2,3,2,1,2,3,8
"2571",9,14,0,"White",3,2,3,2,1,2,3,1,2,2,2,8
"2572",9,14,1,"White",3,2,3,3,2,2,3,2,2,3,2,8
"2573",9,15,1,"White",3,3,3,3,2,3,3,2,3,3,2,8
"2574",9,14,0,"White",3,2,2,2,2,2,2,2,2,2,2,8
"2575",9,14,0,"White",3,2,3,2,2,1,3,1,1,2,2,8
"2576",9,15,1,"White",3,2,3,3,3,3,3,3,3,2,2,8
"2577",9,14,1,"Asian",3,3,3,3,2,3,3,2,2,3,3,8
"2578",11,15,1,"White",3,3,3,3,2,3,3,2,3,2,2,8
"2579",10,15,0,"White",3,2,3,2,2,1,2,1,2,2,2,8
"2580",10,16,0,"White",2,2,2,2,2,2,2,2,2,2,2,8
"2581",12,17,0,"White",2,2,1,3,3,2,3,1,3,2,3,8
"2582",12,17,1,"White",2,2,NA,2,3,1,2,1,3,2,1,8
"2583",12,17,1,"White",2,2,3,2,1,2,3,2,1,2,1,8
"2584",12,17,1,"White",3,2,3,2,1,2,3,1,3,1,1,8
"2585",12,18,0,"White",2,3,2,1,1,1,3,2,3,2,1,8
"2586",12,17,1,"White",3,2,2,3,3,2,3,3,3,3,2,8
"2587",9,14,0,"White",3,2,3,3,2,2,2,2,3,2,2,8
"2588",9,14,0,"White",3,2,3,3,3,2,3,2,2,3,2,8
"2589",10,15,0,"White",NA,1,2,3,3,2,1,2,1,1,NA,8
"2590",10,16,0,"White",NA,NA,NA,NA,NA,NA,NA,NA,NA,NA,NA,8
"2591",NA,NA,NA,NA,NA,NA,NA,NA,NA,NA,NA,NA,NA,NA,NA,8
"2592",12,17,0,"White",1,1,1,1,1,1,1,1,1,1,1,8
"2593",12,17,NA,NA,NA,NA,NA,NA,NA,NA,NA,NA,NA,NA,NA,8
"2594",9,14,0,"White",NA,NA,NA,NA,NA,NA,NA,NA,NA,NA,NA,8
"2595",10,15,1,"White",3,2,3,3,2,2,3,2,2,3,2,8
"2596",11,17,0,"White",NA,NA,NA,NA,NA,NA,NA,NA,NA,NA,NA,8
"2597",11,16,0,"White",3,3,3,3,3,3,3,2,3,3,2,8
"2598",11,16,0,"White",3,3,3,3,3,3,3,2,3,3,2,8
"2599",11,17,0,"White",2,2,2,2,2,2,2,2,2,2,2,8
"2600",11,16,0,"White",NA,NA,NA,NA,NA,NA,NA,NA,NA,NA,NA,8
"2601",11,16,0,"White",2,2,3,2,2,2,3,2,2,3,2,8
"2602",10,15,0,"White",3,1,2,2,3,2,3,2,2,2,3,8
"2603",11,16,0,"White",NA,NA,NA,NA,NA,NA,NA,NA,NA,NA,NA,8
"2604",11,16,0,"White",NA,NA,NA,NA,NA,NA,NA,NA,NA,NA,NA,8
"2605",11,16,1,"White",3,3,2,2,2,2,3,1,3,3,3,8
"2606",11,16,1,"White",3,3,3,2,1,1,1,3,2,3,1,8
"2607",9,14,1,"White",3,3,2,2,2,2,3,3,3,2,3,8
"2608",NA,NA,NA,NA,NA,NA,NA,NA,NA,NA,NA,NA,NA,NA,NA,8
"2609",12,18,0,"Hispanic",NA,NA,NA,NA,NA,NA,NA,NA,NA,NA,NA,8
"2610",10,16,0,"White",1,1,1,1,1,1,2,1,2,1,2,8
"2611",10,16,0,"White",1,1,2,1,1,1,2,1,3,2,1,8
"2612",10,16,0,"Hispanic",2,1,2,1,1,1,1,1,2,1,1,8
"2613",NA,NA,NA,NA,NA,NA,NA,NA,NA,NA,NA,NA,NA,NA,NA,8
"2614",9,14,1,"White",3,2,3,2,1,1,3,2,2,3,2,8
"2615",NA,NA,NA,NA,NA,NA,NA,NA,NA,NA,NA,NA,NA,NA,NA,8
"2616",11,17,0,"White",NA,NA,NA,NA,NA,NA,NA,NA,NA,NA,NA,8
"2617",11,17,1,"White",3,1,2,2,2,1,3,3,3,2,2,8
"2618",11,17,0,"Hispanic",2,2,2,3,2,2,2,1,1,3,2,9
"2619",9,15,1,"Hispanic",1,2,3,2,1,1,3,1,2,2,2,9
"2620",10,15,0,"Other",1,2,3,2,1,1,1,1,1,2,2,9
"2621",9,15,0,"Other",1,1,3,1,1,1,2,1,2,3,2,9
"2622",12,19,1,"Other",3,2,2,2,3,3,3,3,1,2,2,9
"2623",11,17,1,"Other",2,1,3,2,2,2,3,1,1,2,2,9
"2624",12,18,0,"White",2,2,3,2,2,3,3,1,3,3,2,9
"2625",11,17,0,"Other",1,1,2,1,1,1,1,1,1,2,1,9
"2626",11,16,1,"Other",2,1,3,2,1,2,1,1,2,1,2,9
"2627",12,17,1,"Black",2,3,3,3,2,2,3,3,2,2,2,9
"2628",11,17,0,"Hispanic",1,2,2,2,2,2,2,2,2,2,2,9
"2629",9,16,1,"Other",1,2,2,3,1,1,2,1,1,2,1,9
"2630",10,15,0,"Other",3,1,3,1,2,2,2,1,2,2,2,9
"2631",10,15,1,"Hispanic",1,1,2,2,1,1,1,1,1,1,1,9
"2632",8,15,1,"Other",1,2,3,1,1,2,3,1,3,2,1,9
"2633",12,17,0,"Other",2,2,1,2,1,2,3,1,2,2,3,9
"2634",11,17,0,"Hispanic",1,2,1,3,1,1,1,1,1,1,1,9
"2635",10,15,0,"White",2,2,2,2,2,1,2,1,3,2,2,9
"2636",10,15,1,"Hispanic",2,3,2,3,3,2,3,3,3,3,3,9
"2637",12,17,0,"Hispanic",1,2,1,3,1,1,2,3,2,2,2,9
"2638",11,17,0,"Hispanic",2,3,3,3,2,2,3,3,2,3,3,9
"2639",11,17,1,"White",2,2,2,2,1,1,3,2,2,1,2,9
"2640",10,15,1,"Hispanic",2,1,3,2,2,1,2,2,2,2,2,9
"2641",11,16,1,"Hispanic",1,1,2,1,1,2,2,2,1,1,2,9
"2642",9,14,0,"Hispanic",2,1,1,2,3,1,3,2,1,1,1,9
"2643",9,14,0,"Other",1,1,2,2,1,2,1,1,2,1,1,9
"2644",9,16,0,"White",1,1,1,2,1,1,2,1,1,2,3,9
"2645",9,15,1,"Hispanic",1,2,1,3,1,1,3,1,2,1,2,9
"2646",10,16,1,"White",2,2,3,3,2,2,3,3,3,3,2,9
"2647",10,15,0,"Hispanic",3,3,3,3,2,2,3,2,3,3,3,9
"2648",12,17,0,"Hispanic",2,2,2,3,2,2,3,3,2,2,2,9
"2649",11,16,1,"Asian",NA,3,3,3,3,3,3,3,3,3,3,9
"2650",9,14,0,"Hispanic",2,2,2,2,2,1,2,2,2,2,2,9
"2651",9,15,0,"Hispanic",2,2,2,2,2,2,2,2,2,2,2,9
"2652",11,17,0,"White",2,2,2,2,2,2,2,2,2,2,2,9
"2653",9,15,1,"Hispanic",3,2,3,2,1,1,2,1,3,2,3,9
"2654",11,17,1,"Other",3,2,3,3,1,3,3,2,2,3,3,9
"2655",10,16,1,"Other",2,1,2,1,2,1,3,1,1,1,3,9
"2656",9,16,0,"Hispanic",2,2,3,2,2,3,3,2,2,3,3,9
"2657",11,17,1,"Other",3,2,3,2,3,3,3,3,3,3,3,9
"2658",9,14,1,"Other",2,2,1,2,1,1,1,1,2,2,2,9
"2659",12,19,0,"Other",2,2,2,2,2,2,2,2,2,2,2,9
"2660",10,15,0,"Other",3,3,3,2,2,2,1,1,1,2,2,9
"2661",12,18,1,"Other",1,2,2,2,2,2,3,2,3,2,2,9
"2662",11,15,1,"White",3,3,3,3,2,3,3,2,2,3,2,9
"2663",11,17,1,"Hispanic",2,2,2,3,2,3,3,3,2,3,2,9
"2664",NA,NA,NA,NA,NA,NA,NA,NA,NA,NA,NA,NA,NA,NA,NA,9
"2665",10,16,1,"Other",3,3,1,3,3,3,3,3,2,3,3,9
"2666",10,17,0,"Other",NA,NA,NA,NA,NA,NA,NA,NA,NA,NA,NA,9
"2667",12,18,1,"Other",1,2,3,2,1,1,3,1,3,3,1,9
"2668",10,15,1,"Other",3,2,3,3,2,3,3,2,3,3,3,9
"2669",NA,NA,NA,NA,NA,NA,NA,NA,NA,NA,NA,NA,NA,NA,NA,9
"2670",12,18,0,"White",NA,NA,NA,NA,NA,NA,NA,NA,NA,NA,NA,9
"2671",9,14,0,"Other",3,2,1,1,1,2,2,1,3,3,2,9
"2672",12,18,1,"Other",1,2,2,2,2,2,2,1,3,2,2,9
"2673",11,17,1,"Hispanic",3,3,3,3,2,2,3,3,3,2,3,9
"2674",NA,NA,NA,NA,NA,NA,NA,NA,NA,NA,NA,NA,NA,NA,NA,10
"2675",7,13,1,"White",2,3,2,3,1,3,1,1,3,1,1,10
"2676",7,13,1,"White",3,NA,3,NA,NA,NA,3,3,3,NA,3,10
"2677",7,12,1,"White",3,2,3,2,3,2,3,3,3,3,3,10
"2678",7,13,1,"White",3,2,3,3,2,2,3,2,2,2,2,10
"2679",7,13,1,"White",2,2,2,2,1,2,2,1,1,2,1,10
"2680",7,12,1,"White",3,2,3,2,1,1,3,2,3,1,3,10
"2681",7,12,0,"White",2,1,2,1,2,1,1,1,2,2,1,10
"2682",7,12,0,"White",2,1,3,3,2,2,3,1,3,3,2,10
"2683",7,13,1,"White",2,2,3,3,1,1,3,2,3,3,3,10
"2684",10,20,1,"Other",2,2,3,3,1,1,1,1,1,2,2,10
"2685",7,12,1,"White",3,2,2,2,3,2,3,3,2,2,3,10
"2686",7,14,0,"White",1,1,1,1,1,1,1,1,1,1,1,10
"2687",7,12,1,"White",3,2,3,2,2,2,2,2,3,2,2,10
"2688",7,12,0,"White",1,1,2,1,2,3,2,1,2,3,2,10
"2689",7,12,0,"White",2,1,1,2,2,1,3,1,2,1,2,10
"2690",7,12,0,"White",3,1,2,2,3,1,1,1,3,2,1,10
"2691",7,13,1,"White",3,2,3,3,3,3,3,3,3,3,3,10
"2692",7,12,1,"White",1,1,2,1,1,1,1,1,3,1,1,10
"2693",7,12,0,"Other",1,1,2,3,2,1,3,2,1,2,3,10
"2694",7,12,1,"White",3,2,3,2,2,2,3,2,3,3,2,10
"2695",7,12,0,"White",1,2,1,1,2,2,2,1,1,2,2,10
"2696",8,13,0,"Other",1,1,1,1,1,1,1,1,1,1,1,10
"2697",8,14,0,"White",1,2,1,1,1,1,1,1,1,1,1,10
"2698",8,13,0,"White",1,1,1,1,1,1,1,1,1,1,1,10
"2699",8,13,0,"White",2,2,2,2,3,2,3,1,2,2,2,10
"2700",8,14,1,"White",3,3,2,3,1,1,3,3,1,2,3,10
"2701",8,13,0,"White",1,2,2,2,1,2,2,1,1,2,1,10
"2702",8,13,0,"White",1,2,2,2,1,2,2,1,1,2,1,10
"2703",8,14,0,"White",1,2,2,1,1,1,2,1,1,1,1,10
"2704",8,13,0,"White",3,2,2,2,2,2,2,1,2,1,3,10
"2705",8,13,0,"White",2,2,1,1,1,1,1,1,1,1,1,10
"2706",8,14,1,"White",1,2,2,3,2,1,3,2,2,2,1,10
"2707",8,13,0,"White",3,2,2,2,3,1,3,1,1,3,1,10
"2708",8,13,1,"White",2,2,1,2,1,1,1,1,1,1,1,10
"2709",8,14,1,"White",2,2,3,1,2,1,3,1,2,1,2,10
"2710",9,13,0,NA,2,2,3,3,2,2,3,2,2,1,3,10
"2711",8,15,0,"White",NA,NA,NA,NA,NA,NA,NA,NA,NA,NA,NA,10
"2712",6,22,1,"Black",NA,NA,NA,NA,NA,NA,NA,NA,3,NA,NA,10
"2713",8,13,0,"White",3,2,2,2,2,3,3,2,2,3,2,10
"2714",8,14,0,"White",1,2,1,1,1,1,1,1,1,1,2,10
"2715",8,14,0,"White",3,2,2,3,2,1,3,1,1,2,2,10
"2716",8,13,0,"White",3,3,3,3,2,2,3,2,2,3,3,10
"2717",8,13,0,"White",2,2,3,3,1,2,2,1,3,3,2,10
"2718",8,13,1,"White",3,3,3,3,2,3,3,1,2,2,3,10
"2719",8,13,0,"White",2,2,3,3,3,2,3,1,1,3,3,10
"2720",8,14,0,"White",3,2,3,3,3,3,3,3,3,3,3,10
"2721",7,13,0,"White",3,1,2,1,2,1,1,2,2,2,2,10
"2722",7,13,1,"White",3,2,3,3,3,3,3,NA,3,3,3,10
"2723",7,12,0,"White",2,2,1,1,1,1,1,1,3,1,1,10
"2724",7,13,0,"White",2,1,2,1,1,2,1,1,2,2,1,10
"2725",7,13,1,"White",2,2,3,2,1,2,1,1,2,2,2,10
"2726",7,13,0,"White",2,1,1,2,1,1,2,1,3,2,1,10
"2727",7,12,1,"White",2,1,2,2,1,2,3,2,2,2,3,10
"2728",7,12,1,"White",3,3,3,3,2,2,2,2,2,2,3,10
"2729",7,12,0,"White",2,1,1,1,1,1,1,1,1,1,2,10
"2730",7,14,1,"Hispanic",2,2,2,2,2,2,2,1,1,2,2,10
"2731",7,12,1,"White",3,3,3,3,2,2,3,3,3,3,3,10
"2732",7,12,0,"White",3,2,3,2,2,2,2,1,2,3,3,10
"2733",7,12,0,"White",2,2,3,3,2,2,3,1,2,2,2,10
"2734",7,12,1,"White",3,2,2,1,1,1,2,2,3,1,2,10
"2735",7,12,0,"Hispanic",1,1,3,1,2,3,3,1,3,3,1,10
"2736",7,14,1,"White",1,2,1,2,2,1,2,1,1,1,2,10
"2737",7,13,1,"White",1,2,3,2,2,2,1,1,2,2,2,10
"2738",7,12,0,"White",3,2,3,2,1,2,1,1,2,1,2,10
"2739",7,12,1,"White",3,1,2,1,1,2,1,1,2,1,1,10
"2740",7,12,0,"Other",2,1,3,3,3,3,3,2,3,3,3,10
"2741",7,12,0,"White",2,1,2,2,1,1,2,1,1,1,1,10
"2742",7,12,1,"White",2,3,3,2,3,3,3,3,3,3,3,10
"2743",7,12,0,"White",2,1,3,2,1,2,2,2,1,3,2,10
"2744",7,12,0,"White",2,1,2,1,2,2,2,1,2,1,2,10
"2745",7,12,0,"White",1,3,1,1,1,1,2,1,1,1,1,10
"2746",7,12,1,"White",2,2,1,2,2,1,3,3,3,1,1,10
"2747",7,12,1,"White",2,2,2,1,1,2,3,2,2,2,1,10
"2748",7,12,0,"White",1,1,1,1,2,1,1,1,3,1,1,10
"2749",7,12,1,"White",3,2,3,3,2,2,3,2,2,2,1,10
"2750",7,12,1,"White",2,2,3,2,3,1,3,2,3,3,1,10
"2751",7,12,1,"White",3,2,3,2,2,2,3,3,3,3,2,10
"2752",7,12,1,"White",2,1,2,3,3,2,3,2,3,2,2,10
"2753",7,13,0,"White",3,2,2,3,2,2,2,2,2,2,2,10
"2754",7,12,1,"White",3,1,3,1,2,1,2,2,3,1,2,10
"2755",6,11,0,"White",3,1,3,3,2,3,3,3,3,2,2,10
"2756",6,11,0,"White",2,1,3,1,2,1,3,1,2,3,2,10
"2757",6,11,1,"White",2,3,1,2,2,3,1,2,2,1,2,10
"2758",6,13,0,"White",3,3,3,3,3,3,3,1,3,3,3,10
"2759",6,12,0,"White",2,2,2,2,2,2,2,2,2,2,2,10
"2760",6,11,0,"White",3,3,3,3,3,2,2,2,2,2,3,10
"2761",6,11,0,"White",3,2,3,3,2,3,3,2,3,3,2,10
"2762",6,11,1,"White",3,2,3,2,2,2,3,2,3,2,1,10
"2763",6,12,0,"White",2,2,2,2,2,2,2,1,3,2,2,10
"2764",6,11,1,"White",3,1,3,3,3,3,3,2,2,3,3,10
"2765",6,11,0,"White",3,3,3,2,2,3,3,3,2,3,1,10
"2766",6,11,1,"White",2,2,2,1,3,3,1,1,1,3,3,10
"2767",6,12,0,"White",1,2,2,3,2,2,3,1,3,2,2,10
"2768",6,11,0,"White",2,3,3,3,1,3,3,1,1,2,2,10
"2769",6,11,1,"White",3,3,3,2,1,3,2,1,3,3,3,10
"2770",6,11,0,"White",3,2,3,3,1,3,3,2,2,3,3,10
"2771",6,11,0,"White",2,1,3,2,1,2,2,1,3,2,3,10
"2772",6,12,1,"White",3,3,3,3,2,3,3,2,3,3,3,10
"2773",6,12,1,"White",2,1,3,3,2,3,2,2,2,3,2,10
"2774",6,12,1,"White",2,3,3,2,3,3,3,3,2,2,1,10
"2775",6,11,1,"White",3,1,2,2,2,2,3,1,3,2,2,10
"2776",6,11,1,"White",2,2,3,2,2,3,3,2,3,2,2,10
"2777",8,13,1,"White",2,3,3,3,2,2,3,3,3,2,3,10
"2778",8,13,1,"White",3,2,3,2,2,2,3,1,2,1,1,10
"2779",8,15,1,"White",2,3,2,3,2,1,3,3,3,2,1,10
"2780",8,13,1,"White",3,2,3,2,2,1,3,1,3,2,1,10
"2781",8,14,1,"White",3,2,3,2,1,2,2,1,2,1,2,10
"2782",8,13,1,"White",2,2,2,2,1,1,1,1,2,2,2,10
"2783",8,13,0,"White",1,1,2,1,1,1,2,1,1,1,2,10
"2784",8,13,1,"White",3,2,2,2,1,1,1,2,3,2,3,10
"2785",8,14,0,"Other",1,1,1,2,1,1,2,1,1,1,1,10
"2786",8,13,1,"White",3,2,3,1,2,1,3,2,2,2,3,10
"2787",8,13,1,"Asian",3,3,1,1,2,1,2,2,3,1,1,10
"2788",8,13,1,"White",1,1,1,1,1,1,1,1,1,1,1,10
"2789",8,13,1,"White",1,2,1,1,1,1,3,2,2,2,2,10
"2790",8,13,0,"White",3,2,3,3,3,3,3,3,3,3,3,10
"2791",8,13,0,"White",2,2,3,2,1,2,2,1,2,2,1,10
"2792",8,13,0,"Asian",1,2,3,3,2,1,3,1,2,3,1,10
"2793",8,13,1,"White",2,2,3,3,1,1,3,2,3,3,2,10
"2794",6,11,1,"White",2,3,3,2,1,1,2,2,3,1,2,10
"2795",6,11,1,"White",3,2,3,3,2,2,3,2,2,2,2,10
"2796",6,11,1,"White",3,1,3,3,3,3,3,1,3,2,2,10
"2797",6,11,0,"White",2,2,3,1,3,3,3,3,2,3,2,10
"2798",6,11,0,"White",2,3,3,3,2,3,2,2,2,1,2,10
"2799",6,11,1,"White",2,3,3,3,3,2,3,3,3,3,3,10
"2800",6,11,0,"White",2,2,3,2,2,3,2,1,2,3,2,10
"2801",6,12,1,"Other",1,1,3,2,1,1,3,1,3,2,3,10
"2802",6,12,0,"Other",2,1,3,1,2,1,3,2,3,3,2,10
"2803",6,11,1,"White",3,3,3,3,3,3,3,3,3,3,3,10
"2804",6,12,0,"White",2,2,2,1,1,1,1,1,1,1,2,10
"2805",6,11,0,"White",2,2,2,1,1,2,2,1,2,2,1,10
"2806",6,11,0,"White",2,1,2,NA,2,2,2,1,1,2,2,10
"2807",6,11,0,"White",2,2,3,2,1,2,2,1,2,2,3,10
"2808",6,12,1,"White",3,3,3,3,3,3,3,3,3,3,3,10
"2809",6,11,0,"White",2,3,3,3,2,3,3,3,3,2,3,10
"2810",6,11,1,"White",3,2,3,2,3,3,3,2,2,3,3,10
"2811",6,12,1,"White",3,2,3,2,2,2,2,1,2,2,2,10
"2812",6,11,0,"White",3,1,2,1,2,1,1,1,2,3,2,10
"2813",8,13,0,"White",3,3,3,3,3,3,3,2,3,3,2,10
"2814",8,14,1,"White",3,2,3,3,2,3,3,2,3,3,2,10
"2815",8,14,0,"White",3,2,3,2,2,1,2,2,3,3,3,10
"2816",8,13,1,"White",3,2,3,2,3,2,3,3,1,3,3,10
"2817",8,13,0,"White",2,1,1,3,1,1,1,2,1,3,2,10
"2818",8,13,0,"White",3,2,3,2,1,2,2,3,2,2,3,10
"2819",8,14,1,"White",3,1,2,2,2,1,2,3,3,2,3,10
"2820",8,13,0,"Hispanic",1,1,1,1,1,1,1,1,1,1,3,10
"2821",8,13,0,"White",2,2,3,3,2,2,1,1,2,2,1,10
"2822",8,13,0,"White",2,2,3,3,3,3,3,2,2,3,2,10
"2823",8,13,0,"White",1,3,2,3,2,2,2,2,1,3,2,10
"2824",8,13,0,"White",3,2,3,1,1,2,3,2,2,3,2,10
"2825",8,13,0,"White",3,1,2,3,1,3,3,1,2,2,3,10
"2826",8,13,0,"White",2,2,2,1,1,1,2,1,2,2,3,10
"2827",6,11,1,"White",3,3,3,3,3,3,3,3,3,3,3,10
"2828",NA,NA,NA,NA,NA,NA,NA,NA,NA,NA,NA,NA,NA,NA,NA,10
"2829",NA,NA,NA,NA,NA,NA,NA,NA,NA,NA,NA,NA,NA,NA,NA,10
"2830",NA,NA,NA,NA,NA,NA,NA,NA,NA,NA,NA,NA,NA,NA,NA,10
"2831",7,12,1,"White",3,3,3,3,3,3,3,3,3,3,3,10
"2832",NA,NA,NA,NA,NA,NA,NA,NA,NA,NA,NA,NA,NA,NA,NA,10
"2833",NA,NA,NA,NA,NA,NA,NA,NA,NA,NA,NA,NA,NA,NA,NA,10
"2834",9,15,1,"White",2,3,1,2,2,2,3,2,1,2,2,10
"2835",9,14,1,"Hispanic",3,2,3,2,2,1,3,3,3,2,1,10
"2836",9,14,1,"White",3,3,3,2,2,2,3,2,3,3,2,10
"2837",9,15,0,"White",1,2,3,3,2,2,3,3,1,3,2,10
"2838",9,14,1,"White",3,2,3,2,2,2,3,2,2,2,2,10
"2839",9,15,0,"White",3,2,2,2,2,2,2,2,2,2,2,10
"2840",9,14,1,"White",3,3,2,2,2,1,3,2,3,2,2,10
"2841",9,14,0,"White",2,2,2,2,3,2,2,2,1,3,3,10
"2842",9,15,0,"White",2,2,1,2,3,1,3,1,2,2,2,10
"2843",9,14,1,"White",2,2,3,2,1,1,2,2,1,2,3,10
"2844",9,15,0,"White",1,1,2,2,1,1,2,1,1,2,1,10
"2845",9,15,1,"White",2,2,3,2,1,1,3,1,3,2,2,10
"2846",9,15,0,"Other",2,2,2,3,1,1,2,2,2,2,2,10
"2847",9,15,0,"White",3,3,3,3,3,3,3,3,3,3,2,10
"2848",9,14,0,"White",2,2,1,1,1,1,1,1,1,2,3,10
"2849",9,14,0,"White",2,1,1,2,1,1,1,NA,2,1,1,10
"2850",9,14,0,"White",1,1,1,1,1,1,1,1,1,1,1,10
"2851",9,15,0,"White",2,1,2,2,1,1,1,1,2,2,2,10
"2852",9,14,1,"White",3,2,3,2,1,1,3,2,3,2,2,10
"2853",9,14,0,"White",2,1,1,1,1,1,1,1,3,2,1,10
"2854",9,14,0,"White",2,2,2,2,2,2,1,1,1,2,2,10
"2855",9,15,0,"White",1,2,1,2,1,1,2,NA,3,2,1,10
"2856",9,15,0,"White",3,3,3,3,3,3,3,3,3,3,3,10
"2857",9,14,1,"Other",2,1,2,2,1,2,1,1,3,2,2,10
"2858",12,17,1,"White",2,1,2,3,1,2,2,3,2,2,1,10
"2859",12,17,0,"White",2,2,2,1,1,1,2,1,2,2,2,10
"2860",12,17,1,"White",3,2,3,2,3,2,NA,3,2,2,2,10
"2861",12,17,0,"White",2,1,3,1,1,2,1,1,3,1,2,10
"2862",12,18,0,"White",1,1,2,1,2,1,2,1,1,2,1,10
"2863",12,17,1,"Other",2,1,3,1,2,2,3,2,2,2,2,10
"2864",12,18,1,"White",3,2,3,3,2,3,3,1,3,2,1,10
"2865",12,17,1,"White",3,3,3,3,2,2,3,3,2,2,NA,10
"2866",12,17,1,"White",2,2,3,3,3,2,3,3,3,3,3,10
"2867",12,18,0,"White",3,1,3,3,2,3,3,1,2,3,3,10
"2868",12,18,0,"White",3,3,3,3,3,3,3,3,3,3,3,10
"2869",12,18,1,"White",3,3,3,3,2,3,3,3,2,3,2,10
"2870",12,17,0,"White",2,2,3,3,2,2,3,1,2,3,2,10
"2871",12,17,1,"White",3,2,3,3,2,2,3,3,3,3,2,10
"2872",12,17,0,"White",2,1,2,1,2,2,2,1,1,2,2,10
"2873",12,17,1,"White",3,3,3,3,1,2,2,3,2,1,3,10
"2874",10,15,0,"Asian",2,2,2,2,2,2,2,1,2,2,3,10
"2875",10,15,0,"White",2,2,2,2,2,2,3,1,2,2,2,10
"2876",10,16,0,"White",3,2,3,3,2,2,3,2,2,2,2,10
"2877",10,15,1,"White",3,2,3,3,2,2,3,3,2,2,2,10
"2878",10,16,1,"White",3,3,3,3,3,3,3,3,3,3,3,10
"2879",10,15,0,"White",3,NA,3,3,2,2,3,2,1,3,2,10
"2880",10,16,0,"White",2,3,3,3,1,1,2,2,3,2,1,10
"2881",10,15,1,"White",2,2,2,3,1,2,3,2,2,2,3,10
"2882",10,16,1,"White",3,3,3,3,2,2,3,2,2,2,3,10
"2883",10,16,1,"White",3,3,3,2,1,1,2,2,2,3,3,10
"2884",10,15,0,"White",1,2,3,2,1,2,3,2,2,2,3,10
"2885",10,15,0,"White",3,2,2,2,2,2,3,1,2,2,2,10
"2886",11,17,0,"White",2,2,2,2,2,2,2,2,2,2,2,10
"2887",10,15,1,"White",3,3,3,3,2,3,3,3,3,3,3,10
"2888",10,15,0,"White",NA,NA,NA,NA,NA,NA,NA,NA,NA,NA,NA,10
"2889",10,15,0,"White",3,2,3,2,1,2,1,2,1,2,1,10
"2890",10,16,1,"White",3,2,3,3,2,2,2,3,3,2,2,10
"2891",10,15,1,"White",2,2,2,2,2,1,3,1,3,2,2,10
"2892",10,16,0,"White",1,1,2,1,1,1,1,1,1,1,1,10
"2893",10,15,0,"Other",3,2,3,3,3,1,3,3,3,3,3,10
"2894",10,16,0,"White",2,3,2,3,2,2,3,3,2,2,1,10
"2895",10,16,0,"White",2,2,3,3,1,1,3,2,2,3,1,10
"2896",10,15,1,"White",1,1,1,3,1,1,1,2,1,1,1,10
"2897",10,16,1,"Black",2,2,3,2,1,2,1,2,2,2,2,10
"2898",10,16,1,"White",2,2,3,2,1,2,3,2,1,2,2,10
"2899",10,15,1,"White",1,2,1,1,2,2,3,1,3,1,1,10
"2900",10,16,0,"White",2,2,2,2,2,2,2,2,2,2,2,10
"2901",10,15,1,"White",1,1,2,1,1,1,2,1,2,1,1,10
"2902",9,14,0,"White",1,1,2,2,1,1,1,1,1,1,1,10
"2903",9,14,0,"White",3,2,3,3,1,1,3,2,1,3,2,10
"2904",9,14,1,"White",2,2,2,2,1,1,2,3,3,2,2,10
"2905",9,14,1,"White",3,2,2,3,1,1,1,3,3,2,2,10
"2906",9,15,1,"Hispanic",1,2,1,2,1,1,2,1,1,1,1,10
"2907",9,15,1,"White",3,2,3,3,2,2,3,3,3,3,1,10
"2908",9,15,1,"White",3,2,3,2,2,1,2,2,3,1,2,10
"2909",9,14,0,"White",2,1,2,2,1,1,2,1,2,2,2,10
"2910",9,14,0,"Black",2,1,3,2,2,1,2,1,3,2,1,10
"2911",9,14,0,"White",2,2,2,2,1,1,2,1,2,2,2,10
"2912",9,15,1,"White",3,3,3,3,3,3,3,3,3,3,3,10
"2913",9,15,1,"White",1,2,3,3,1,2,3,2,1,3,2,10
"2914",9,15,1,"White",1,2,3,2,3,1,3,3,2,3,2,10
"2915",9,14,1,"White",2,1,2,2,1,1,3,2,1,2,3,10
"2916",12,18,0,"White",2,2,2,2,2,2,2,NA,2,2,2,10
"2917",12,17,0,"White",2,2,2,2,2,2,2,2,2,2,2,10
"2918",12,17,0,"White",2,2,2,2,2,2,2,2,2,2,2,10
"2919",12,19,0,"Asian",1,2,2,1,1,2,3,1,3,3,3,10
"2920",12,17,1,"White",3,2,3,3,2,1,3,1,3,2,2,10
"2921",12,17,0,"White",3,1,1,1,1,1,1,1,1,2,1,10
"2922",12,17,1,"White",3,2,3,3,1,1,3,2,3,3,2,10
"2923",12,18,1,"White",2,2,3,2,2,1,3,2,2,2,2,10
"2924",12,17,1,"White",1,2,2,2,2,1,3,2,2,2,1,10
"2925",12,17,0,"Black",2,1,3,1,1,1,3,3,3,3,3,10
"2926",12,17,1,"White",3,2,3,2,2,2,3,2,2,2,1,10
"2927",12,17,1,"White",3,2,3,2,2,2,3,2,2,2,3,10
"2928",12,17,0,"White",2,3,3,3,3,1,2,1,2,3,2,10
"2929",12,17,1,"White",3,3,3,3,2,1,2,3,2,3,2,10
"2930",12,17,0,"White",2,2,2,1,1,2,2,2,2,1,2,10
"2931",12,18,1,"White",1,2,2,3,1,1,3,2,3,2,2,10
"2932",12,17,1,"White",3,2,2,3,2,2,3,3,2,3,2,10
"2933",10,16,1,"White",2,2,1,3,2,1,3,2,2,2,2,10
"2934",10,15,0,"White",2,1,2,1,1,1,3,2,1,2,1,10
"2935",10,15,1,"White",2,2,2,3,2,2,NA,3,2,2,2,10
"2936",10,15,1,"White",3,2,2,2,1,2,2,2,2,2,2,10
"2937",10,15,0,"White",3,2,1,2,1,2,2,1,2,2,2,10
"2938",10,15,0,"White",3,2,3,3,1,2,3,2,3,3,2,10
"2939",11,16,1,"White",3,2,3,3,1,1,2,2,1,2,2,10
"2940",11,17,0,"White",2,1,2,1,2,2,1,1,1,1,1,10
"2941",11,16,0,"Hispanic",2,2,2,3,1,1,3,3,1,2,2,10
"2942",11,16,1,"White",2,2,1,1,2,2,3,2,1,2,2,10
"2943",11,16,0,"White",2,2,3,2,2,2,2,1,2,3,2,10
"2944",12,18,1,"White",1,1,3,2,1,1,2,3,2,1,3,10
"2945",11,16,0,"White",2,2,2,1,1,1,1,1,2,1,1,10
"2946",11,16,0,"White",1,1,3,2,2,1,1,1,1,2,2,10
"2947",11,16,1,"White",3,2,1,3,2,2,3,3,2,2,2,10
"2948",11,16,0,NA,3,2,3,2,2,2,3,2,3,2,2,10
"2949",11,16,0,"White",2,2,1,2,1,1,2,1,1,2,3,10
"2950",11,16,1,"White",3,2,2,2,1,2,2,2,2,2,1,10
"2951",11,17,0,"White",2,1,1,1,2,1,2,1,1,2,1,10
"2952",11,16,0,"White",1,2,2,1,1,1,3,1,1,2,2,10
"2953",11,16,1,"White",2,3,3,2,1,2,3,3,3,3,2,10
"2954",11,16,1,"White",2,2,2,1,1,1,1,1,1,1,2,10
"2955",11,16,0,"White",2,3,2,2,2,2,2,1,1,2,3,10
"2956",11,16,0,"White",3,2,3,2,2,2,3,2,3,2,2,10
"2957",11,16,0,"White",1,1,2,1,1,1,1,1,3,2,1,10
"2958",11,17,1,"White",1,2,3,3,2,1,2,3,2,1,2,10
"2959",11,16,0,"White",1,2,1,2,1,1,3,1,1,3,1,10
"2960",11,17,1,"White",2,1,3,2,2,2,3,1,2,2,1,10
"2961",11,16,0,"White",2,2,1,1,1,1,1,1,2,2,2,10
"2962",11,16,0,"White",2,1,1,1,1,1,1,1,2,2,2,10
"2963",11,17,0,"White",1,1,1,3,1,1,3,2,2,1,3,10
"2964",11,16,0,"White",2,2,3,3,3,3,3,3,3,3,3,10
"2965",11,16,0,"White",3,2,2,3,3,2,3,2,3,3,2,10
"2966",12,17,1,"White",3,2,1,2,2,1,3,2,2,2,3,10
"2967",12,16,1,"White",2,2,3,2,1,2,3,2,3,2,1,10
"2968",11,16,1,"White",2,2,2,2,2,2,3,1,3,1,3,10
"2969",11,16,1,"White",3,2,3,3,3,2,3,3,2,3,2,10
"2970",11,17,1,"White",1,1,3,2,1,1,3,3,3,3,2,10
"2971",11,17,1,"White",2,1,2,2,1,1,3,1,3,1,2,10
"2972",11,16,1,"White",3,2,2,2,3,3,3,3,3,3,1,10
"2973",11,16,1,"White",2,3,2,3,2,2,3,3,3,3,3,10
"2974",11,16,0,"White",3,2,2,2,1,2,2,2,2,3,2,10
"2975",11,16,1,"White",3,2,2,2,1,1,2,2,3,2,3,10
"2976",11,16,1,"White",1,2,2,3,1,1,3,3,1,3,2,10
"2977",11,16,1,"White",3,1,3,3,2,3,3,3,3,2,2,10
"2978",11,17,0,"White",1,1,1,2,2,3,3,2,3,3,3,10
"2979",11,16,1,"White",3,2,3,2,1,3,3,1,3,3,3,10
"2980",11,16,0,"White",2,3,3,3,2,2,3,1,3,2,2,10
"2981",11,17,1,"White",2,2,2,3,1,1,3,1,2,2,1,10
"2982",11,16,1,"White",1,1,1,1,1,1,1,1,1,1,1,10
"2983",11,17,1,"White",1,1,3,1,2,1,2,1,2,2,2,10
"2984",NA,NA,NA,NA,NA,NA,NA,NA,NA,NA,NA,NA,NA,NA,NA,10
"2985",7,12,0,"White",NA,NA,NA,NA,NA,NA,NA,NA,NA,NA,NA,10
"2986",8,13,0,"White",3,2,2,2,1,1,1,1,2,2,2,10
"2987",8,13,1,"White",NA,NA,NA,NA,NA,NA,NA,NA,NA,NA,NA,10
"2988",8,NA,NA,NA,NA,NA,NA,NA,NA,NA,NA,NA,NA,NA,NA,10
"2989",8,13,1,"White",1,2,3,2,1,2,3,2,3,2,1,10
"2990",NA,NA,NA,NA,NA,NA,NA,NA,NA,NA,NA,NA,NA,NA,NA,10
"2991",7,12,1,"White",2,1,2,1,1,1,3,2,1,1,1,10
"2992",7,13,0,"White",NA,NA,NA,NA,NA,NA,NA,NA,NA,NA,NA,10
"2993",12,18,0,"White",NA,NA,NA,NA,NA,NA,NA,NA,NA,NA,NA,10
"2994",7,12,1,"White",3,1,2,2,2,1,3,3,3,1,2,10
"2995",NA,NA,NA,NA,NA,NA,NA,NA,NA,NA,NA,NA,NA,NA,NA,10
"2996",6,11,0,"White",2,2,3,2,2,2,3,1,2,2,NA,10
"2997",6,11,0,"White",2,1,3,1,3,1,2,1,2,3,2,10
"2998",6,11,0,"White",NA,NA,NA,NA,NA,NA,NA,NA,NA,NA,NA,10
"2999",NA,NA,NA,NA,NA,NA,NA,NA,NA,NA,NA,NA,NA,NA,NA,10
"3000",6,11,0,"White",1,2,3,2,1,2,3,2,3,3,2,10
"3001",6,11,1,"White",2,2,3,3,2,2,3,1,3,3,2,10
"3002",6,11,1,"White",3,3,3,3,3,3,3,3,3,3,3,10
"3003",6,NA,0,"White",3,1,3,1,3,3,3,3,3,3,2,10
"3004",6,11,1,"White",2,2,3,3,2,3,3,3,2,3,2,10
"3005",6,12,0,"White",3,1,3,1,1,2,1,1,1,3,2,10
"3006",6,11,1,"White",3,3,3,3,2,3,3,3,2,3,2,10
"3007",6,11,0,"White",1,2,3,2,2,2,3,1,2,2,3,10
"3008",NA,NA,NA,NA,NA,NA,NA,NA,NA,NA,NA,NA,NA,NA,NA,10
"3009",8,13,1,"White",NA,NA,NA,NA,NA,NA,NA,NA,NA,NA,NA,10
"3010",NA,NA,NA,NA,NA,NA,NA,NA,NA,NA,NA,NA,NA,NA,NA,10
"3011",6,11,1,"White",3,3,3,3,2,3,3,3,2,3,3,10
"3012",NA,NA,NA,NA,NA,NA,NA,NA,NA,NA,NA,NA,NA,NA,NA,10
"3013",12,16,1,"White",2,2,2,2,3,2,2,2,2,2,2,10
"3014",12,17,1,"White",NA,NA,NA,NA,NA,NA,NA,NA,NA,NA,NA,10
"3015",NA,NA,NA,NA,NA,NA,NA,NA,NA,NA,NA,NA,NA,NA,NA,10
"3016",NA,NA,NA,NA,NA,NA,NA,NA,NA,NA,NA,NA,NA,NA,NA,10
"3017",NA,NA,NA,NA,NA,NA,NA,NA,NA,NA,NA,NA,NA,NA,NA,10
"3018",NA,NA,NA,NA,NA,NA,NA,NA,NA,NA,NA,NA,NA,NA,NA,10
"3019",9,15,1,"White",NA,NA,NA,NA,NA,NA,NA,NA,NA,NA,NA,10
"3020",9,15,0,"White",2,1,2,2,1,2,2,1,2,1,1,10
"3021",10,16,0,"White",2,3,2,3,2,2,3,1,2,3,2,10
"3022",9,15,0,"White",NA,NA,NA,NA,NA,NA,NA,NA,NA,NA,NA,10
"3023",12,18,0,"White",3,3,3,3,3,3,3,3,3,3,3,10
"3024",10,16,0,"Black",NA,NA,NA,NA,NA,NA,NA,NA,NA,NA,NA,10
"3025",10,15,1,"White",NA,NA,NA,3,NA,NA,NA,NA,NA,NA,NA,10
"3026",10,16,1,"White",3,2,3,3,3,2,3,3,3,2,1,10
"3027",10,16,1,"Other",3,2,3,3,2,2,3,2,3,2,2,10
"3028",10,15,0,"White",2,2,2,2,2,2,3,2,2,3,1,10
"3029",NA,NA,NA,NA,NA,NA,NA,NA,NA,NA,NA,NA,NA,NA,NA,10
"3030",NA,NA,NA,NA,NA,NA,NA,NA,NA,NA,NA,NA,NA,NA,NA,10
"3031",12,NA,NA,NA,NA,NA,NA,NA,NA,NA,NA,NA,NA,NA,NA,10
"3032",NA,NA,NA,NA,NA,NA,NA,NA,NA,NA,NA,NA,NA,NA,NA,10
"3033",12,17,1,"White",1,1,2,2,3,3,3,1,3,2,2,10
"3034",10,15,1,"White",2,2,2,2,1,2,2,1,2,2,2,10
"3035",10,15,0,"White",2,1,2,1,2,2,2,1,2,1,2,10
"3036",10,16,1,"White",2,2,3,2,1,2,3,1,1,2,2,10
"3037",11,19,1,"White",2,3,2,3,1,1,1,1,1,2,1,10
"3038",11,16,1,"White",NA,NA,NA,NA,NA,NA,NA,NA,NA,NA,NA,10
"3039",11,16,0,"White",3,2,2,2,1,2,1,1,2,3,3,10
"3040",11,17,1,"White",2,2,2,2,3,1,3,1,3,2,1,10
"3041",11,17,1,"White",1,2,2,2,1,1,3,2,3,2,1,10
"3042",NA,NA,NA,NA,NA,NA,NA,NA,NA,NA,NA,NA,NA,NA,NA,10
"3043",NA,NA,NA,NA,NA,NA,NA,NA,NA,NA,NA,NA,NA,NA,NA,11
"3044",11,17,0,"White",3,2,3,3,2,3,3,3,2,3,3,11
"3045",11,17,0,"White",3,2,3,3,2,2,3,2,3,3,2,11
"3046",12,17,1,"Asian",3,3,3,3,1,3,3,2,1,3,2,11
"3047",11,16,1,"Other",3,2,1,3,1,2,3,3,3,3,3,11
"3048",9,14,0,"Asian",NA,NA,NA,3,NA,NA,NA,NA,NA,NA,NA,11
"3049",11,16,1,"Other",3,2,3,2,3,2,3,2,2,3,2,11
"3050",12,17,1,"Hispanic",3,2,2,2,2,2,3,2,3,3,1,11
"3051",12,18,1,"White",3,3,3,3,2,3,3,3,3,3,2,11
"3052",11,16,0,"Hispanic",2,2,3,2,1,1,2,1,2,1,2,11
"3053",12,17,1,"White",2,2,3,2,1,2,3,3,3,3,2,11
"3054",9,14,0,"White",2,2,2,2,2,2,2,2,2,2,2,11
"3055",9,14,1,"Black",3,2,3,2,3,2,3,2,3,3,3,11
"3056",9,14,0,"White",3,2,3,3,2,2,3,2,3,3,2,11
"3057",11,17,1,"Black",3,2,3,2,1,2,2,2,1,3,2,11
"3058",11,17,0,"Hispanic",3,2,3,3,2,2,3,3,2,1,2,11
"3059",9,14,1,"White",3,2,3,2,1,2,1,2,3,3,3,11
"3060",9,14,0,"Hispanic",3,2,3,2,2,1,3,1,NA,2,3,11
"3061",9,14,1,"White",3,3,3,3,3,3,3,2,3,3,3,11
"3062",9,14,1,"White",3,2,3,3,3,3,3,3,3,3,3,11
"3063",9,15,1,"White",1,1,1,1,1,1,3,3,3,3,2,11
"3064",11,17,1,"Asian",1,1,1,2,2,1,2,2,2,2,3,11
"3065",11,16,0,"Hispanic",2,2,2,2,2,2,2,1,2,2,2,11
"3066",12,17,1,"Asian",3,2,2,3,2,2,3,1,3,3,2,11
"3067",9,15,0,"Asian",3,1,3,3,2,3,3,3,3,3,2,11
"3068",9,15,1,"Asian",3,2,3,3,2,2,3,3,3,3,2,11
"3069",12,17,1,"White",2,1,1,3,3,3,3,3,3,3,3,11
"3070",10,16,0,"White",1,2,1,2,2,2,3,2,3,3,3,11
"3071",9,15,0,"White",3,3,2,2,2,2,3,2,3,3,1,11
"3072",9,15,0,"Black",2,1,2,1,1,1,3,1,3,2,1,11
"3073",11,16,1,"Hispanic",3,2,3,3,3,3,3,1,3,2,3,11
"3074",9,14,1,"Black",2,1,3,1,3,2,2,1,1,3,3,11
"3075",10,16,1,"Hispanic",3,2,1,3,3,2,3,3,3,2,3,11
"3076",11,17,1,"Hispanic",3,1,2,2,3,2,3,1,3,2,3,11
"3077",12,17,0,"Black",1,1,3,1,1,1,2,1,3,2,2,11
"3078",11,16,1,"Asian",3,2,2,1,3,2,3,1,3,2,2,11
"3079",NA,NA,NA,NA,NA,NA,NA,NA,NA,NA,NA,NA,NA,NA,NA,11
"3080",10,16,1,"White",2,2,3,3,1,2,3,1,2,3,3,11
"3081",9,15,0,"White",1,1,2,2,2,2,2,1,3,2,2,11
"3082",9,14,0,"Black",2,2,2,2,2,1,3,1,2,2,2,11
"3083",9,14,1,"Black",3,2,3,2,3,2,3,2,3,3,2,11
"3084",10,15,0,"White",2,1,3,3,3,3,3,2,2,3,2,11
"3085",11,16,0,"Black",2,2,3,2,2,2,3,2,2,3,1,11
"3086",10,15,1,"White",3,2,2,2,2,2,3,2,2,2,2,11
"3087",9,15,0,"White",3,2,3,3,3,2,3,1,2,3,3,11
"3088",9,15,1,"Asian",1,2,2,2,2,3,3,1,1,2,2,11
"3089",9,10,0,"White",1,1,1,1,1,1,1,1,1,1,1,11
"3090",10,15,0,"Black",1,1,2,2,2,1,1,1,2,2,2,11
"3091",9,16,0,"Hispanic",2,1,1,2,1,2,3,1,2,2,2,11
"3092",9,14,0,"Other",3,2,3,3,2,3,3,3,3,2,3,11
"3093",9,14,1,"Other",3,2,3,3,2,2,3,1,3,2,2,11
"3094",9,14,0,"White",2,2,2,3,2,2,2,2,3,2,2,11
"3095",10,15,NA,"Other",2,3,1,3,2,2,3,3,3,2,2,11
"3096",10,15,0,"Asian",3,2,3,3,3,3,3,3,3,3,3,11
"3097",11,16,1,"Black",3,1,3,2,1,2,2,1,2,3,1,11
"3098",9,14,1,"Black",3,1,3,1,3,1,3,2,3,3,3,11
"3099",12,17,1,"White",3,2,3,3,1,2,3,2,1,3,2,11
"3100",10,15,0,"Other",1,2,3,2,2,2,3,1,3,2,3,11
"3101",12,17,1,"White",3,2,2,2,1,1,3,2,1,2,3,11
"3102",10,15,1,"White",3,2,3,2,3,3,3,3,3,3,2,11
"3103",12,17,0,"Hispanic",2,2,2,3,2,2,3,2,2,3,3,11
"3104",10,16,1,"White",3,1,3,3,2,2,3,3,3,3,3,11
"3105",10,15,1,"Asian",3,2,2,3,2,2,3,1,3,2,2,11
"3106",12,17,0,"Asian",2,2,3,2,2,1,2,2,1,3,2,11
"3107",9,14,0,"Black",2,1,3,2,1,1,3,1,3,2,1,11
"3108",10,15,0,"White",3,2,3,1,1,1,3,2,3,3,1,11
"3109",10,16,0,"White",2,2,3,3,1,1,3,2,3,3,2,11
"3110",10,15,0,"White",2,1,2,2,1,2,3,2,2,2,3,11
"3111",11,16,0,"White",2,1,3,3,1,2,3,1,3,2,3,11
"3112",10,16,0,"Black",3,2,3,3,3,3,3,3,2,1,2,11
"3113",10,16,0,"White",1,1,2,1,1,1,2,1,2,2,2,11
"3114",11,17,1,"White",3,2,3,2,2,2,3,2,3,3,2,11
"3115",9,14,0,"Asian",2,2,3,2,1,3,3,2,3,3,2,11
"3116",12,17,1,"Black",2,1,3,2,3,3,3,3,2,3,2,11
"3117",12,17,0,"Black",3,3,3,3,3,3,3,2,3,3,3,11
"3118",9,14,1,"White",3,2,3,3,2,2,3,2,3,3,1,11
"3119",10,15,1,"White",3,1,1,3,1,3,3,3,1,3,3,11
"3120",9,14,0,"Hispanic",1,2,2,3,1,1,3,2,3,1,2,11
"3121",12,18,0,"Hispanic",3,2,2,3,1,3,3,1,3,3,2,11
"3122",12,17,1,"White",3,2,3,3,2,2,3,2,2,3,3,11
"3123",9,15,0,"White",3,2,2,3,3,1,3,3,3,3,2,11
"3124",9,14,1,"White",3,2,3,2,3,3,3,3,3,3,2,11
"3125",9,14,0,"Black",3,1,3,1,1,2,3,2,1,3,3,11
"3126",9,15,0,"White",3,2,3,2,2,2,2,1,3,2,3,11
"3127",9,14,1,"White",3,3,3,3,2,3,3,3,3,3,3,11
"3128",9,14,1,"Black",3,1,3,3,3,2,3,2,3,3,2,11
"3129",11,16,0,"Asian",2,2,2,2,2,3,3,1,3,3,3,11
"3130",9,13,1,"Black",3,3,3,3,2,1,3,3,1,1,3,11
"3131",9,15,0,"White",2,2,2,2,1,2,2,1,3,2,2,11
"3132",9,14,0,"White",3,1,3,3,3,1,2,2,1,3,3,11
"3133",10,15,1,"Asian",3,1,3,1,2,2,3,2,2,3,3,11
"3134",9,14,0,"White",3,2,2,3,2,1,2,2,3,2,3,11
"3135",10,16,0,"White",2,1,2,1,1,1,3,2,3,2,3,11
"3136",10,16,0,"White",3,2,3,2,2,2,3,1,3,2,3,11
"3137",11,16,1,"White",3,2,3,3,2,3,3,3,2,3,3,11
"3138",12,17,1,"White",3,2,2,3,2,3,3,3,3,2,2,11
"3139",10,15,1,"White",3,2,3,3,3,3,3,3,3,2,2,11
"3140",9,14,1,"Black",3,3,2,2,2,2,3,2,2,3,2,11
"3141",11,16,0,"Hispanic",3,2,1,2,3,2,3,3,3,3,2,11
"3142",11,16,0,"White",3,1,3,1,1,1,2,1,1,2,2,11
"3143",9,14,0,"White",NA,NA,NA,NA,NA,NA,NA,NA,NA,NA,NA,11
"3144",12,17,1,"White",2,2,2,2,2,1,3,1,3,2,1,11
"3145",9,14,1,"Other",1,2,2,1,1,1,2,1,1,1,1,11
"3146",10,16,1,"White",3,3,3,3,2,3,3,3,2,3,3,11
"3147",12,17,0,"White",3,2,2,2,1,1,2,1,3,3,3,11
"3148",10,15,1,"Asian",3,2,2,3,1,2,3,3,2,3,3,11
"3149",10,15,1,"Other",2,1,2,2,2,1,3,1,1,2,2,11
"3150",11,17,1,"Asian",2,2,3,2,3,3,3,3,2,2,2,11
"3151",12,19,0,"White",2,1,3,1,1,1,1,1,2,1,2,11
"3152",12,16,0,"Black",2,2,3,3,2,2,3,1,1,3,2,11
"3153",10,15,1,"Asian",3,2,2,2,2,2,3,2,2,2,2,11
"3154",9,14,0,"Hispanic",3,2,3,3,2,2,3,2,2,3,3,11
"3155",11,17,1,"White",3,2,2,3,2,2,3,3,3,2,2,11
"3156",12,17,1,"White",3,2,2,3,3,2,3,2,3,3,3,11
"3157",10,16,0,"White",3,2,2,2,2,2,3,2,3,3,2,11
"3158",12,17,1,"Black",3,2,2,2,2,2,3,2,3,3,3,11
"3159",12,17,1,"White",1,2,3,3,3,1,3,3,2,3,2,11
"3160",9,15,0,"White",3,3,3,3,2,3,2,2,3,2,1,11
"3161",11,16,1,"Hispanic",3,1,2,2,3,2,3,3,3,3,2,11
"3162",12,17,1,"Hispanic",3,3,3,3,2,3,3,1,2,3,2,11
"3163",9,14,0,"Asian",3,3,2,1,1,2,3,3,3,2,2,11
"3164",11,17,1,"Hispanic",2,3,2,1,2,1,3,2,2,2,3,11
"3165",9,14,0,"Black",2,2,2,2,1,1,3,3,2,2,3,11
"3166",11,16,0,"Hispanic",3,2,3,1,3,1,3,3,3,3,3,11
"3167",11,16,1,"Black",3,2,3,2,1,1,2,1,2,3,2,11
"3168",12,16,0,"Black",3,2,3,3,2,3,3,1,3,3,3,11
"3169",9,14,0,"Other",3,1,2,2,1,2,3,1,2,2,1,11
"3170",9,14,0,"Asian",2,2,3,3,2,1,3,1,2,2,3,11
"3171",9,15,1,"White",3,2,2,3,2,1,3,2,2,2,3,11
"3172",12,17,1,"White",3,3,3,3,1,2,3,3,3,2,2,11
"3173",12,18,1,"White",3,2,3,2,2,1,3,1,2,2,3,11
"3174",9,14,1,"Hispanic",2,3,2,3,2,1,3,3,3,1,1,11
"3175",10,15,1,"White",2,1,3,2,2,3,2,2,3,2,3,11
"3176",9,15,0,"Black",2,2,3,1,1,1,3,2,3,2,1,11
"3177",11,17,0,"Other",2,3,3,2,1,1,2,1,2,3,2,11
"3178",10,15,1,"White",3,2,3,3,2,2,3,3,3,2,2,11
"3179",9,14,0,"Black",2,1,3,2,2,2,2,1,2,2,2,11
"3180",9,14,0,"White",2,2,1,2,2,2,2,2,2,2,2,11
"3181",9,14,1,"White",3,2,3,2,2,3,3,2,3,2,2,11
"3182",9,14,1,"Asian",2,2,3,2,1,3,3,2,2,3,3,11
"3183",9,14,1,"White",3,2,3,3,3,3,3,2,3,3,3,11
"3184",9,14,1,"White",2,2,3,3,2,1,2,3,2,3,2,11
"3185",9,14,1,"White",3,3,3,3,3,3,3,3,3,3,3,11
"3186",11,17,0,"White",2,3,3,2,3,2,2,3,3,3,3,11
"3187",9,14,0,"White",3,2,3,3,3,3,3,2,3,3,3,11
"3188",10,16,0,"Hispanic",1,1,3,1,1,1,3,1,1,2,3,11
"3189",9,15,1,"White",3,2,2,3,3,1,3,3,1,2,2,11
"3190",9,15,1,"Other",1,2,3,2,1,1,3,1,3,2,2,11
"3191",11,16,0,"White",3,2,2,2,2,2,3,2,3,3,2,11
"3192",9,14,1,"Other",2,2,1,2,1,1,2,1,1,1,2,11
"3193",9,14,1,"White",3,3,2,2,2,1,3,2,2,2,2,11
"3194",11,17,0,"Asian",2,2,3,2,2,3,3,1,2,3,2,11
"3195",9,14,1,"White",2,3,3,3,2,1,3,3,2,2,2,11
"3196",12,17,1,"White",3,3,3,3,3,3,3,3,3,3,2,11
"3197",10,15,0,"White",3,1,2,2,1,2,3,1,2,3,2,11
"3198",9,15,0,"White",3,2,3,2,3,3,3,1,2,2,2,11
"3199",9,15,0,"White",2,2,3,3,2,2,3,2,2,3,3,11
"3200",12,18,0,"Hispanic",2,2,3,3,2,1,3,2,2,3,2,11
"3201",9,14,1,"White",3,2,3,2,3,2,3,3,3,2,3,11
"3202",12,17,1,"Hispanic",3,3,3,3,3,3,3,2,3,2,3,11
"3203",10,16,1,"White",3,2,3,3,2,1,3,3,3,2,3,11
"3204",9,14,1,"Asian",3,3,3,3,3,2,3,2,3,3,3,11
"3205",12,17,1,"White",3,3,2,3,2,3,3,2,3,2,2,11
"3206",9,15,1,"White",3,2,3,3,2,2,3,1,2,2,3,11
"3207",10,15,0,"White",2,1,2,2,1,1,3,1,2,2,2,11
"3208",9,14,0,"Black",3,2,2,2,1,2,3,2,3,3,2,11
"3209",9,14,1,"Black",2,2,2,1,1,2,2,2,1,2,2,11
"3210",12,17,1,"Black",1,2,2,2,1,1,3,1,1,1,3,11
"3211",12,17,1,"Other",3,2,2,3,2,2,3,2,2,2,2,11
"3212",10,15,1,"White",2,1,1,1,1,1,2,1,1,2,3,11
"3213",9,14,0,"White",1,2,3,2,2,1,3,2,3,3,3,11
"3214",10,15,1,"White",3,2,3,3,2,2,3,2,3,3,2,11
"3215",10,15,0,"Black",3,1,3,1,3,1,1,1,1,1,2,11
"3216",10,15,0,"White",2,3,2,3,3,2,3,1,1,3,3,11
"3217",9,14,0,"Black",3,3,3,3,3,2,3,3,3,3,3,11
"3218",11,16,1,"Black",3,3,2,3,2,2,3,3,2,3,3,11
"3219",9,15,0,"Other",2,2,2,2,2,3,3,2,2,3,2,11
"3220",10,15,1,"White",2,2,2,3,2,1,3,2,3,2,2,11
"3221",9,15,1,"Asian",3,3,3,3,3,2,3,3,3,3,2,11
"3222",10,15,0,"Hispanic",3,2,2,2,1,2,3,1,1,2,2,11
"3223",9,15,0,"White",3,3,3,3,2,3,3,2,2,2,2,11
"3224",10,15,1,"White",3,2,2,3,3,1,3,3,3,3,3,11
"3225",12,19,1,"Asian",1,1,1,1,1,1,3,1,3,2,2,11
"3226",12,17,1,"Black",3,3,3,3,3,3,3,3,3,3,3,11
"3227",12,17,1,"White",2,2,3,2,2,2,3,3,3,2,3,11
"3228",12,18,1,"Other",3,2,2,3,3,3,3,2,3,3,1,11
"3229",10,15,0,"Asian",3,1,3,1,2,3,2,1,3,2,2,11
"3230",10,15,0,"Black",3,2,3,2,2,1,2,2,1,2,3,11
"3231",9,14,0,"Black",1,2,3,1,2,2,1,2,3,3,1,11
"3232",9,14,0,"White",2,2,3,2,2,2,2,2,2,2,2,11
"3233",12,16,1,"Hispanic",2,2,2,3,2,3,3,2,2,3,3,11
"3234",11,16,0,"White",1,3,3,2,2,2,3,2,2,2,3,11
"3235",12,17,0,"Black",2,2,3,1,1,2,2,2,2,2,2,11
"3236",11,16,1,"Black",2,2,1,2,1,2,2,2,1,2,1,11
"3237",10,15,0,"Other",3,2,3,3,2,2,3,2,3,3,3,11
"3238",10,15,1,"White",3,2,3,3,2,2,3,2,3,3,3,11
"3239",10,16,1,"White",3,1,3,2,3,2,3,3,3,3,3,11
"3240",10,15,0,"Black",2,1,2,1,1,1,3,1,2,2,1,11
"3241",10,16,1,"White",3,1,3,2,3,2,3,3,3,3,3,11
"3242",10,15,1,"White",3,2,2,3,3,2,3,2,2,2,3,11
"3243",10,16,0,"Asian",2,2,3,2,3,3,3,1,2,3,3,11
"3244",10,15,1,"Black",3,3,2,2,1,1,3,3,2,2,3,11
"3245",10,15,0,"White",2,2,2,2,2,2,2,1,2,2,2,11
"3246",10,16,0,"White",1,2,3,2,2,1,2,1,3,2,2,11
"3247",10,15,1,"Black",3,2,2,2,2,3,3,2,2,2,3,11
"3248",10,15,0,"Asian",3,2,3,2,2,2,3,2,3,2,2,11
"3249",10,16,1,"White",3,2,2,3,3,2,3,3,3,3,2,11
"3250",10,16,0,"White",2,1,2,2,2,2,2,1,2,2,2,11
"3251",10,15,1,"White",3,2,3,2,2,3,3,2,3,3,3,11
"3252",10,15,1,"Black",3,2,3,3,1,1,3,2,3,2,3,11
"3253",10,16,0,"White",3,2,2,2,1,2,3,1,3,2,2,11
"3254",10,15,0,"White",3,2,3,3,3,2,3,2,2,2,2,11
"3255",10,15,1,"Black",3,2,3,3,2,3,3,3,3,2,2,11
"3256",10,15,1,"Black",2,2,3,3,3,2,3,2,3,3,3,11
"3257",10,15,1,"White",3,1,3,2,2,2,3,2,2,2,2,11
"3258",10,16,1,"Black",2,2,3,3,2,3,3,3,3,2,2,11
"3259",12,18,0,"White",2,2,3,2,2,2,3,3,1,3,3,11
"3260",10,15,0,"Asian",1,1,2,3,2,2,3,1,1,2,2,11
"3261",10,15,1,"White",3,3,3,3,2,3,3,3,3,2,1,11
"3262",10,15,0,"Black",3,2,3,2,3,3,3,1,3,2,3,11
"3263",10,15,1,"White",3,2,3,2,2,2,3,3,2,2,1,11
"3264",10,15,1,"White",3,3,2,2,2,3,3,1,3,2,3,11
"3265",10,15,1,"Hispanic",2,1,2,2,1,1,3,1,2,3,3,11
"3266",10,16,1,"Hispanic",3,2,3,3,3,3,3,3,3,2,3,11
"3267",10,15,1,"Hispanic",1,2,3,2,1,2,3,2,3,2,3,11
"3268",10,15,0,"White",3,2,2,2,2,2,3,2,3,3,2,11
"3269",11,16,0,"White",3,2,2,2,2,2,2,2,2,3,2,11
"3270",NA,NA,NA,NA,1,1,1,1,1,1,1,1,1,1,1,11
"3271",10,15,1,"Other",3,2,2,2,1,3,3,3,3,2,2,11
"3272",10,16,0,"White",2,2,1,3,3,2,3,2,3,2,3,11
"3273",10,15,0,"White",2,3,2,2,1,1,3,2,2,2,2,11
"3274",10,15,1,"Other",3,2,2,3,3,2,3,1,3,3,2,11
"3275",10,15,1,"White",3,1,2,3,2,2,3,2,3,2,3,11
"3276",10,15,0,"Hispanic",2,2,2,2,3,2,3,1,2,2,3,11
"3277",10,15,0,"Black",3,2,2,2,2,2,3,1,3,2,3,11
"3278",10,15,1,"Hispanic",3,2,3,2,2,1,3,1,3,2,2,11
"3279",10,15,1,"Asian",3,1,3,2,2,2,3,1,3,2,3,11
"3280",10,15,0,"Asian",2,2,2,2,2,2,3,2,2,2,2,11
"3281",10,15,0,NA,3,1,3,3,2,3,3,1,2,1,2,11
"3282",10,15,0,"Black",2,1,3,2,2,2,3,1,3,3,2,11
"3283",10,15,0,"White",3,1,2,2,1,2,2,1,1,2,2,11
"3284",10,16,0,"White",2,2,2,2,1,2,3,1,3,2,1,11
"3285",10,15,1,"Black",3,2,2,2,3,1,3,2,3,3,3,11
"3286",10,15,0,"White",3,2,3,2,2,2,NA,NA,NA,NA,NA,11
"3287",10,15,1,"Asian",2,2,3,2,2,2,3,2,2,2,2,11
"3288",11,17,1,"Asian",3,2,3,3,3,3,3,1,3,1,3,11
"3289",11,16,0,"Hispanic",1,1,1,1,1,1,1,1,1,1,1,11
"3290",11,18,0,"Asian",2,1,3,2,3,2,2,1,2,3,2,11
"3291",9,14,0,"White",2,3,2,1,2,3,3,3,3,3,3,11
"3292",11,16,1,"White",2,2,2,3,1,1,3,1,2,3,1,11
"3293",11,16,1,"Black",3,2,2,2,2,2,3,2,3,2,1,11
"3294",9,14,0,"White",1,3,2,3,2,2,3,1,2,3,3,11
"3295",9,15,1,"Other",3,1,3,1,3,2,3,3,3,3,2,11
"3296",9,14,1,"White",3,3,3,3,3,3,3,3,3,3,3,11
"3297",9,15,0,"White",2,1,2,2,1,1,2,1,1,2,2,11
"3298",9,14,0,"White",2,2,3,1,2,3,3,3,2,1,3,11
"3299",11,16,0,"Other",2,1,2,1,1,2,2,2,2,2,2,11
"3300",11,16,1,"White",2,1,2,2,1,2,3,3,1,2,3,11
"3301",11,16,1,"White",3,3,1,2,2,2,3,3,3,2,2,11
"3302",9,14,1,"Black",3,2,3,1,3,2,3,1,2,2,3,11
"3303",11,17,1,"Asian",2,3,3,3,3,3,3,1,3,3,3,11
"3304",9,15,1,"Asian",2,1,2,2,3,2,3,3,3,2,2,11
"3305",9,14,0,"White",3,2,3,3,3,3,3,2,2,3,2,11
"3306",9,14,1,"White",2,1,3,3,3,2,3,3,3,2,2,11
"3307",9,15,0,"Black",2,1,3,2,3,2,3,1,3,3,2,11
"3308",10,15,1,"Hispanic",2,1,3,1,1,1,3,2,2,1,3,11
"3309",9,14,1,"White",3,2,3,2,3,3,3,2,3,2,3,11
"3310",9,14,0,"Hispanic",3,2,2,2,2,3,2,2,2,2,2,11
"3311",10,15,1,"Hispanic",1,3,1,2,1,1,3,1,1,2,1,11
"3312",11,16,0,"White",1,1,2,1,1,1,2,1,3,2,2,11
"3313",12,18,1,"Black",3,3,2,3,3,2,3,2,2,3,3,11
"3314",12,17,0,"White",2,1,2,1,1,2,3,2,3,2,2,11
"3315",9,15,0,"White",2,1,3,2,1,1,3,1,1,2,1,11
"3316",9,14,0,"Hispanic",1,2,3,1,1,1,3,2,2,1,1,11
"3317",9,14,0,"White",3,2,3,3,2,2,3,2,2,3,2,11
"3318",11,17,1,"Hispanic",2,1,2,2,1,2,3,2,2,1,1,11
"3319",9,14,1,"White",2,2,1,3,1,1,3,3,1,2,3,11
"3320",9,14,1,"Black",3,2,2,2,1,1,2,1,3,2,2,11
"3321",12,17,1,"White",2,3,2,3,2,2,3,3,2,2,2,11
"3322",12,17,1,"White",3,2,3,3,3,3,3,2,3,3,2,11
"3323",12,17,1,"White",3,1,2,3,3,3,3,3,3,3,3,11
"3324",9,15,1,"White",2,1,2,2,2,2,3,3,2,2,2,11
"3325",9,15,0,"White",2,2,2,3,2,2,3,2,2,2,3,11
"3326",10,15,0,"Black",1,1,3,2,2,2,3,1,3,3,1,11
"3327",12,17,1,"White",1,2,3,3,2,3,3,2,3,3,3,11
"3328",9,14,1,"Other",2,2,3,2,2,1,2,1,1,2,2,11
"3329",12,18,1,"Black",2,1,2,2,2,2,2,1,2,2,2,11
"3330",10,15,1,"Asian",2,2,3,3,3,3,3,3,3,2,3,11
"3331",9,14,1,"Asian",NA,NA,NA,NA,NA,NA,NA,NA,NA,NA,NA,11
"3332",12,18,1,"White",2,3,2,2,2,3,3,3,2,3,2,11
"3333",10,15,1,"Black",3,2,2,2,3,2,2,1,3,1,2,11
"3334",9,14,0,"White",1,1,2,1,2,2,2,1,3,3,2,11
"3335",11,16,1,"White",3,3,3,3,2,3,3,2,3,2,3,11
"3336",NA,NA,NA,NA,NA,NA,NA,NA,NA,NA,NA,NA,NA,NA,NA,11
"3337",12,17,1,"Black",3,3,3,2,2,2,3,3,2,3,3,11
"3338",9,14,1,"Asian",1,1,1,1,1,1,3,2,3,3,3,11
"3339",9,13,0,"Black",3,2,3,2,3,2,3,1,3,2,2,11
"3340",11,16,1,"White",1,1,2,1,2,1,3,3,2,1,3,11
"3341",9,14,1,"Hispanic",2,2,3,2,3,1,3,2,2,2,1,11
"3342",11,17,0,"Asian",2,1,2,2,3,2,1,2,2,3,3,11
"3343",11,17,1,"Black",3,2,1,2,1,1,3,3,3,3,2,11
"3344",10,16,0,"Hispanic",3,1,2,3,2,1,2,3,2,1,3,11
"3345",10,16,0,"Black",2,1,2,2,1,1,3,1,3,2,2,11
"3346",10,15,NA,"Hispanic",2,3,3,3,2,3,3,2,2,3,2,11
"3347",10,15,0,"Black",3,2,2,1,2,2,2,1,3,2,2,11
"3348",10,15,1,"White",3,1,3,3,3,1,3,3,1,1,2,11
"3349",10,15,1,"White",3,2,2,3,2,2,3,2,2,3,3,11
"3350",10,15,1,"White",3,2,3,3,3,2,3,3,3,3,3,11
"3351",10,15,0,"Asian",3,3,2,3,1,1,2,2,2,2,2,11
"3352",10,16,0,"Hispanic",1,2,2,2,2,2,3,1,3,3,2,11
"3353",10,15,0,"Black",1,1,2,1,1,1,1,1,2,1,1,11
"3354",10,15,1,"White",3,2,2,2,2,2,3,3,3,2,2,11
"3355",10,15,1,"Black",2,3,2,3,3,2,3,3,2,3,3,11
"3356",10,16,1,"White",3,2,3,3,2,2,3,3,3,2,1,11
"3357",10,16,1,"White",3,2,2,3,2,3,3,3,3,3,2,11
"3358",10,16,0,"White",3,2,1,3,3,1,3,2,2,2,3,11
"3359",10,15,0,"White",1,1,2,2,2,1,3,2,3,2,3,11
"3360",10,15,0,"White",2,1,3,2,1,2,3,1,3,1,2,11
"3361",10,16,1,"Hispanic",3,2,1,3,3,3,3,3,3,3,2,11
"3362",10,15,0,"Asian",1,2,3,1,2,3,2,1,1,3,2,11
"3363",10,15,0,"Black",2,2,3,3,1,2,3,2,1,2,2,11
"3364",10,15,0,"Black",3,2,3,2,2,3,3,1,3,3,3,11
"3365",12,17,0,"Asian",2,2,3,2,1,1,3,1,2,3,2,11
"3366",11,17,1,"White",3,2,2,3,2,3,3,2,2,2,2,11
"3367",10,16,1,"Asian",3,2,3,2,2,2,3,3,3,3,2,11
"3368",10,15,1,"White",1,1,1,2,2,1,3,1,3,2,2,11
"3369",10,15,0,"Hispanic",3,2,2,2,2,3,3,3,2,2,2,11
"3370",9,15,0,"Black",3,2,3,2,1,3,3,2,2,2,2,11
"3371",10,16,0,"White",2,2,3,2,2,2,3,2,2,3,3,11
"3372",10,16,0,"White",3,2,3,3,2,3,3,1,2,2,3,11
"3373",10,16,0,"Black",3,2,3,2,3,3,3,2,2,2,3,11
"3374",10,15,1,"White",3,2,3,3,2,1,3,2,3,2,2,11
"3375",10,15,0,"White",3,3,3,3,2,2,3,3,3,3,2,11
"3376",10,16,1,"Black",2,1,2,3,1,1,3,3,2,1,2,11
"3377",10,15,1,"Black",3,2,3,2,2,2,3,2,3,2,3,11
"3378",10,15,1,"White",3,1,3,3,2,2,3,3,2,2,1,11
"3379",10,15,0,"Black",3,2,2,2,2,2,2,1,1,2,2,11
"3380",10,15,1,"Black",3,2,2,3,2,2,3,1,1,2,2,11
"3381",10,15,1,"Black",3,2,3,3,3,2,3,3,3,3,2,11
"3382",10,16,0,"White",2,2,2,3,2,1,2,1,3,2,2,11
"3383",10,15,0,"White",2,2,1,2,1,1,2,1,2,1,2,11
"3384",10,15,1,"Black",3,2,1,2,2,1,1,2,3,2,2,11
"3385",10,15,1,"Black",1,2,1,2,1,1,3,2,2,2,2,11
"3386",10,15,1,"Black",2,2,3,2,2,2,2,2,2,2,2,11
"3387",9,14,1,"Black",3,2,3,3,2,3,3,3,3,3,3,11
"3388",11,17,1,"Asian",2,3,3,3,3,3,3,2,3,2,2,11
"3389",9,14,0,"White",2,2,2,2,2,2,2,2,2,2,2,11
"3390",9,15,0,"Other",2,2,3,1,3,1,3,2,2,3,2,11
"3391",11,16,0,"Black",3,2,3,1,1,2,2,1,2,2,2,11
"3392",9,14,1,"Black",2,3,2,1,1,1,2,1,3,2,2,11
"3393",10,16,0,"White",3,3,3,3,3,3,3,3,3,3,3,11
"3394",10,16,1,"Hispanic",1,2,1,3,2,1,3,3,1,3,3,11
"3395",10,15,0,"White",3,2,2,2,2,3,3,3,2,3,3,11
"3396",10,16,1,"White",3,2,3,3,3,3,3,3,3,3,3,11
"3397",10,17,0,"White",3,2,2,3,3,3,3,2,3,2,3,11
"3398",10,16,0,"White",2,2,2,3,3,1,3,2,2,3,2,11
"3399",10,16,0,"Black",1,1,1,1,1,1,1,1,1,1,1,11
"3400",10,16,1,"White",3,3,3,3,3,2,3,2,3,3,2,11
"3401",10,15,1,"Asian",1,2,2,2,2,2,3,2,2,2,2,11
"3402",10,15,0,"Black",3,2,2,1,1,1,2,1,2,1,1,11
"3403",10,16,1,"Hispanic",3,2,2,3,3,3,3,1,3,3,2,11
"3404",10,14,1,"Black",2,2,3,2,2,2,3,2,2,3,3,11
"3405",10,15,1,"White",3,1,3,1,2,2,3,3,3,3,2,11
"3406",10,15,1,"Asian",3,2,3,3,3,2,3,3,3,3,3,11
"3407",10,15,0,"Asian",3,2,3,3,2,2,3,2,2,3,1,11
"3408",10,16,1,"Other",3,2,3,3,2,2,3,2,2,3,3,11
"3409",10,15,0,"White",3,2,3,2,2,3,3,2,3,3,3,11
"3410",10,15,1,"Hispanic",3,2,2,2,3,2,3,2,3,2,3,11
"3411",12,18,1,"Hispanic",2,2,3,3,2,3,3,2,3,2,2,11
"3412",10,15,1,"Black",1,1,1,2,1,1,1,3,1,2,3,11
"3413",10,15,0,"Black",1,1,1,1,1,1,1,1,2,2,1,11
"3414",10,15,1,"Black",2,1,3,2,1,2,3,1,2,1,2,11
"3415",10,16,1,"Hispanic",2,2,2,2,2,2,3,3,3,2,2,11
"3416",10,15,1,"Black",3,2,1,3,3,2,3,2,1,2,3,11
"3417",9,14,1,"White",2,1,3,2,2,1,2,1,3,2,2,11
"3418",9,15,1,"White",2,3,3,3,2,3,3,3,3,2,3,11
"3419",9,14,1,"Black",2,2,3,1,3,2,3,1,2,1,1,11
"3420",10,15,0,"Asian",2,1,2,1,1,1,3,1,3,1,2,11
"3421",9,14,0,"White",2,2,2,2,3,2,2,1,3,2,2,11
"3422",12,17,0,"Hispanic",1,1,1,1,1,1,1,1,1,1,1,11
"3423",11,16,0,"White",2,2,2,3,3,3,3,2,3,3,2,11
"3424",9,14,1,"Black",3,2,1,2,2,1,3,1,2,2,1,11
"3425",9,14,1,"Black",3,2,3,2,2,2,3,3,3,2,2,11
"3426",9,15,1,"White",3,2,3,3,3,2,3,2,2,3,3,11
"3427",9,14,1,"White",3,1,3,3,1,2,3,3,3,3,2,11
"3428",10,15,0,"Black",2,1,3,2,3,3,3,1,2,3,3,11
"3429",9,15,1,"Hispanic",1,2,2,1,1,1,3,2,3,2,2,11
"3430",9,15,0,"White",2,2,3,2,2,2,2,1,3,2,2,11
"3431",9,15,1,"White",3,2,3,1,2,2,3,2,3,3,2,11
"3432",10,15,1,"Asian",3,2,3,2,3,1,2,1,3,3,3,11
"3433",9,14,0,"Other",2,2,2,2,2,2,2,2,2,2,2,11
"3434",9,14,1,"Asian",3,2,3,3,2,2,3,3,2,3,3,11
"3435",9,14,0,"Asian",3,2,3,1,2,1,3,2,1,3,3,11
"3436",9,14,1,"White",3,2,3,3,3,3,3,3,3,3,3,11
"3437",10,16,1,"White",2,2,2,2,3,3,3,2,2,2,3,11
"3438",9,14,1,"White",3,2,3,3,3,3,3,3,1,2,2,11
"3439",10,15,1,"Asian",3,3,2,3,3,2,3,3,3,3,2,11
"3440",9,15,0,"White",3,2,3,3,3,1,3,2,3,3,3,11
"3441",9,14,1,"White",3,2,2,3,2,3,3,2,3,2,2,11
"3442",10,15,0,"Black",3,3,3,3,2,2,2,1,1,2,3,11
"3443",10,15,0,"White",2,2,2,3,2,3,3,2,1,2,3,11
"3444",11,16,1,"Asian",3,2,3,2,3,1,3,2,1,3,1,11
"3445",12,18,0,"Other",3,3,3,3,2,2,3,1,3,3,3,11
"3446",9,14,0,"Black",2,1,2,3,3,2,1,1,2,1,1,11
"3447",12,17,1,"White",3,3,3,3,2,3,3,2,3,3,3,11
"3448",10,15,1,"White",3,3,2,3,2,1,3,3,3,3,2,11
"3449",9,14,0,"Black",3,3,3,3,3,3,3,1,1,3,2,11
"3450",12,17,0,"Asian",2,2,3,2,2,3,2,2,2,3,2,11
"3451",9,14,1,"White",3,2,3,3,3,3,3,3,3,3,3,11
"3452",9,14,1,"Hispanic",2,2,3,2,2,1,3,2,3,3,3,11
"3453",9,14,0,"White",3,2,3,2,2,2,3,1,2,2,2,11
"3454",12,18,0,"Black",2,1,1,1,2,1,3,3,1,3,3,11
"3455",9,15,1,"Asian",3,2,1,2,1,3,3,1,3,2,2,11
"3456",10,15,1,"Hispanic",2,3,1,1,1,3,3,2,2,1,1,11
"3457",11,16,0,"White",3,2,2,3,3,2,3,3,3,3,2,11
"3458",9,14,0,"Hispanic",2,2,3,3,2,3,3,3,2,3,3,11
"3459",10,15,1,"Asian",2,2,3,3,3,2,3,3,3,2,3,11
"3460",12,18,0,"Asian",1,2,3,1,2,2,2,1,1,3,2,11
"3461",9,14,1,"Asian",3,2,3,3,2,2,3,3,3,2,3,11
"3462",10,15,0,"White",3,2,3,3,2,2,3,2,1,2,3,11
"3463",10,15,1,"Asian",1,1,3,2,1,2,2,1,3,3,2,11
"3464",10,15,0,"Black",1,3,2,3,1,3,3,3,3,1,1,11
"3465",9,14,1,"Asian",3,1,3,3,2,2,3,3,3,2,3,11
"3466",12,17,0,"White",3,2,2,2,1,1,3,2,1,3,2,11
"3467",9,14,1,"White",3,3,1,3,2,2,3,3,3,3,1,11
"3468",11,17,1,"Other",3,3,2,3,3,2,3,3,1,2,2,11
"3469",9,15,0,"White",3,3,3,3,3,3,3,3,3,3,3,11
"3470",11,15,1,"White",3,3,3,3,2,3,2,3,3,2,3,11
"3471",12,17,1,"White",3,3,2,3,2,2,3,3,2,1,2,11
"3472",11,17,0,"Asian",2,2,2,NA,2,2,2,2,2,2,2,11
"3473",9,14,1,"White",3,2,2,3,2,3,3,2,2,2,2,11
"3474",10,15,0,"White",2,2,1,3,1,1,3,2,3,2,2,11
"3475",11,17,0,"White",3,2,1,1,1,1,2,1,1,1,2,11
"3476",12,17,1,"Black",3,2,3,2,2,2,2,2,3,3,1,11
"3477",9,14,0,"White",3,2,3,2,3,1,2,2,3,2,3,11
"3478",9,14,0,"Asian",3,2,3,3,3,3,3,1,3,2,3,11
"3479",9,15,1,"Other",3,2,3,3,2,2,3,2,3,2,2,11
"3480",11,16,0,"White",2,2,3,3,3,2,3,2,3,3,2,11
"3481",9,15,0,"White",2,2,3,3,2,2,3,2,2,2,2,11
"3482",11,17,1,"Black",3,2,3,2,2,2,2,1,2,3,2,11
"3483",10,15,1,"Black",3,2,2,2,2,2,3,3,3,1,2,11
"3484",9,14,0,"Hispanic",1,1,2,1,1,1,3,1,1,1,2,11
"3485",11,17,0,"White",3,2,3,2,2,3,2,3,3,3,3,11
"3486",12,18,1,"Hispanic",3,3,3,3,2,1,3,3,2,3,3,11
"3487",12,18,0,"Hispanic",1,3,2,2,3,3,3,3,2,3,3,11
"3488",9,15,1,"White",2,2,3,3,3,3,3,2,3,3,2,11
"3489",10,16,1,"Asian",3,1,3,2,2,1,3,1,2,2,3,11
"3490",12,17,1,"Asian",3,1,3,3,3,3,3,3,3,2,2,11
"3491",11,17,0,"Hispanic",2,2,2,3,2,2,3,3,2,2,2,11
"3492",12,18,0,"Hispanic",3,2,2,3,3,2,3,2,2,3,2,11
"3493",11,17,0,"White",3,2,2,2,2,2,3,3,3,3,2,11
"3494",11,18,0,"Asian",1,2,2,1,2,2,2,1,2,2,2,11
"3495",11,16,0,"Black",1,2,1,2,1,1,1,1,2,2,2,11
"3496",10,15,1,"Black",2,2,3,3,1,1,3,3,3,3,3,11
"3497",12,17,1,"Asian",3,2,3,2,3,2,2,1,3,3,2,11
"3498",11,17,0,"White",3,2,2,3,2,3,3,2,1,2,2,11
"3499",9,14,1,"Black",1,2,2,3,3,1,3,1,1,3,3,11
"3500",9,15,0,"White",2,2,3,3,2,2,3,1,2,1,2,11
"3501",12,18,0,"White",3,3,2,3,3,2,2,3,3,2,3,11
"3502",12,17,1,"Hispanic",3,1,3,3,3,1,3,2,1,3,3,11
"3503",9,15,0,"Black",1,2,2,2,1,1,2,1,2,2,3,11
"3504",10,15,0,"White",3,1,3,3,3,2,3,1,3,3,3,11
"3505",10,16,1,"White",3,2,1,2,3,1,3,2,1,1,2,11
"3506",9,14,0,"Other",2,2,2,1,1,1,2,1,2,2,2,11
"3507",9,14,0,"White",3,2,3,2,2,1,3,1,3,3,3,11
"3508",9,15,1,"White",3,2,2,3,3,3,3,3,3,3,2,11
"3509",9,14,1,"White",3,2,3,2,1,2,3,1,3,3,3,11
"3510",9,14,0,"Black",3,2,3,2,1,2,2,1,3,1,2,11
"3511",9,15,0,"White",2,2,3,3,2,1,2,1,3,2,1,11
"3512",11,16,1,"White",3,2,3,3,2,3,2,3,3,3,2,11
"3513",9,15,0,"Other",2,2,3,3,3,3,3,1,3,3,2,11
"3514",9,15,1,"White",3,2,3,3,3,3,3,1,2,3,3,11
"3515",9,14,0,"White",2,2,3,1,1,2,2,1,1,3,3,11
"3516",9,14,0,"Black",3,1,3,2,1,2,2,1,1,3,2,11
"3517",9,14,1,"Asian",2,3,2,2,3,2,3,3,2,3,3,11
"3518",9,15,0,"White",3,2,2,3,3,2,3,3,3,3,3,11
"3519",10,15,1,"Asian",3,2,3,3,2,3,3,3,3,3,3,11
"3520",9,14,1,"White",3,3,2,3,3,2,3,3,3,3,3,11
"3521",12,18,1,"White",2,3,3,3,3,2,3,2,3,2,3,11
"3522",10,15,1,"White",2,1,1,2,3,2,3,3,3,3,3,11
"3523",9,14,1,"Asian",1,2,2,2,2,1,3,2,2,2,2,11
"3524",10,15,1,"White",3,2,3,3,2,3,3,3,3,2,3,11
"3525",11,17,1,"White",2,2,1,3,3,2,3,2,3,1,1,11
"3526",10,16,1,"Asian",2,2,3,2,3,3,3,3,3,3,2,11
"3527",10,16,0,"White",3,2,2,2,2,3,3,3,3,3,3,11
"3528",9,13,1,"White",3,2,3,3,2,2,3,2,3,1,1,11
"3529",11,17,1,"White",3,2,3,3,2,2,2,3,3,3,3,11
"3530",10,15,0,"Black",NA,NA,NA,NA,NA,NA,NA,NA,NA,NA,NA,11
"3531",9,15,0,"White",3,3,3,3,3,3,3,1,3,3,2,11
"3532",9,16,0,"Hispanic",3,3,2,1,1,3,3,1,3,3,3,11
"3533",11,18,0,"Asian",3,2,3,2,2,3,3,1,3,2,2,11
"3534",9,15,1,"White",3,2,3,3,2,3,3,3,3,1,1,11
"3535",10,15,0,"White",3,2,3,2,2,2,3,1,3,2,3,11
"3536",9,14,1,"Black",2,2,2,2,1,1,3,2,1,2,1,11
"3537",9,14,1,"White",3,3,3,3,2,1,3,3,3,3,3,11
"3538",12,17,0,"White",3,1,2,2,2,2,2,2,2,2,2,11
"3539",10,15,1,"White",3,2,3,3,3,2,3,3,3,2,3,11
"3540",9,14,0,"Black",2,1,1,1,1,1,2,1,2,1,1,11
"3541",11,16,1,"White",2,1,2,2,1,2,3,1,3,3,2,11
"3542",11,17,1,"White",3,1,1,3,2,2,2,2,3,3,3,11
"3543",9,15,0,"White",2,2,3,2,2,2,1,1,2,2,1,11
"3544",9,14,0,"White",3,2,3,3,3,3,3,1,3,2,3,11
"3545",9,15,1,"White",2,3,3,3,2,3,3,3,3,3,2,11
"3546",9,14,1,"White",3,3,3,3,2,2,3,3,3,3,2,11
"3547",12,17,1,"Black",3,2,3,2,3,3,3,2,3,2,3,11
"3548",12,17,1,"White",3,2,3,3,1,1,2,3,1,2,2,11
"3549",9,15,1,"White",3,2,3,3,2,2,3,3,2,2,3,11
"3550",10,16,1,"Other",2,2,3,2,2,2,2,3,2,3,2,11
"3551",11,16,1,"White",3,2,3,3,2,2,3,3,3,2,2,11
"3552",11,16,1,"White",3,2,3,2,1,2,3,2,3,2,2,11
"3553",11,16,0,"White",2,NA,1,2,2,3,3,2,2,2,1,11
"3554",9,14,0,"White",3,3,2,2,3,2,3,3,1,3,3,11
"3555",9,15,1,"Black",1,2,3,3,1,1,3,3,2,3,3,11
"3556",9,15,0,"White",3,3,2,3,3,2,3,3,3,2,2,11
"3557",11,16,1,"White",3,2,3,3,3,3,3,3,3,3,3,11
"3558",10,15,0,"White",3,3,2,3,2,3,3,2,3,3,3,11
"3559",9,14,1,"Asian",3,2,3,3,2,2,3,3,2,3,3,11
"3560",12,17,1,"Black",3,3,3,3,3,2,3,3,3,3,3,11
"3561",10,16,0,"White",3,2,3,2,2,3,3,3,3,3,3,11
"3562",9,14,0,"White",3,2,1,3,3,1,3,2,3,3,1,11
"3563",11,17,0,"Hispanic",2,2,2,2,2,1,2,1,3,2,2,11
"3564",9,14,1,"Black",3,2,3,2,3,2,3,1,1,3,3,11
"3565",12,17,0,"Asian",3,3,3,3,3,3,3,3,3,3,3,11
"3566",9,15,0,"Other",3,3,3,2,1,2,3,1,2,2,2,11
"3567",12,17,0,"White",3,2,2,2,1,2,2,1,1,2,3,11
"3568",9,14,0,"White",1,2,3,2,1,1,2,2,1,2,2,11
"3569",12,17,0,"Black",1,2,3,2,1,1,3,2,3,3,2,11
"3570",9,15,0,"Black",3,2,3,3,2,2,3,2,1,3,3,11
"3571",10,15,1,"Asian",2,1,3,3,3,3,3,3,2,2,2,11
"3572",10,15,1,"White",3,2,3,3,2,2,3,2,3,3,3,11
"3573",9,14,0,"Black",2,2,3,2,3,2,3,1,3,3,1,11
"3574",12,18,0,"White",1,2,2,2,2,2,2,2,2,2,2,11
"3575",12,17,0,"Asian",2,1,2,2,2,2,3,2,3,2,1,11
"3576",9,15,0,"Black",3,2,2,2,3,3,3,2,3,3,3,11
"3577",12,17,0,"Other",2,3,3,1,2,3,1,1,3,2,3,11
"3578",9,15,1,"Black",2,2,3,3,1,2,3,3,1,3,3,11
"3579",11,16,0,"White",2,1,2,3,2,2,3,1,3,3,2,11
"3580",9,14,1,"Black",1,2,3,2,1,2,3,3,3,3,1,11
"3581",12,18,0,"Hispanic",3,2,3,2,1,1,2,1,1,3,2,11
"3582",NA,NA,NA,NA,NA,NA,NA,NA,NA,NA,NA,NA,NA,NA,NA,11
"3583",9,14,0,"White",3,2,2,2,3,2,2,2,2,2,2,11
"3584",10,16,0,"Hispanic",3,2,2,3,2,2,3,1,3,3,1,11
"3585",9,14,1,"White",3,2,2,2,3,2,3,2,3,3,3,11
"3586",11,16,0,"White",2,2,1,2,1,1,1,1,1,2,2,11
"3587",11,17,1,"Other",2,1,3,2,2,2,3,3,2,2,3,11
"3588",9,15,1,"White",2,2,3,2,3,3,3,2,3,2,2,11
"3589",11,16,1,"White",3,2,3,2,2,1,3,3,3,2,2,11
"3590",11,16,0,"White",2,2,1,2,2,1,3,2,3,2,2,11
"3591",10,15,1,"Asian",3,2,3,1,2,3,3,1,2,3,3,11
"3592",10,15,1,"Black",1,2,1,2,2,2,3,3,2,1,3,11
"3593",NA,NA,NA,NA,NA,NA,NA,NA,NA,NA,NA,NA,NA,NA,NA,11
"3594",12,18,0,"Hispanic",2,2,2,3,2,2,3,2,2,3,2,11
"3595",9,15,1,"White",3,2,2,2,1,3,2,1,1,3,2,11
"3596",10,15,1,"Black",2,2,3,3,2,2,3,3,3,3,3,11
"3597",9,15,1,"White",3,2,3,3,2,3,3,3,3,3,3,11
"3598",9,14,1,"White",2,1,2,2,1,1,2,1,1,2,2,11
"3599",9,14,0,"White",3,2,3,2,2,3,3,2,2,2,3,11
"3600",12,18,0,"White",3,2,3,2,3,2,3,1,3,2,3,11
"3601",9,15,0,"White",1,2,3,2,2,2,3,2,3,2,2,11
"3602",11,17,0,"Black",2,2,2,2,1,1,3,1,2,2,2,11
"3603",9,14,0,"White",3,2,3,2,1,2,2,1,2,2,3,11
"3604",9,15,0,"Asian",2,3,2,3,2,3,3,3,2,3,3,11
"3605",9,14,0,"Black",3,2,3,2,2,2,2,1,1,2,2,11
"3606",11,17,1,"White",3,3,3,3,2,2,2,2,3,3,3,11
"3607",11,16,0,"White",3,1,2,1,1,1,2,1,1,2,1,11
"3608",9,14,1,"White",3,2,3,2,3,2,3,2,3,2,1,11
"3609",9,15,1,"Black",2,1,1,1,1,1,2,1,2,1,2,11
"3610",9,14,0,"Black",2,2,3,2,2,2,3,1,2,3,2,11
"3611",9,14,0,"White",2,2,2,2,2,2,2,2,2,2,2,11
"3612",9,14,1,"Black",3,3,2,2,1,1,2,2,3,3,2,11
"3613",11,16,1,"Hispanic",2,1,3,2,1,2,3,1,3,2,2,11
"3614",9,14,0,"Hispanic",2,2,2,2,2,2,2,2,2,2,2,11
"3615",9,15,0,"Asian",3,2,2,3,1,2,3,3,1,3,2,11
"3616",11,17,0,"White",3,1,2,2,3,2,3,2,2,1,1,11
"3617",9,14,1,"White",3,2,3,3,2,2,3,3,2,3,2,11
"3618",9,14,0,"Asian",2,1,3,2,2,2,3,1,2,3,3,11
"3619",9,15,1,"White",3,3,3,3,3,2,3,2,3,2,3,11
"3620",11,17,1,"White",3,2,3,3,2,3,3,2,3,2,2,11
"3621",11,17,0,"Black",2,2,3,3,3,2,3,3,3,3,3,11
"3622",11,17,1,"White",3,2,1,2,2,1,3,2,2,1,3,11
"3623",11,16,0,"Hispanic",1,2,3,2,1,2,2,3,2,1,2,11
"3624",11,16,0,"White",3,2,3,3,3,3,3,3,3,2,3,11
"3625",9,14,1,"Other",2,2,1,3,3,1,3,3,3,1,2,11
"3626",9,15,0,"Black",3,3,3,3,2,2,3,3,3,2,2,11
"3627",11,17,1,"White",3,1,2,3,3,3,3,2,2,3,2,11
"3628",9,14,0,"Hispanic",3,2,2,2,2,3,3,3,3,3,3,11
"3629",11,16,1,"Black",2,2,3,2,1,1,2,1,3,3,3,11
"3630",12,18,0,"Asian",2,2,3,2,2,2,2,1,1,3,2,11
"3631",12,17,0,"White",NA,NA,NA,NA,NA,NA,NA,NA,NA,NA,NA,11
"3632",11,16,0,"Asian",2,2,2,2,2,1,3,1,3,2,2,11
"3633",11,16,0,"Other",3,2,3,3,1,1,2,2,3,2,1,11
"3634",9,14,1,"Black",3,2,2,3,2,2,3,2,1,2,2,11
"3635",9,14,1,"Black",2,2,2,3,2,2,3,2,1,2,2,11
"3636",10,16,0,"Black",NA,NA,NA,NA,NA,NA,NA,3,NA,NA,NA,11
"3637",11,18,0,"Asian",3,2,3,2,2,3,3,1,3,2,3,11
"3638",11,17,1,"White",2,1,2,2,1,1,3,3,2,3,2,11
"3639",11,17,0,"Hispanic",2,2,3,2,2,1,2,2,2,2,3,11
"3640",11,16,1,"Hispanic",3,2,3,2,3,2,3,2,3,3,3,11
"3641",11,17,0,"White",1,1,2,3,3,1,3,2,2,2,1,11
"3642",11,16,0,"Black",3,1,1,1,1,2,3,1,2,2,2,11
"3643",11,17,1,"White",3,2,3,3,2,2,3,3,3,3,2,11
"3644",12,18,1,"White",3,2,3,3,2,2,3,3,2,3,2,11
"3645",9,14,0,"Black",1,1,2,1,1,1,1,1,2,2,2,11
"3646",11,16,1,"White",3,3,3,3,3,3,3,3,3,3,2,11
"3647",12,17,1,"White",2,1,3,2,1,1,1,1,3,2,3,11
"3648",12,18,1,"Hispanic",3,2,3,3,3,2,3,1,2,2,2,11
"3649",9,14,1,"White",3,2,2,3,2,2,3,2,2,3,3,11
"3650",11,16,0,"White",2,1,1,3,1,1,2,1,1,2,3,11
"3651",12,18,0,"Hispanic",3,1,3,2,1,1,2,1,2,2,2,11
"3652",9,14,0,"Other",3,2,2,1,2,1,3,1,2,1,1,11
"3653",12,17,1,"Asian",2,1,2,3,2,2,3,2,2,2,3,11
"3654",9,15,0,"Black",2,2,2,2,2,2,2,2,2,2,2,11
"3655",9,14,0,"Asian",2,2,2,2,2,3,3,1,3,2,2,11
"3656",11,16,0,"White",3,2,2,2,2,2,2,1,3,2,3,11
"3657",11,16,1,"Black",3,2,2,3,2,2,3,2,2,1,2,11
"3658",10,16,1,"White",3,3,2,2,1,1,2,3,3,3,3,11
"3659",9,14,1,"White",3,2,3,2,3,2,3,2,3,2,2,11
"3660",9,14,1,"White",3,1,3,1,2,1,2,1,2,3,2,11
"3661",12,17,0,"Hispanic",1,2,2,2,1,3,3,2,1,2,2,11
"3662",9,14,1,"Other",3,2,3,3,2,2,3,2,3,2,3,11
"3663",9,14,0,"White",3,2,2,1,3,3,2,1,2,2,2,11
"3664",12,18,1,"Hispanic",3,2,3,3,3,2,3,3,3,1,3,11
"3665",10,16,1,"White",3,3,2,3,2,1,3,2,3,3,3,11
"3666",12,17,0,"White",3,2,2,3,2,3,3,3,1,2,1,11
"3667",9,14,0,"Other",2,2,1,3,1,3,3,2,1,2,3,11
"3668",10,15,1,"White",3,2,3,2,3,3,3,2,3,2,3,11
"3669",9,14,1,"Black",3,1,1,2,1,1,3,2,3,3,2,11
"3670",9,14,0,"White",3,2,3,3,3,3,3,3,3,2,2,11
"3671",11,16,1,"White",3,2,1,3,2,1,3,2,3,2,2,11
"3672",12,17,0,"Asian",3,2,3,3,2,2,3,1,1,3,3,11
"3673",9,15,0,"White",3,3,3,3,3,3,3,3,3,3,3,11
"3674",10,15,1,"White",3,3,2,2,2,2,3,2,3,2,3,11
"3675",11,16,0,"Black",3,2,3,2,2,3,3,2,3,3,2,11
"3676",9,15,1,"White",3,1,3,2,2,1,3,1,3,2,2,11
"3677",9,15,0,"Black",2,3,2,3,1,2,3,2,2,3,3,11
"3678",11,17,1,"White",2,2,3,2,1,3,3,2,3,2,2,11
"3679",10,16,0,"Other",2,1,3,1,3,2,2,1,2,3,2,11
"3680",12,18,0,"Other",1,1,1,2,1,1,1,1,1,1,1,11
"3681",11,16,0,"Asian",2,1,2,3,1,2,3,1,1,2,3,11
"3682",11,16,0,"Hispanic",2,2,3,2,1,2,2,1,1,3,3,11
"3683",9,14,1,"Black",3,2,2,2,3,2,3,3,3,2,2,11
"3684",10,15,1,"White",2,3,3,2,3,3,3,2,3,3,3,11
"3685",11,16,0,"Black",3,3,3,3,3,1,3,1,3,3,1,11
"3686",12,18,1,"Black",3,3,2,3,1,1,3,2,2,2,2,11
"3687",9,15,1,"Other",3,2,3,2,3,1,3,3,2,2,3,11
"3688",11,16,0,"Black",2,1,1,1,1,1,2,1,2,2,1,11
"3689",10,16,0,"White",3,3,2,3,2,3,3,3,3,2,3,11
"3690",9,14,0,"Black",1,1,1,1,2,2,2,2,3,3,3,11
"3691",12,18,0,"Hispanic",2,2,2,3,3,1,3,1,3,3,3,11
"3692",12,18,1,"Asian",3,3,2,3,2,2,3,2,3,3,3,11
"3693",9,14,0,"Hispanic",3,2,2,2,1,1,3,2,3,1,2,11
"3694",10,15,1,"White",3,3,2,2,2,2,2,2,2,2,2,11
"3695",11,16,0,"Black",2,2,2,2,2,2,2,2,2,2,2,11
"3696",11,16,0,"White",2,2,2,2,2,2,2,2,2,2,2,11
"3697",9,14,1,"Black",3,2,3,2,2,1,2,2,2,2,1,11
"3698",12,18,1,"Hispanic",2,2,3,3,1,2,3,1,2,2,3,11
"3699",9,14,0,"Black",3,2,2,2,2,2,3,1,2,3,2,11
"3700",11,17,0,"Black",3,1,3,3,1,1,1,1,1,2,2,11
"3701",11,17,1,"White",3,2,3,3,2,2,3,3,2,3,1,11
"3702",11,16,1,"Asian",3,2,3,3,2,2,3,3,2,2,3,11
"3703",11,16,1,"Black",3,2,2,3,2,2,3,3,2,2,2,11
"3704",11,17,1,"White",3,2,3,3,1,2,3,2,3,2,2,11
"3705",11,16,1,"White",3,3,3,3,3,2,2,2,3,3,2,11
"3706",11,17,0,"White",1,2,3,1,2,2,1,3,3,2,3,11
"3707",11,17,0,"Hispanic",3,2,2,1,2,3,3,2,3,2,3,11
"3708",11,16,1,"White",2,3,2,3,3,2,3,2,3,2,2,11
"3709",11,17,0,"Black",2,2,3,2,2,2,2,1,2,2,2,11
"3710",9,14,0,"White",2,2,3,2,2,2,3,2,3,3,2,11
"3711",11,17,1,"White",2,2,3,3,3,2,3,3,3,3,2,11
"3712",NA,NA,NA,NA,NA,NA,NA,NA,NA,NA,NA,NA,NA,NA,NA,11
"3713",12,18,0,"White",3,3,3,2,2,3,2,1,2,2,2,11
"3714",12,17,0,"White",2,2,3,3,3,3,3,1,3,3,2,11
"3715",NA,NA,NA,NA,NA,NA,NA,NA,NA,NA,NA,NA,NA,NA,NA,11
"3716",9,15,0,"White",1,1,2,1,1,1,2,1,1,2,1,11
"3717",11,16,1,"White",3,1,3,1,1,1,3,2,2,1,3,11
"3718",11,16,1,"Hispanic",3,2,3,2,2,2,3,2,3,2,2,11
"3719",NA,NA,NA,NA,NA,NA,NA,NA,NA,NA,NA,NA,NA,NA,NA,11
"3720",9,14,0,"Other",3,2,2,1,1,1,2,1,2,1,2,11
"3721",11,17,0,"Hispanic",1,2,2,1,1,1,3,1,2,2,3,11
"3722",10,16,1,"Other",3,2,3,3,2,2,3,3,2,3,3,11
"3723",10,16,0,"White",2,3,1,3,1,2,3,3,1,3,2,11
"3724",9,15,1,"White",3,2,3,2,3,2,3,3,3,2,3,11
"3725",9,14,1,"White",2,1,3,2,2,2,2,2,1,3,2,11
"3726",9,14,1,"White",1,2,2,2,2,1,3,3,2,2,3,11
"3727",10,15,1,"White",3,2,3,3,3,2,3,3,3,3,2,11
"3728",10,15,1,"Hispanic",1,2,3,2,2,1,3,1,2,3,2,11
"3729",9,14,1,"Black",2,2,2,2,1,2,2,2,1,2,2,11
"3730",12,17,1,"Black",2,3,3,3,2,2,3,2,1,2,3,11
"3731",12,17,0,"White",3,3,2,3,2,2,3,3,2,1,3,11
"3732",12,17,1,"Black",3,2,2,3,1,3,3,2,3,2,1,11
"3733",10,16,1,"Hispanic",2,2,2,3,2,2,3,3,2,2,3,11
"3734",9,14,1,"Hispanic",2,2,2,3,3,2,3,2,3,2,3,11
"3735",9,14,1,"Black",3,2,3,2,1,1,2,3,3,3,3,11
"3736",9,14,1,"Black",2,2,3,2,2,1,2,1,2,2,2,11
"3737",9,15,1,"Asian",2,2,2,1,2,1,2,3,3,1,1,11
"3738",9,15,1,"Black",3,2,2,2,2,1,3,3,2,2,2,11
"3739",10,16,1,"Other",3,2,3,2,1,1,3,1,1,2,3,11
"3740",9,14,0,"White",3,2,3,2,2,2,2,1,3,2,2,11
"3741",10,15,1,"Asian",3,2,2,2,2,1,3,2,2,3,3,11
"3742",10,16,0,"Black",2,2,3,1,1,1,2,2,1,2,3,11
"3743",10,15,1,"White",2,2,3,3,3,2,3,3,3,3,2,11
"3744",9,14,1,"White",1,1,3,3,2,1,3,2,3,2,3,11
"3745",9,15,0,"Black",2,2,3,2,2,2,2,1,2,3,2,11
"3746",9,15,0,"Black",3,2,2,2,1,2,2,1,2,1,2,11
"3747",11,16,0,"White",3,3,3,3,3,3,3,3,3,3,3,11
"3748",10,16,1,"White",2,2,2,2,1,2,3,1,1,1,2,11
"3749",9,14,0,"Black",3,3,3,3,2,3,3,3,3,3,3,11
"3750",10,15,0,"Black",2,2,3,2,2,3,3,3,1,3,1,11
"3751",11,16,0,"Hispanic",NA,NA,NA,NA,NA,NA,NA,NA,NA,NA,NA,11
"3752",11,16,0,"White",3,3,3,3,2,3,3,3,3,3,2,11
"3753",9,14,0,"Asian",2,2,2,3,3,2,3,1,1,3,2,11
"3754",NA,NA,NA,NA,NA,NA,NA,NA,NA,NA,NA,NA,NA,NA,NA,11
"3755",12,16,1,"White",1,NA,NA,NA,NA,NA,2,NA,NA,3,NA,11
"3756",10,16,1,"White",3,3,3,3,2,2,3,3,2,2,3,11
"3757",11,17,0,"Black",3,2,3,3,2,2,3,2,1,3,2,11
"3758",9,14,1,"White",2,3,3,3,3,2,3,3,3,2,2,11
"3759",10,15,0,"Black",1,1,1,1,1,1,1,1,1,1,1,11
"3760",9,14,1,"Asian",2,2,3,3,3,2,3,3,2,2,2,11
"3761",9,14,0,"White",3,2,3,3,3,3,3,2,3,2,3,11
"3762",9,18,1,"White",NA,NA,NA,NA,NA,NA,NA,NA,NA,NA,NA,11
"3763",9,14,0,"White",NA,NA,NA,NA,NA,NA,NA,NA,NA,NA,NA,11
"3764",NA,NA,NA,NA,NA,NA,NA,NA,NA,NA,NA,NA,NA,NA,NA,11
"3765",9,14,1,"White",2,1,2,3,2,2,3,3,3,3,1,11
"3766",9,14,0,"Black",NA,NA,NA,NA,NA,NA,NA,NA,NA,NA,NA,11
"3767",9,14,1,"Black",NA,NA,NA,NA,NA,NA,NA,NA,NA,NA,NA,11
"3768",10,16,0,"White",3,1,3,1,2,2,3,2,3,3,2,11
"3769",9,14,1,"White",2,3,2,2,1,1,3,1,1,3,2,11
"3770",10,15,1,"White",2,2,2,2,2,2,2,2,2,2,2,11
"3771",9,14,0,"Asian",1,2,NA,2,2,3,3,2,2,2,2,11
"3772",9,14,1,"White",3,1,2,1,3,1,3,2,1,3,3,11
"3773",9,15,0,"Black",2,1,3,1,1,1,2,1,3,3,1,11
"3774",9,15,0,"White",3,2,3,2,3,2,2,1,3,2,3,11
"3775",9,15,0,"Black",2,2,2,1,2,2,2,1,2,3,2,11
"3776",10,15,0,"White",3,3,3,2,1,3,3,3,3,3,2,11
"3777",9,14,1,"Hispanic",2,2,3,2,2,2,3,1,3,3,3,11
"3778",9,14,1,"White",3,1,2,3,3,1,3,3,3,2,3,11
"3779",10,16,1,"Hispanic",3,2,3,3,3,2,3,3,3,3,3,11
"3780",10,15,1,"White",3,2,2,2,3,2,3,2,2,2,2,11
"3781",9,14,1,"Black",2,2,3,2,2,1,3,2,3,2,3,11
"3782",9,15,0,"Other",2,2,3,3,2,1,1,2,1,3,2,11
"3783",9,14,0,"White",3,1,3,3,3,2,3,3,3,3,3,11
"3784",10,16,0,"White",2,2,3,3,2,2,2,3,3,2,2,11
"3785",9,15,0,"Black",2,2,3,3,2,2,3,3,3,3,3,11
"3786",9,14,1,"Black",2,3,3,3,2,1,3,1,3,2,3,11
"3787",12,18,1,"Hispanic",3,2,2,3,3,1,3,3,1,3,3,11
"3788",10,16,0,"White",3,2,3,2,1,2,3,1,3,3,3,11
"3789",8,14,0,"Asian",2,2,3,3,3,2,3,3,3,3,2,11
"3790",9,14,0,"Black",3,2,3,2,2,2,3,2,2,3,2,11
"3791",10,15,1,"Other",3,3,2,3,3,2,3,3,3,1,2,11
"3792",9,15,0,"Other",2,2,2,2,2,2,2,2,2,2,2,11
"3793",9,14,0,"White",3,3,2,3,1,2,3,3,3,2,3,11
"3794",10,15,0,"Black",3,2,1,2,1,1,2,1,2,2,2,11
"3795",9,14,0,"White",3,2,3,3,2,2,3,2,1,3,2,11
"3796",10,15,0,"Black",3,2,3,2,2,2,2,2,2,2,2,11
"3797",9,13,1,"Black",2,2,2,3,1,1,3,1,2,1,2,11
"3798",10,16,0,"White",NA,NA,NA,NA,NA,NA,NA,NA,NA,NA,NA,11
"3799",9,15,1,"Black",3,2,3,2,2,1,2,1,3,3,3,11
"3800",9,15,1,"Other",2,2,2,1,1,2,3,2,1,3,2,11
"3801",9,14,0,"Asian",3,2,2,1,2,2,3,1,2,2,2,11
"3802",10,15,0,"White",2,2,1,2,1,3,3,1,3,1,3,11
"3803",11,15,0,"Black",3,2,2,1,1,2,3,1,1,1,3,11
"3804",10,15,1,"White",2,1,2,2,3,2,3,3,3,2,2,11
"3805",10,15,0,"Asian",2,3,2,2,2,2,2,3,2,3,2,11
"3806",10,16,1,"Hispanic",3,2,3,1,3,2,2,3,3,3,2,11
"3807",9,15,1,"Black",3,2,3,2,1,1,3,2,2,2,3,11
"3808",10,16,0,"White",2,2,2,2,2,1,3,2,1,3,2,11
"3809",11,16,1,"White",3,2,3,3,3,3,3,3,3,3,2,11
"3810",9,14,1,"Black",NA,NA,NA,NA,NA,NA,NA,NA,NA,NA,NA,11
"3811",9,14,0,"White",2,2,3,2,2,2,3,1,3,3,2,11
"3812",9,14,1,"Asian",3,3,3,3,3,3,3,2,3,3,3,11
"3813",9,15,0,"White",3,3,3,3,2,2,3,1,3,3,3,11
"3814",10,16,1,"Black",2,2,2,2,3,1,3,3,2,2,3,11
"3815",NA,NA,NA,NA,NA,NA,NA,NA,NA,NA,NA,NA,NA,NA,NA,11
"3816",9,14,1,"White",3,2,3,3,3,3,3,2,3,3,3,11
"3817",9,15,1,"White",3,2,3,3,3,3,3,3,3,3,2,11
"3818",10,15,1,"White",3,3,2,2,3,3,3,3,3,3,2,11
"3819",10,16,1,"Other",3,2,3,3,2,2,3,3,3,3,2,11
"3820",9,15,1,"Asian",2,2,3,3,1,2,3,1,3,3,3,11
"3821",10,15,1,"White",3,1,3,2,2,3,3,1,3,3,2,11
"3822",10,16,0,"White",2,2,3,3,2,2,3,1,1,1,2,11
"3823",10,15,0,"Other",3,2,NA,3,2,2,2,2,3,3,3,11
"3824",9,15,0,"Other",NA,NA,NA,NA,NA,NA,NA,NA,NA,NA,NA,11
"3825",10,16,0,"White",2,2,2,2,2,2,2,2,1,1,2,11
"3826",9,15,0,"White",NA,NA,NA,NA,NA,NA,NA,NA,NA,NA,NA,11
"3827",9,15,0,"White",NA,NA,NA,NA,NA,NA,NA,NA,NA,NA,NA,11
"3828",11,17,1,"White",NA,NA,NA,NA,NA,NA,NA,NA,NA,NA,NA,11
"3829",NA,NA,NA,NA,NA,NA,NA,NA,NA,NA,NA,NA,NA,NA,NA,11
"3830",10,15,1,"Asian",2,2,3,3,2,1,3,3,3,3,3,11
"3831",9,14,1,"Black",NA,NA,NA,NA,NA,NA,NA,NA,NA,NA,NA,11
"3832",9,14,1,"Black",2,2,2,1,1,2,3,2,1,2,2,11
"3833",10,15,1,"Other",2,3,2,3,2,2,3,3,3,3,2,11
"3834",9,14,1,"Black",NA,NA,NA,NA,NA,NA,NA,NA,NA,NA,NA,11
"3835",9,14,0,"White",2,2,3,2,2,2,2,2,3,2,3,11
"3836",9,15,1,"Black",3,1,2,2,1,1,3,3,3,3,2,11
"3837",NA,NA,NA,NA,NA,NA,NA,NA,NA,NA,NA,NA,NA,NA,NA,11
"3838",10,16,0,"Black",2,1,3,3,2,1,2,2,2,3,2,11
"3839",8,15,0,"Black",2,1,3,1,1,1,2,1,1,1,1,11
"3840",NA,NA,NA,NA,NA,NA,NA,NA,NA,NA,NA,NA,NA,NA,NA,11
"3841",9,15,1,"White",3,2,3,3,2,2,3,3,3,3,2,11
"3842",9,15,0,"Other",NA,NA,NA,NA,NA,NA,NA,NA,NA,NA,NA,11
"3843",NA,NA,NA,NA,NA,NA,NA,NA,NA,NA,NA,NA,NA,NA,NA,11
"3844",9,14,1,"Black",NA,NA,NA,NA,NA,NA,NA,NA,NA,NA,NA,11
"3845",9,14,1,"Asian",NA,NA,NA,NA,NA,NA,NA,NA,NA,NA,NA,11
"3846",10,15,0,"Hispanic",NA,NA,NA,NA,NA,NA,NA,NA,NA,NA,NA,11
"3847",9,15,1,"White",2,1,2,2,2,2,2,1,2,3,2,11
"3848",10,15,1,"White",3,2,3,3,2,2,3,2,3,3,3,11
"3849",11,17,0,"Asian",NA,NA,NA,NA,NA,NA,NA,NA,NA,NA,NA,11
"3850",10,16,0,"Black",2,3,2,2,2,2,2,2,2,2,2,11
"3851",9,NA,NA,NA,NA,NA,NA,NA,NA,NA,NA,NA,NA,NA,NA,11
"3852",NA,NA,NA,NA,NA,NA,NA,NA,NA,NA,NA,NA,NA,NA,NA,11
"3853",NA,NA,NA,NA,NA,NA,NA,NA,NA,NA,NA,NA,NA,NA,NA,11
"3854",11,16,0,"Hispanic",3,1,3,2,2,3,3,1,2,1,2,11
"3855",11,16,0,"Asian",3,2,2,2,2,2,3,1,3,2,1,11
"3856",11,17,1,"White",3,2,2,3,2,3,3,2,2,2,3,11
"3857",10,16,1,"Asian",2,2,3,2,3,2,2,2,2,3,3,11
"3858",10,16,0,"White",2,2,3,1,2,1,2,1,1,2,2,11
"3859",10,15,1,"Asian",2,3,3,1,2,2,3,3,3,3,2,11
"3860",NA,NA,NA,NA,NA,NA,NA,NA,NA,NA,NA,NA,NA,NA,NA,11
"3861",NA,NA,NA,NA,NA,NA,NA,NA,3,NA,NA,NA,NA,NA,NA,11
"3862",10,15,0,"White",NA,NA,NA,NA,NA,NA,NA,NA,NA,NA,NA,11
"3863",9,15,1,"Other",NA,NA,NA,NA,NA,NA,NA,NA,NA,NA,NA,11
"3864",11,15,0,"White",NA,NA,NA,NA,NA,NA,NA,NA,NA,NA,NA,11
"3865",10,16,0,"Other",NA,NA,NA,NA,NA,NA,NA,NA,NA,NA,NA,11
"3866",12,17,1,"White",3,2,3,3,3,3,3,3,3,3,3,11
"3867",10,15,0,"White",3,2,2,1,1,1,2,1,2,3,2,11
"3868",9,14,1,"White",3,2,3,3,2,2,3,3,3,3,3,11
"3869",NA,NA,NA,NA,NA,NA,NA,NA,NA,NA,NA,NA,NA,NA,NA,11
"3870",11,17,NA,NA,NA,NA,NA,NA,NA,NA,NA,NA,NA,NA,NA,11
"3871",11,17,1,"Hispanic",3,2,2,2,1,2,3,2,2,1,1,11
"3872",11,17,1,"Hispanic",3,2,2,2,1,2,3,2,2,2,1,11
"3873",9,14,0,"White",3,2,3,2,1,2,3,1,3,3,3,11
"3874",9,15,1,"Asian",NA,NA,NA,NA,NA,NA,NA,NA,NA,NA,NA,11
"3875",9,14,NA,NA,NA,NA,NA,NA,NA,NA,NA,NA,NA,NA,NA,11
"3876",NA,NA,NA,NA,NA,NA,NA,NA,NA,NA,NA,NA,NA,NA,NA,11
"3877",9,14,0,"White",3,2,3,1,2,1,2,2,3,2,2,11
"3878",9,14,1,"White",3,2,1,2,1,1,3,3,1,2,3,11
"3879",11,16,0,"White",NA,NA,NA,NA,NA,NA,NA,NA,NA,NA,NA,11
"3880",9,15,1,"White",3,2,3,2,2,3,3,3,3,3,3,11
"3881",9,15,0,"White",2,1,3,3,2,2,3,1,1,2,2,11
"3882",9,14,1,"Hispanic",NA,NA,NA,NA,NA,NA,NA,NA,NA,NA,NA,11
"3883",10,15,1,"White",NA,NA,NA,NA,NA,NA,NA,NA,NA,NA,NA,11
"3884",11,17,0,"Asian",NA,NA,NA,NA,NA,NA,NA,NA,NA,NA,NA,11
"3885",10,15,1,"Black",2,2,1,2,1,1,3,2,1,2,2,11
"3886",10,15,1,"Black",1,2,1,2,1,1,3,2,2,2,3,11
"3887",10,15,1,"Black",2,2,3,2,2,2,1,1,2,2,2,11
"3888",NA,NA,NA,NA,NA,NA,NA,NA,NA,NA,NA,NA,NA,NA,NA,11
"3889",9,14,1,NA,NA,NA,NA,NA,NA,NA,NA,NA,NA,NA,NA,11
"3890",10,15,1,"Black",3,2,2,2,1,1,3,1,3,3,3,11
"3891",9,14,1,"White",3,2,3,2,1,2,2,1,3,3,3,11
"3892",9,14,1,"Black",3,3,2,1,1,1,2,1,3,2,2,11
"3893",9,14,1,"White",NA,NA,NA,NA,NA,NA,NA,NA,NA,NA,NA,11
"3894",NA,NA,NA,NA,NA,NA,NA,NA,NA,NA,NA,NA,NA,NA,NA,11
"3895",10,NA,NA,NA,NA,NA,NA,NA,NA,NA,NA,NA,NA,NA,NA,11
"3896",10,16,1,"Hispanic",NA,NA,NA,NA,NA,NA,NA,NA,NA,NA,NA,11
"3897",NA,NA,NA,NA,NA,NA,NA,NA,NA,NA,NA,NA,NA,NA,NA,11
"3898",9,14,1,"Black",NA,NA,NA,NA,NA,NA,NA,NA,NA,NA,NA,11
"3899",9,14,1,NA,NA,NA,NA,NA,NA,NA,NA,NA,NA,NA,NA,11
"3900",NA,NA,NA,NA,NA,NA,NA,NA,NA,NA,NA,NA,NA,NA,NA,11
"3901",9,14,0,"White",NA,NA,NA,NA,NA,NA,NA,NA,NA,NA,NA,11
"3902",9,14,1,"Black",NA,NA,NA,NA,NA,NA,NA,NA,NA,NA,NA,11
"3903",NA,NA,NA,NA,NA,NA,NA,NA,NA,NA,NA,NA,NA,NA,NA,11
"3904",11,17,1,"Asian",2,2,2,2,2,2,2,2,2,2,2,11
"3905",11,17,0,"White",3,2,1,2,1,1,2,1,1,1,2,11
"3906",12,18,0,"White",3,2,2,2,2,2,2,2,2,2,2,11
"3907",NA,NA,NA,NA,NA,NA,NA,NA,NA,NA,NA,NA,NA,NA,NA,11
"3908",12,18,0,"White",NA,NA,NA,NA,NA,NA,NA,NA,NA,NA,NA,11
"3909",10,15,0,"White",NA,NA,NA,NA,NA,NA,NA,NA,NA,NA,NA,11
"3910",11,16,0,"White",NA,NA,NA,NA,NA,NA,NA,NA,NA,NA,NA,11
"3911",9,15,1,"Other",NA,NA,NA,NA,NA,NA,NA,NA,NA,NA,NA,11
"3912",12,18,1,"White",NA,NA,NA,NA,NA,NA,NA,NA,NA,NA,NA,11
"3913",11,16,0,"White",NA,NA,NA,NA,NA,NA,NA,NA,NA,NA,NA,11
"3914",10,16,1,"Asian",NA,NA,NA,NA,NA,NA,NA,NA,NA,NA,NA,11
"3915",12,17,0,"White",NA,NA,NA,NA,NA,NA,NA,NA,NA,NA,NA,11
"3916",NA,NA,NA,NA,NA,NA,NA,NA,NA,NA,NA,NA,NA,NA,NA,11
"3917",12,17,1,"Black",2,2,3,3,1,1,3,3,1,3,2,11
"3918",10,15,0,"White",2,3,1,3,3,3,2,3,3,2,3,11
"3919",12,17,1,"White",NA,NA,NA,NA,NA,NA,NA,NA,NA,NA,NA,11
"3920",NA,NA,NA,NA,NA,NA,NA,NA,NA,NA,NA,NA,NA,NA,NA,11
"3921",10,15,1,"Asian",3,2,3,2,2,3,3,1,3,3,3,11
"3922",11,16,0,"White",1,1,2,2,1,1,1,1,1,2,2,11
"3923",10,15,0,"White",3,2,2,2,2,2,2,1,2,2,2,11
"3924",10,15,1,"White",NA,NA,NA,NA,NA,NA,NA,NA,NA,NA,NA,11
"3925",12,17,1,"Asian",NA,NA,NA,NA,NA,NA,NA,NA,NA,NA,NA,11
"3926",NA,NA,NA,NA,NA,NA,NA,NA,NA,NA,NA,NA,NA,NA,NA,11
"3927",NA,NA,NA,NA,NA,NA,NA,NA,NA,NA,NA,NA,NA,NA,NA,11
"3928",NA,NA,NA,NA,NA,NA,NA,NA,NA,NA,NA,NA,NA,NA,NA,11
"3929",NA,NA,NA,NA,NA,NA,NA,NA,NA,NA,NA,NA,NA,NA,NA,11
"3930",12,17,0,"Black",NA,NA,NA,NA,NA,NA,NA,NA,NA,NA,NA,11
"3931",9,14,0,"Black",1,2,1,1,1,1,1,1,3,2,2,11
"3932",NA,NA,NA,NA,NA,NA,NA,NA,NA,NA,NA,NA,NA,NA,NA,11
"3933",11,16,0,"White",NA,NA,NA,NA,NA,NA,NA,NA,NA,NA,NA,11
"3934",11,17,0,"Hispanic",NA,NA,NA,NA,NA,NA,NA,NA,NA,NA,NA,11
"3935",NA,NA,NA,NA,NA,NA,NA,NA,NA,NA,NA,NA,NA,NA,NA,11
"3936",11,16,0,"White",2,2,1,3,2,1,3,3,3,3,2,11
"3937",9,15,0,"White",NA,NA,NA,NA,NA,NA,NA,NA,NA,NA,NA,11
"3938",9,15,1,"Black",NA,NA,NA,NA,NA,NA,NA,NA,NA,NA,NA,11
"3939",9,14,1,"Black",NA,NA,NA,NA,NA,NA,NA,NA,NA,NA,NA,11
"3940",9,14,1,"Black",NA,NA,NA,NA,NA,NA,NA,NA,NA,NA,NA,11
"3941",9,14,1,"Black",NA,NA,NA,NA,NA,NA,NA,NA,NA,NA,NA,11
"3942",9,14,1,"White",NA,NA,NA,NA,NA,NA,NA,NA,NA,NA,NA,11
"3943",9,14,0,"Black",2,2,2,2,2,2,2,2,2,2,2,11
"3944",9,15,0,"Black",NA,NA,NA,NA,NA,NA,NA,NA,NA,NA,NA,11
"3945",NA,NA,NA,NA,NA,NA,NA,NA,NA,NA,NA,NA,NA,NA,NA,11
"3946",NA,NA,NA,NA,NA,NA,NA,NA,NA,NA,NA,NA,NA,NA,NA,11
"3947",11,16,0,"Asian",3,3,1,3,3,2,3,1,3,2,2,11
"3948",NA,NA,NA,NA,NA,NA,NA,NA,NA,NA,NA,NA,NA,NA,NA,11
"3949",9,14,0,"Black",NA,NA,NA,NA,NA,NA,NA,NA,NA,NA,NA,11
"3950",9,14,0,"Black",NA,NA,NA,NA,NA,NA,NA,NA,NA,NA,NA,11
"3951",12,18,0,"Asian",NA,NA,NA,NA,NA,NA,NA,NA,NA,NA,NA,11
"3952",12,18,0,"Asian",NA,NA,NA,NA,NA,NA,NA,NA,NA,NA,NA,11
"3953",9,15,0,"White",2,3,3,3,2,3,3,3,3,2,3,11
"3954",9,14,0,"Black",3,2,3,2,3,2,3,3,3,3,2,11
"3955",9,14,1,"Asian",NA,NA,NA,NA,NA,NA,NA,NA,NA,NA,NA,11
"3956",9,14,0,"White",3,2,3,2,2,2,2,1,3,3,3,11
"3957",9,14,0,"White",NA,NA,NA,NA,NA,NA,NA,NA,NA,NA,NA,11
"3958",9,15,1,"Black",2,1,3,3,3,2,3,1,1,3,2,11
"3959",9,14,1,"Other",2,2,1,3,2,1,3,2,2,2,3,11
"3960",9,13,1,"Black",2,1,1,2,2,1,3,1,2,1,2,11
"3961",9,14,1,"Black",NA,NA,NA,NA,NA,NA,NA,NA,NA,NA,NA,11
"3962",9,NA,NA,NA,NA,NA,NA,NA,NA,NA,NA,NA,NA,NA,NA,11
"3963",9,14,0,"Black",NA,NA,NA,NA,NA,NA,NA,NA,NA,NA,NA,11
"3964",NA,NA,NA,NA,NA,NA,NA,NA,NA,NA,NA,NA,NA,NA,NA,11
"3965",9,14,1,"Black",3,2,2,2,1,1,2,3,2,2,2,11
"3966",NA,NA,NA,NA,NA,NA,NA,NA,NA,NA,NA,NA,NA,NA,NA,11
"3967",10,15,0,"White",3,2,3,2,2,1,2,2,3,3,3,11
"3968",10,15,1,"White",3,2,3,2,3,1,3,3,3,3,3,11
"3969",12,17,1,NA,NA,NA,NA,NA,NA,NA,NA,NA,NA,NA,NA,11
"3970",12,NA,NA,NA,NA,NA,NA,NA,NA,NA,NA,NA,NA,NA,NA,11
"3971",9,14,0,"White",1,2,3,2,2,2,2,2,2,2,2,11
"3972",9,14,1,"Black",3,2,2,2,2,2,2,2,1,2,2,11
"3973",12,18,0,"White",2,1,1,2,1,1,3,2,1,2,2,11
"3974",12,18,1,"Hispanic",NA,NA,NA,NA,NA,NA,NA,NA,NA,NA,NA,11
"3975",12,18,1,"Hispanic",3,2,2,2,1,1,3,2,2,2,3,11
"3976",12,18,1,"Hispanic",NA,NA,NA,NA,NA,NA,NA,NA,NA,NA,NA,11
"3977",12,17,1,"White",NA,NA,NA,NA,NA,NA,NA,NA,NA,NA,NA,11
"3978",12,18,0,"White",NA,NA,NA,NA,NA,NA,NA,NA,NA,NA,NA,11
"3979",9,NA,NA,NA,NA,NA,NA,NA,NA,NA,NA,NA,NA,NA,NA,11
"3980",9,14,0,"Black",2,2,2,2,2,2,3,2,2,3,3,11
"3981",11,16,0,"Hispanic",2,1,2,3,2,1,3,3,1,2,2,11
"3982",9,14,0,"White",2,2,3,2,2,2,3,2,3,3,3,11
"3983",12,17,1,"White",3,3,2,2,3,3,3,2,3,2,2,11
"3984",NA,NA,NA,NA,NA,NA,NA,NA,NA,NA,NA,NA,NA,NA,NA,11
"3985",11,16,0,"White",3,3,3,3,3,3,3,3,3,3,3,11
"3986",9,14,1,"Other",1,2,1,2,1,2,2,1,1,1,2,11
"3987",9,14,1,"Black",NA,NA,NA,NA,NA,NA,NA,NA,NA,NA,NA,11
"3988",12,18,0,"Hispanic",2,2,2,2,2,2,2,2,2,2,2,11
"3989",10,15,1,"White",NA,NA,NA,NA,NA,NA,NA,NA,NA,NA,NA,11
"3990",9,14,0,"White",3,2,2,3,2,2,2,3,1,3,2,11
"3991",10,15,1,"White",NA,NA,NA,NA,NA,NA,NA,NA,NA,NA,NA,11
"3992",11,16,0,"Black",2,2,2,2,2,2,2,2,2,2,2,11
"3993",10,15,0,"Black",NA,NA,NA,NA,NA,NA,NA,NA,NA,NA,NA,11
"3994",10,15,0,"White",NA,NA,NA,NA,NA,NA,NA,NA,NA,NA,NA,11
"3995",11,16,0,"Other",NA,NA,NA,NA,NA,NA,NA,NA,NA,NA,NA,11
"3996",9,15,1,"White",3,1,3,1,2,2,3,3,3,3,3,11
"3997",10,15,0,"White",1,1,1,1,1,1,1,3,1,1,1,11
"3998",9,14,1,"Asian",NA,NA,NA,NA,NA,NA,NA,NA,NA,NA,NA,11
"3999",NA,NA,NA,NA,NA,NA,NA,NA,NA,NA,NA,NA,NA,NA,NA,11
"4000",NA,NA,NA,NA,NA,NA,NA,NA,NA,NA,NA,NA,NA,NA,NA,11
"4001",NA,NA,NA,NA,NA,NA,NA,NA,NA,NA,NA,NA,NA,NA,NA,11
"4002",9,15,0,"Black",3,2,2,3,3,2,3,1,2,2,2,11
"4003",10,16,0,"Black",NA,NA,NA,NA,NA,NA,NA,NA,NA,NA,NA,11
"4004",9,14,0,"White",3,2,2,2,1,1,3,1,2,2,2,11
"4005",9,14,0,"White",3,2,2,2,2,2,1,2,1,2,2,11
"4006",NA,NA,NA,NA,NA,NA,NA,NA,NA,NA,NA,NA,NA,NA,NA,11
"4007",9,15,1,"Other",NA,NA,NA,NA,NA,NA,NA,NA,NA,NA,NA,11
"4008",9,15,0,"Other",NA,NA,NA,NA,NA,NA,NA,NA,NA,NA,NA,11
"4009",9,14,0,"Hispanic",NA,NA,NA,NA,NA,NA,NA,NA,NA,NA,NA,11
"4010",10,15,1,"White",NA,NA,NA,NA,NA,NA,NA,NA,NA,NA,NA,11
"4011",9,15,0,"Other",2,2,2,2,2,2,2,2,2,2,2,11
"4012",9,14,0,"White",1,2,2,2,1,1,2,1,3,3,2,11
"4013",NA,NA,NA,NA,NA,NA,NA,NA,NA,NA,NA,NA,NA,NA,NA,11
"4014",NA,NA,NA,NA,NA,NA,NA,NA,NA,NA,NA,NA,NA,NA,NA,11
"4015",12,18,0,"White",3,2,2,3,2,1,3,1,3,3,3,11
"4016",NA,NA,NA,NA,NA,NA,NA,NA,NA,NA,NA,NA,NA,NA,NA,11
"4017",12,NA,NA,NA,NA,NA,NA,NA,NA,NA,NA,NA,NA,NA,NA,11
"4018",10,16,0,"Black",2,2,3,3,1,2,3,1,2,3,2,11
"4019",11,16,1,"Hispanic",NA,NA,NA,NA,NA,NA,NA,NA,NA,NA,NA,11
"4020",NA,NA,NA,NA,NA,NA,NA,NA,NA,NA,NA,NA,NA,NA,NA,11
"4021",11,17,0,"Hispanic",NA,NA,NA,NA,NA,NA,NA,NA,NA,NA,NA,11
"4022",7,12,0,"Hispanic",3,1,1,1,1,1,3,2,2,1,1,12
"4023",7,12,0,"Hispanic",3,2,3,3,3,3,3,3,3,3,2,12
"4024",7,12,0,"White",2,2,3,3,2,3,3,3,2,2,2,12
"4025",7,12,0,"White",2,2,3,3,3,2,3,1,3,1,1,12
"4026",7,12,1,"Hispanic",3,2,3,1,2,3,3,3,3,2,3,12
"4027",7,12,0,"White",3,1,1,3,1,1,2,2,1,1,2,12
"4028",7,13,0,"White",3,2,3,3,3,2,3,3,3,2,3,12
"4029",7,12,0,"White",2,1,3,3,3,2,2,3,2,3,3,12
"4030",7,12,1,"Black",2,1,2,3,2,3,3,3,3,3,3,12
"4031",7,13,0,"White",1,1,1,1,1,2,1,1,1,1,2,12
"4032",7,13,1,"White",1,1,2,1,1,2,2,1,3,1,1,12
"4033",7,12,0,"White",3,2,1,2,2,2,3,2,3,3,2,12
"4034",7,13,1,"White",3,3,2,2,2,2,3,3,3,1,2,12
"4035",7,13,1,"Other",2,1,2,2,3,2,2,1,3,2,2,12
"4036",7,12,1,"Hispanic",2,2,3,3,2,3,3,3,2,3,3,12
"4037",7,12,1,"Asian",1,3,1,3,1,1,1,1,3,1,1,12
"4038",7,13,1,"Asian",2,3,3,3,2,3,2,1,3,2,2,12
"4039",8,13,1,"White",3,2,3,3,2,3,3,2,3,2,2,12
"4040",7,12,0,"Asian",2,1,1,2,1,1,2,1,1,1,2,12
"4041",7,13,1,"White",2,2,3,3,3,2,3,3,3,2,3,12
"4042",7,12,1,"Hispanic",3,2,3,2,2,3,3,1,3,2,2,12
"4043",7,13,1,"Black",2,2,3,2,2,2,3,3,2,3,2,12
"4044",7,13,0,"White",3,3,2,3,2,2,2,3,2,2,3,12
"4045",7,12,1,"Hispanic",2,2,2,2,1,2,2,2,1,1,2,12
"4046",7,13,0,"Other",2,2,1,1,1,1,1,1,2,1,2,12
"4047",7,13,0,"White",1,1,1,1,1,1,1,1,1,1,1,12
"4048",7,12,0,"White",2,2,2,2,2,2,2,2,3,2,2,12
"4049",7,12,1,"White",2,2,2,2,2,2,3,3,3,1,2,12
"4050",7,12,1,"Other",2,2,2,3,2,1,3,3,2,2,2,12
"4051",7,12,1,"Hispanic",3,2,3,3,2,3,3,3,3,3,3,12
"4052",7,13,1,"Asian",2,2,3,3,2,2,3,1,3,2,3,12
"4053",7,12,1,"White",1,2,3,2,3,1,3,1,2,2,2,12
"4054",7,12,1,"Asian",2,2,3,3,3,3,3,3,3,3,2,12
"4055",7,12,1,"White",3,2,3,3,3,2,3,2,3,3,1,12
"4056",7,12,1,"Hispanic",3,1,3,2,2,2,2,2,3,2,2,12
"4057",7,12,1,"White",2,2,3,2,3,2,3,2,3,3,2,12
"4058",7,13,1,"White",3,3,2,3,2,2,3,2,2,2,3,12
"4059",7,12,1,"White",3,3,3,3,2,2,2,2,1,1,1,12
"4060",7,12,1,"Black",3,2,2,2,2,2,2,2,2,2,2,12
"4061",7,13,0,"Black",2,2,2,2,1,1,3,1,1,2,2,12
"4062",7,12,1,"White",3,3,1,1,1,1,3,1,3,2,1,12
"4063",7,13,0,"White",3,3,3,3,3,3,3,3,3,3,3,12
"4064",7,13,0,"White",3,3,3,3,2,3,3,2,2,2,3,12
"4065",7,13,1,"White",2,1,3,3,2,2,3,3,3,3,1,12
"4066",7,12,1,"Black",2,2,2,2,3,2,2,2,2,2,2,12
"4067",7,12,1,"Asian",2,2,2,3,2,2,3,2,3,1,2,12
"4068",7,12,1,"White",2,2,1,3,2,2,3,3,2,3,3,12
"4069",7,12,1,"White",3,3,3,3,2,1,3,3,3,2,3,12
"4070",7,12,0,"White",2,2,3,3,2,2,3,3,3,3,3,12
"4071",7,12,0,"White",3,2,3,3,2,3,3,1,2,2,2,12
"4072",7,13,1,"Asian",3,3,2,2,1,1,2,3,2,1,2,12
"4073",7,12,0,"Hispanic",1,2,3,1,2,3,1,1,1,1,3,12
"4074",7,13,0,"Hispanic",2,2,3,3,2,2,2,1,2,2,2,12
"4075",7,12,1,"Black",2,3,2,3,2,3,2,3,2,3,2,12
"4076",7,12,1,"Black",2,1,3,3,2,3,3,3,3,3,3,12
"4077",7,13,1,"White",3,2,3,3,2,3,3,3,3,3,3,12
"4078",7,13,1,"Hispanic",2,2,3,3,2,2,3,3,3,1,3,12
"4079",7,12,0,"Asian",2,3,3,2,3,3,3,2,2,2,3,12
"4080",7,13,1,"Black",3,2,3,1,1,1,2,1,1,2,2,12
"4081",7,12,0,"White",3,2,3,1,1,1,2,1,3,2,3,12
"4082",7,12,1,"White",2,1,3,2,3,1,3,2,3,2,2,12
"4083",7,13,0,"White",1,2,1,3,3,2,3,1,2,2,2,12
"4084",7,12,0,"White",3,3,3,3,3,3,3,3,3,3,3,12
"4085",7,12,0,"Black",2,3,1,2,1,1,2,1,2,3,2,12
"4086",7,13,1,"Black",2,2,3,2,2,2,3,1,3,2,1,12
"4087",7,13,1,"Asian",2,2,3,2,2,2,3,3,3,2,2,12
"4088",7,12,0,"Asian",1,2,3,3,2,1,3,2,1,3,2,12
"4089",7,12,0,"White",2,3,3,3,3,2,3,3,3,3,3,12
"4090",7,12,0,"Other",2,2,2,1,3,2,3,1,2,2,2,12
"4091",7,13,1,"White",3,1,2,3,2,3,3,3,2,3,2,12
"4092",7,12,0,"White",3,2,3,2,2,2,2,1,3,2,1,12
"4093",7,12,1,"Black",2,3,1,3,2,1,3,3,3,3,2,12
"4094",7,13,1,"Asian",2,2,2,3,2,2,2,2,3,3,2,12
"4095",7,13,0,"White",3,3,3,2,3,3,3,3,3,2,3,12
"4096",7,12,1,"White",3,3,3,3,2,3,3,2,3,2,3,12
"4097",7,12,1,"Hispanic",3,3,3,3,3,3,3,3,3,3,3,12
"4098",7,13,1,"Other",3,2,2,2,1,2,3,2,1,1,2,12
"4099",7,12,0,"White",3,2,2,3,2,1,3,3,3,3,2,12
"4100",7,12,1,"White",3,3,3,3,3,3,3,3,3,3,3,12
"4101",7,12,1,"White",3,3,2,2,1,1,3,3,3,2,2,12
"4102",7,12,1,"Asian",3,2,3,2,3,3,3,2,3,3,2,12
"4103",7,14,1,"Hispanic",2,3,3,3,3,2,3,2,3,2,2,12
"4104",7,12,0,"White",3,2,3,3,3,2,2,3,3,3,3,12
"4105",7,13,0,"White",3,2,2,2,3,2,2,1,2,3,2,12
"4106",7,13,0,"White",2,2,1,3,2,2,3,1,2,2,2,12
"4107",7,12,1,"Hispanic",3,3,3,3,3,3,3,3,3,3,3,12
"4108",7,12,1,"White",2,1,3,2,2,2,3,3,3,3,2,12
"4109",7,12,1,"Asian",2,1,3,1,2,2,2,2,3,3,3,12
"4110",NA,NA,NA,NA,NA,NA,NA,NA,NA,NA,NA,NA,NA,NA,NA,12
"4111",7,12,0,"White",NA,NA,NA,NA,NA,NA,NA,NA,NA,NA,NA,12
"4112",NA,NA,NA,NA,NA,NA,NA,NA,NA,NA,NA,NA,NA,NA,NA,12
"4113",7,13,1,"White",NA,NA,NA,NA,NA,NA,NA,NA,NA,NA,NA,12
"4114",7,12,1,NA,NA,NA,NA,NA,NA,NA,NA,NA,NA,NA,NA,12
"4115",7,12,1,"White",NA,NA,NA,NA,NA,NA,NA,NA,NA,NA,NA,12
"4116",NA,NA,NA,NA,NA,NA,NA,NA,NA,NA,NA,NA,NA,NA,NA,12
"4117",7,NA,NA,NA,NA,NA,NA,NA,NA,NA,NA,NA,NA,NA,NA,12
"4118",7,12,NA,"White",NA,NA,NA,NA,NA,NA,NA,NA,NA,NA,NA,12
"4119",NA,NA,NA,NA,NA,NA,NA,NA,NA,NA,NA,NA,NA,NA,NA,12
"4120",7,12,1,"Other",NA,NA,NA,NA,NA,NA,NA,NA,NA,NA,NA,12
"4121",7,12,0,"White",NA,NA,NA,NA,NA,NA,NA,NA,NA,NA,NA,12
"4122",7,12,1,"White",NA,NA,NA,NA,NA,NA,NA,NA,NA,NA,NA,12
"4123",7,12,1,"Black",NA,NA,NA,NA,NA,NA,NA,NA,NA,NA,NA,12
"4124",NA,NA,NA,NA,NA,NA,NA,NA,NA,NA,NA,NA,NA,NA,NA,12
"4125",NA,NA,NA,NA,NA,NA,NA,NA,NA,NA,NA,NA,NA,NA,NA,12
"4126",7,12,1,"Black",NA,NA,NA,NA,NA,NA,NA,NA,NA,NA,NA,12
"4127",7,12,1,"White",3,1,2,3,2,3,3,2,3,3,2,12
"4128",7,12,1,"Other",NA,NA,NA,NA,NA,NA,NA,NA,NA,NA,NA,12
"4129",NA,NA,NA,NA,NA,NA,NA,NA,NA,NA,NA,NA,NA,NA,NA,12
"4130",7,12,1,"White",3,2,3,3,3,3,3,3,3,3,2,12
"4131",7,NA,NA,NA,NA,NA,NA,NA,NA,NA,NA,NA,NA,NA,NA,12
"4132",NA,NA,NA,NA,NA,NA,NA,NA,NA,NA,NA,NA,NA,NA,NA,12
"4133",7,12,1,"White",NA,NA,NA,NA,NA,NA,NA,NA,NA,NA,NA,12
"4134",7,12,0,"Asian",NA,NA,NA,NA,NA,NA,NA,NA,NA,NA,NA,12
"4135",7,12,1,"Hispanic",3,1,3,1,3,3,3,3,3,3,1,12
"4136",7,12,1,"White",3,3,3,3,2,3,3,3,3,3,3,12
"4137",7,12,0,"Black",3,2,2,2,2,3,2,2,2,2,2,12
"4138",7,12,1,"Asian",NA,NA,NA,NA,NA,NA,NA,NA,NA,NA,NA,12
"4139",7,12,1,"Asian",3,2,3,2,2,3,3,1,3,2,2,12
"4140",7,12,0,"Black",NA,NA,NA,NA,NA,NA,NA,NA,NA,NA,NA,12
"4141",7,12,1,"Other",3,2,3,2,1,2,2,2,2,2,2,12
"4142",7,12,0,"Black",1,2,2,2,1,1,3,1,1,1,2,12
"4143",7,12,1,"White",2,1,3,2,2,2,3,3,3,3,2,12
"4144",7,12,1,"Asian",1,2,2,2,2,2,3,2,3,2,1,12
"4145",7,13,1,"Hispanic",3,2,3,2,1,3,2,1,2,2,3,12
"4146",7,13,1,"Asian",2,2,2,2,3,2,3,2,3,2,2,12
"4147",7,12,1,"Hispanic",NA,NA,NA,NA,NA,NA,NA,NA,NA,NA,NA,12
"4148",7,12,1,"Black",2,2,2,1,1,2,3,1,3,2,2,12
"4149",7,12,1,"Black",3,3,2,3,2,2,3,3,1,3,2,12
"4150",7,12,1,"Asian",NA,NA,NA,NA,NA,NA,NA,NA,NA,NA,NA,12
"4151",7,12,1,"Hispanic",2,2,3,2,1,2,3,1,1,2,2,12
"4152",7,12,1,"Black",3,3,3,3,3,3,3,3,3,3,3,12
"4153",7,12,1,"Black",2,2,3,3,2,2,3,3,2,3,3,12
"4154",7,12,1,"Black",2,2,3,2,2,2,2,2,3,2,3,12
"4155",7,12,0,"Asian",2,2,2,2,2,2,2,2,2,2,2,12
"4156",7,13,1,"Asian",2,2,3,3,2,2,2,2,2,2,2,12
"4157",7,12,1,"Other",NA,NA,NA,NA,NA,NA,NA,NA,NA,NA,NA,12
"4158",7,12,1,"Asian",NA,NA,NA,NA,NA,NA,NA,NA,NA,NA,NA,12
"4159",7,13,0,"Hispanic",NA,NA,NA,NA,NA,NA,NA,NA,NA,NA,NA,12
"4160",7,12,0,"Black",1,2,3,1,2,2,2,2,2,2,2,12
"4161",7,12,0,"White",3,3,3,3,3,3,3,3,3,3,3,12
"4162",7,12,1,"White",3,3,3,3,3,3,3,3,3,3,3,12
"4163",7,12,0,"Hispanic",NA,NA,NA,NA,NA,NA,NA,NA,NA,NA,NA,12
"4164",7,13,0,"Black",3,3,3,3,2,3,3,1,2,3,3,12
"4165",7,12,0,"White",2,2,2,3,2,2,3,2,3,3,2,12
"4166",7,12,1,"Asian",2,1,2,2,2,2,2,1,3,3,3,12
"4167",7,13,1,"White",3,1,2,2,3,3,3,3,3,2,2,12
"4168",8,13,1,"White",3,2,2,2,1,1,3,1,3,3,3,12
"4169",8,13,1,"White",2,2,2,2,2,2,3,1,3,2,2,12
"4170",8,14,0,"Asian",2,2,2,1,2,3,2,1,1,2,1,12
"4171",8,13,0,"Hispanic",2,2,2,2,3,2,1,1,3,3,2,12
"4172",8,14,0,"Asian",2,2,2,1,2,3,2,1,1,2,1,12
"4173",8,14,0,"Asian",2,2,1,2,1,1,2,1,1,1,2,12
"4174",8,13,1,"Hispanic",2,3,3,1,3,1,1,1,2,2,3,12
"4175",8,13,1,"Black",2,2,3,2,1,1,2,2,2,2,1,12
"4176",8,14,0,"Asian",3,2,3,2,3,2,2,1,3,2,3,12
"4177",8,13,1,"Black",3,2,2,3,2,2,3,3,2,1,2,12
"4178",8,13,0,"Asian",2,1,2,3,1,1,3,2,1,2,2,12
"4179",8,13,0,"Asian",2,1,2,2,1,2,2,1,1,2,2,12
"4180",8,14,0,"White",2,2,2,2,2,2,2,2,2,2,2,12
"4181",8,14,1,"Asian",2,3,3,3,1,3,3,3,2,3,3,12
"4182",8,13,0,"Hispanic",3,2,3,3,2,2,3,2,3,3,3,12
"4183",8,14,1,"White",3,2,2,3,2,2,3,3,3,3,2,12
"4184",8,14,0,"White",2,1,2,1,1,2,3,1,1,2,2,12
"4185",8,14,0,"White",2,2,2,2,2,3,1,2,3,3,3,12
"4186",8,13,0,"Black",2,2,2,1,1,1,3,1,1,3,1,12
"4187",8,13,1,"Black",2,2,3,2,2,2,1,2,3,1,1,12
"4188",8,14,0,"White",3,3,3,3,1,2,3,2,3,3,3,12
"4189",8,13,0,"Other",2,2,2,1,1,2,2,1,1,1,1,12
"4190",8,13,0,"White",3,2,1,1,1,1,1,1,1,2,2,12
"4191",8,13,1,"Black",3,2,3,2,2,3,3,1,NA,2,1,12
"4192",8,13,1,"Asian",3,2,1,3,2,3,3,2,1,1,3,12
"4193",8,13,1,"Asian",2,2,3,2,2,2,3,2,1,2,2,12
"4194",8,13,0,"White",3,2,3,2,1,1,2,2,3,3,1,12
"4195",8,13,0,"White",2,1,2,1,1,2,2,1,1,2,2,12
"4196",8,13,1,"White",2,2,1,2,1,1,3,3,1,1,1,12
"4197",8,13,0,"Hispanic",2,2,3,2,1,2,2,1,3,1,3,12
"4198",8,14,1,"Black",1,3,2,2,2,3,1,1,2,1,1,12
"4199",8,13,1,"White",3,1,3,2,2,2,3,3,2,3,3,12
"4200",8,13,1,"White",2,3,2,3,2,1,3,2,3,2,3,12
"4201",8,13,0,"Asian",2,2,3,2,2,2,3,1,3,2,3,12
"4202",8,13,1,"Asian",2,2,2,2,2,2,2,3,3,2,2,12
"4203",8,13,1,"Asian",2,2,2,2,2,2,2,2,3,2,2,12
"4204",8,13,1,"White",2,2,3,2,2,2,2,2,3,3,2,12
"4205",8,14,0,"White",3,2,3,3,2,2,3,1,1,2,2,12
"4206",8,14,0,"Asian",2,1,2,1,1,1,1,1,1,1,1,12
"4207",8,13,1,"Hispanic",1,2,1,2,1,1,1,2,3,3,2,12
"4208",8,14,0,"White",3,1,2,2,2,2,3,3,3,1,3,12
"4209",6,13,0,"White",1,1,2,1,1,2,1,1,1,1,2,12
"4210",8,13,1,"Black",2,2,3,3,2,2,2,2,2,2,2,12
"4211",8,14,0,"Hispanic",2,1,1,3,2,2,3,1,3,3,2,12
"4212",8,13,1,"Asian",2,2,3,2,2,2,2,3,2,2,3,12
"4213",8,13,1,"Asian",3,2,3,3,2,2,3,3,3,2,2,12
"4214",8,14,1,"Other",3,2,3,2,2,2,3,2,1,2,2,12
"4215",8,13,1,"Other",3,3,3,2,3,2,3,2,2,2,2,12
"4216",8,14,0,"Black",3,2,3,2,3,3,3,3,2,2,2,12
"4217",8,13,1,"Asian",3,2,3,2,2,2,3,2,2,2,1,12
"4218",8,15,0,"Black",2,2,2,2,1,1,2,3,2,2,1,12
"4219",8,14,1,"Other",3,3,3,3,2,2,3,2,2,1,2,12
"4220",8,13,1,"Black",3,2,2,2,2,2,2,3,2,2,2,12
"4221",8,13,1,"Asian",2,2,2,3,2,2,3,2,1,3,2,12
"4222",8,13,1,"Hispanic",3,1,3,2,2,2,3,2,2,2,2,12
"4223",8,13,1,"Hispanic",3,3,3,3,1,3,3,1,1,3,3,12
"4224",8,13,1,"Asian",1,2,3,2,2,3,3,1,3,3,2,12
"4225",8,13,1,"Other",2,2,3,2,2,1,3,2,3,1,2,12
"4226",8,13,1,"Hispanic",3,2,2,2,2,3,3,3,2,2,2,12
"4227",8,13,1,"White",3,3,3,3,2,2,2,2,3,2,1,12
"4228",8,14,1,"Black",1,1,2,1,1,1,1,1,3,1,1,12
"4229",8,14,0,"Other",3,2,1,1,2,2,1,1,1,1,2,12
"4230",8,13,0,"Black",2,1,3,2,2,1,2,2,1,2,2,12
"4231",8,13,1,"Asian",1,2,2,3,3,2,3,3,2,2,3,12
"4232",8,13,1,"White",1,2,2,3,2,1,3,2,1,1,2,12
"4233",8,13,1,"White",3,2,1,2,2,3,3,1,1,1,1,12
"4234",8,13,1,"Asian",3,2,3,3,2,2,3,3,3,2,2,12
"4235",8,14,1,"Black",2,2,1,2,1,1,1,1,2,1,1,12
"4236",8,13,0,"Other",1,1,1,1,1,1,1,1,1,1,1,12
"4237",8,14,1,"Asian",3,2,2,2,2,3,3,1,3,1,1,12
"4238",8,13,1,"Black",2,2,2,2,2,1,3,2,3,2,3,12
"4239",8,13,1,"White",3,2,3,2,2,2,3,1,2,1,2,12
"4240",8,14,1,"White",2,1,3,2,2,1,3,1,1,1,2,12
"4241",8,14,1,"Other",2,1,2,3,2,1,3,3,2,2,2,12
"4242",8,13,1,"White",2,1,2,3,2,2,3,2,3,2,2,12
"4243",8,13,1,"White",2,3,2,3,2,2,3,3,2,2,2,12
"4244",8,13,1,"Black",2,2,3,2,2,2,2,2,2,2,2,12
"4245",8,13,1,"Asian",2,2,1,1,1,1,1,1,2,2,1,12
"4246",8,14,1,"Asian",2,2,3,3,3,2,3,2,2,3,3,12
"4247",8,13,1,"Hispanic",3,2,2,3,3,2,3,1,2,2,2,12
"4248",8,13,0,"Hispanic",3,3,1,2,3,2,2,1,1,2,3,12
"4249",8,13,0,"White",NA,NA,NA,NA,NA,NA,NA,NA,NA,NA,NA,12
"4250",8,13,0,"Black",NA,NA,NA,NA,NA,NA,NA,NA,NA,NA,NA,12
"4251",8,13,0,"White",2,1,2,2,1,2,3,2,2,2,3,12
"4252",8,14,1,"White",2,2,2,2,2,2,2,1,2,2,2,12
"4253",8,13,0,"White",3,3,3,3,3,3,3,3,3,3,3,12
"4254",8,14,1,"White",NA,NA,NA,NA,NA,NA,NA,NA,NA,NA,NA,12
"4255",8,13,0,"Hispanic",2,2,3,3,2,1,2,1,2,2,2,12
"4256",8,13,1,"White",3,2,2,2,2,2,3,2,3,2,1,12
"4257",8,14,0,"Asian",2,2,1,2,1,2,1,1,2,1,1,12
"4258",8,13,0,"White",NA,NA,NA,NA,NA,NA,NA,NA,NA,NA,NA,12
"4259",8,14,0,"Other",2,1,2,2,1,2,3,2,3,3,1,12
"4260",8,13,0,"Black",2,1,2,2,2,2,2,1,2,1,2,12
"4261",8,13,0,"Asian",NA,NA,NA,NA,NA,NA,NA,NA,NA,NA,NA,12
"4262",8,13,0,"Black",2,2,3,2,2,1,1,2,1,3,3,12
"4263",8,14,0,"White",NA,NA,NA,NA,NA,NA,NA,NA,NA,NA,NA,12
"4264",8,14,0,"White",NA,NA,NA,NA,NA,NA,NA,NA,NA,NA,NA,12
"4265",8,13,1,"Black",2,1,2,2,1,1,3,1,1,1,1,12
"4266",8,14,0,"Black",2,2,1,3,1,2,1,1,1,2,3,12
"4267",8,13,1,"Black",NA,NA,NA,NA,NA,NA,NA,NA,NA,NA,NA,12
"4268",8,14,0,"Asian",NA,NA,NA,NA,NA,NA,NA,NA,NA,NA,NA,12
"4269",8,13,0,"Hispanic",NA,NA,NA,NA,NA,NA,NA,NA,NA,NA,NA,12
"4270",8,13,1,"White",NA,NA,NA,NA,NA,NA,NA,NA,NA,NA,NA,12
"4271",8,13,1,"Black",3,2,3,3,2,2,2,3,3,3,3,12
"4272",8,13,1,"White",3,2,2,1,2,1,2,1,3,2,2,12
"4273",8,13,0,"Asian",NA,NA,NA,NA,NA,NA,NA,NA,NA,NA,NA,12
"4274",8,13,1,"Black",2,2,2,2,1,1,2,1,3,1,1,12
"4275",8,13,1,"White",NA,NA,NA,NA,NA,NA,NA,NA,NA,NA,NA,12
"4276",8,NA,NA,NA,NA,NA,NA,NA,NA,NA,NA,NA,NA,NA,NA,12
"4277",8,14,0,"Black",NA,NA,NA,NA,NA,NA,NA,NA,NA,NA,NA,12
"4278",8,13,1,"Asian",NA,NA,NA,NA,NA,NA,NA,NA,NA,NA,NA,12
"4279",8,13,1,"Other",NA,NA,NA,NA,NA,NA,NA,NA,NA,NA,NA,12
"4280",NA,NA,NA,NA,NA,NA,NA,NA,NA,NA,NA,NA,NA,NA,NA,12
"4281",NA,NA,NA,NA,NA,NA,NA,NA,NA,NA,NA,NA,NA,NA,NA,12
"4282",8,13,1,"Hispanic",NA,NA,NA,NA,NA,NA,NA,NA,NA,NA,NA,12
"4283",8,13,0,"Asian",NA,NA,NA,NA,NA,NA,NA,NA,NA,NA,NA,12
"4284",8,14,0,"Black",NA,NA,NA,NA,NA,NA,NA,NA,NA,NA,NA,12
"4285",8,14,0,"White",NA,NA,NA,NA,NA,NA,NA,NA,NA,NA,NA,12
"4286",8,15,0,"Hispanic",NA,NA,NA,NA,NA,NA,NA,NA,NA,NA,NA,12
"4287",8,14,1,"White",NA,NA,NA,NA,NA,NA,NA,NA,NA,NA,NA,12
"4288",8,13,0,"Black",1,NA,NA,NA,NA,NA,NA,NA,NA,NA,NA,12
"4289",8,14,0,"White",3,2,2,2,2,2,3,3,2,3,2,12
"4290",8,13,1,"White",NA,NA,NA,NA,NA,NA,NA,NA,NA,NA,NA,12
"4291",8,NA,0,"White",NA,NA,NA,NA,NA,NA,NA,NA,NA,NA,NA,12
"4292",8,13,1,"Black",2,1,1,1,1,1,3,2,1,1,2,12
"4293",8,14,0,"White",NA,NA,NA,NA,NA,NA,NA,NA,NA,NA,NA,12
"4294",8,13,1,"Hispanic",1,1,2,2,1,2,2,2,1,1,2,12
"4295",8,14,1,"Black",1,2,2,1,1,1,2,2,2,1,2,12
"4296",8,13,0,"Asian",3,2,3,3,3,2,3,3,3,3,3,12
"4297",8,13,NA,NA,NA,NA,NA,NA,NA,NA,NA,NA,NA,NA,NA,12
"4298",NA,NA,NA,NA,NA,NA,NA,NA,NA,NA,NA,NA,NA,NA,NA,12
"4299",8,13,0,"Hispanic",NA,NA,NA,NA,NA,NA,NA,NA,NA,NA,NA,12
"4300",8,14,1,"Asian",NA,NA,NA,NA,NA,NA,NA,NA,NA,NA,NA,12
"4301",8,14,NA,NA,NA,NA,NA,NA,NA,NA,NA,NA,NA,NA,NA,12
"4302",8,13,1,"Hispanic",3,2,3,2,2,2,1,2,2,2,2,12
"4303",8,14,0,"Black",NA,NA,NA,NA,NA,NA,NA,NA,NA,NA,NA,12
"4304",8,13,1,"Black",1,2,1,2,2,1,2,1,2,1,2,12
"4305",NA,NA,NA,NA,NA,NA,NA,NA,NA,NA,NA,NA,NA,NA,NA,12
"4306",8,14,1,"Hispanic",2,2,3,1,1,2,1,2,3,2,2,12
"4307",NA,NA,NA,NA,NA,NA,NA,NA,NA,NA,NA,NA,NA,NA,NA,12
"4308",11,16,1,"Asian",2,2,3,2,2,2,2,1,3,2,1,12
"4309",9,14,0,"Hispanic",3,1,3,1,1,1,2,1,2,1,2,13
"4310",9,14,1,"Hispanic",3,1,3,2,2,1,3,1,2,1,3,13
"4311",9,14,1,"Black",1,1,2,1,1,1,1,1,1,1,1,13
"4312",9,14,1,"Black",2,2,3,3,3,2,3,2,3,3,2,13
"4313",9,14,0,"Black",1,1,2,1,1,1,1,1,1,1,1,13
"4314",9,14,0,"White",1,2,2,1,1,1,2,1,1,1,1,13
"4315",9,14,0,"Hispanic",2,1,1,2,1,1,1,1,1,1,2,13
"4316",9,14,1,"Black",2,2,3,2,1,2,2,2,1,2,1,13
"4317",11,16,1,"Black",2,2,2,2,1,1,2,1,2,2,2,13
"4318",9,15,1,"Other",2,2,3,3,1,3,3,1,1,2,2,13
"4319",9,14,0,"Black",2,3,2,1,1,1,2,2,3,2,2,13
"4320",9,14,0,"Hispanic",3,1,2,1,1,1,2,1,2,1,1,13
"4321",9,13,0,"Black",3,2,2,2,2,1,2,2,1,2,2,13
"4322",9,16,0,"Hispanic",2,2,2,2,1,1,2,1,3,2,3,13
"4323",9,14,0,"Black",3,3,3,2,3,3,3,3,NA,NA,NA,13
"4324",9,14,0,"Black",2,2,2,2,2,2,3,2,3,3,2,13
"4325",11,18,1,"Hispanic",1,1,1,3,1,3,1,1,1,3,3,13
"4326",9,14,1,"Black",3,2,3,3,3,3,3,3,2,3,1,13
"4327",9,14,0,"Hispanic",2,2,3,1,1,1,3,2,2,1,2,13
"4328",10,15,1,"Hispanic",1,1,1,2,1,1,3,2,1,1,1,13
"4329",9,14,0,"Black",1,2,3,2,1,2,1,3,2,3,1,13
"4330",9,14,1,"Hispanic",2,1,3,2,2,3,3,3,3,3,3,13
"4331",9,15,1,"Hispanic",1,1,2,1,1,2,2,2,2,2,2,13
"4332",9,14,1,"Other",1,1,1,1,1,1,1,2,1,3,2,13
"4333",9,16,0,"Hispanic",1,1,3,1,1,2,2,1,1,1,1,13
"4334",10,15,1,"Black",1,1,1,1,1,1,1,1,1,1,1,13
"4335",9,14,1,"Hispanic",2,1,1,1,1,1,2,2,2,1,1,13
"4336",9,14,1,"Black",2,2,2,1,1,1,3,1,1,2,1,13
"4337",9,14,0,"Black",1,2,1,2,2,3,2,1,2,2,2,13
"4338",9,13,1,"Black",1,1,2,1,1,1,2,2,2,2,2,13
"4339",9,NA,0,"Black",NA,3,NA,NA,NA,NA,NA,NA,NA,NA,NA,13
"4340",9,14,0,"Asian",2,1,3,2,2,3,1,1,2,3,3,13
"4341",9,13,0,"Black",2,3,2,NA,2,2,2,2,2,2,2,13
"4342",9,15,1,"Other",2,1,3,1,1,1,1,1,3,1,2,13
"4343",9,15,0,"Black",3,2,2,2,1,2,2,1,1,2,2,13
"4344",11,17,0,"Black",NA,NA,NA,NA,NA,NA,NA,NA,NA,NA,NA,13
"4345",9,16,0,"Black",3,2,3,2,2,2,3,2,2,2,3,13
"4346",10,14,1,"Other",1,2,3,2,2,1,2,2,3,3,1,13
"4347",11,17,0,"Black",2,2,3,2,1,2,1,1,1,1,1,13
"4348",10,16,0,"Black",2,2,3,1,1,1,2,1,2,2,2,13
"4349",10,15,0,"Black",1,1,2,1,1,2,1,1,2,1,1,13
"4350",11,16,1,"Hispanic",3,2,3,2,2,2,3,3,2,3,2,13
"4351",10,16,1,"Other",2,2,2,2,2,2,1,2,1,1,2,13
"4352",10,15,1,"Other",NA,NA,NA,NA,NA,NA,NA,NA,NA,NA,NA,13
"4353",9,14,0,"Black",2,2,3,2,2,1,3,2,3,2,2,13
"4354",10,15,1,"Black",2,1,3,1,1,1,2,1,3,2,1,13
"4355",9,15,0,"Black",2,3,NA,2,3,3,3,1,3,3,2,13
"4356",9,15,0,"Black",3,2,3,2,2,2,3,2,3,3,3,13
"4357",9,16,1,"Hispanic",1,2,2,2,1,2,1,1,1,1,2,13
"4358",9,14,0,"Hispanic",1,2,2,2,1,2,2,1,2,2,3,13
"4359",9,15,1,"Black",2,3,2,3,2,2,3,3,3,3,3,13
"4360",9,15,1,"Hispanic",1,1,2,2,1,1,2,2,2,3,2,13
"4361",9,14,0,"Black",3,2,3,1,1,1,2,1,3,1,2,13
"4362",10,15,0,"Black",3,2,2,2,2,2,2,1,3,2,2,13
"4363",9,14,0,"Black",1,2,1,1,1,2,2,1,2,1,1,13
"4364",10,15,0,NA,NA,NA,NA,NA,NA,NA,NA,NA,NA,NA,NA,13
"4365",9,15,0,"Black",3,3,3,3,3,3,2,3,3,2,1,13
"4366",10,15,1,"Black",3,1,3,3,3,3,3,3,3,3,3,13
"4367",10,16,0,"Black",2,NA,NA,NA,2,NA,NA,NA,2,NA,NA,13
"4368",10,15,0,"Other",3,2,2,3,1,1,NA,NA,NA,1,1,13
"4369",10,16,0,"Hispanic",3,2,2,1,1,1,1,1,2,3,2,13
"4370",10,15,0,"Other",2,2,2,2,2,2,2,1,3,2,2,13
"4371",9,15,0,"Other",2,1,3,1,2,3,2,1,2,1,1,13
"4372",9,15,0,"Black",2,2,3,1,1,1,1,1,3,2,1,13
"4373",10,16,1,"Black",2,2,3,2,1,2,2,2,1,2,1,13
"4374",9,14,0,"Other",3,2,2,1,1,2,1,1,3,3,2,13
"4375",9,16,1,"Black",3,2,3,2,2,2,3,2,3,3,1,13
"4376",10,17,0,"Black",3,2,2,3,3,2,1,3,3,3,3,13
"4377",10,16,0,"Black",2,1,2,1,1,2,3,3,1,1,1,13
"4378",10,15,1,"Black",2,2,3,1,1,1,2,1,3,1,1,13
"4379",9,14,1,"Black",3,2,3,2,2,3,3,2,1,2,1,13
"4380",10,15,0,"Other",2,1,3,1,1,1,3,1,1,2,1,13
"4381",9,16,0,"Hispanic",1,2,1,2,1,1,2,1,1,2,2,13
"4382",10,16,1,"Black",2,2,2,1,1,1,1,1,1,2,1,13
"4383",10,15,NA,"Hispanic",2,1,1,1,1,1,2,1,1,2,1,13
"4384",9,15,0,"Hispanic",2,2,3,2,1,2,2,2,2,2,2,13
"4385",10,17,0,"Other",3,2,3,3,3,3,2,1,2,3,3,13
"4386",10,15,0,"Black",1,1,1,1,1,1,1,1,1,1,1,13
"4387",10,15,1,"Other",1,1,2,3,1,2,3,3,1,2,1,13
"4388",11,18,1,"Other",3,1,3,2,2,2,1,1,2,1,1,13
"4389",10,15,1,"Other",1,1,2,1,2,2,3,2,2,1,2,13
"4390",10,NA,1,"Hispanic",3,2,3,3,2,3,3,3,3,3,3,13
"4391",10,15,0,"Black",3,2,2,1,1,2,2,2,2,2,1,13
"4392",10,15,1,"Hispanic",1,1,1,2,2,2,3,2,1,2,2,13
"4393",10,15,0,"Black",1,1,1,1,1,1,2,1,1,3,2,13
"4394",10,15,1,"Black",2,2,3,3,1,3,3,3,1,2,NA,13
"4395",10,15,1,"Black",1,1,2,2,2,1,2,1,1,2,1,13
"4396",10,16,1,"Black",3,2,3,2,2,2,3,2,2,3,1,13
"4397",10,15,1,"Black",1,1,3,3,1,3,1,3,2,3,3,13
"4398",10,16,1,"Black",2,3,2,2,1,3,3,2,3,2,1,13
"4399",NA,NA,NA,NA,NA,NA,NA,NA,NA,NA,NA,NA,NA,NA,NA,13
"4400",9,14,0,"Hispanic",3,3,3,2,2,2,2,2,2,2,2,13
"4401",9,14,0,"Other",2,2,2,2,3,2,2,2,3,2,3,13
"4402",9,14,0,"Black",2,2,2,2,2,2,2,2,2,2,2,13
"4403",9,14,0,"Black",2,1,1,1,1,1,2,1,2,2,1,13
"4404",9,14,0,"Other",2,2,2,3,2,2,3,2,2,2,2,13
"4405",9,15,0,"Hispanic",2,1,3,1,1,1,1,1,2,2,1,13
"4406",9,14,1,"Hispanic",1,1,2,1,1,1,1,1,1,2,1,13
"4407",9,14,0,"Hispanic",3,2,3,2,2,3,3,2,3,2,2,13
"4408",9,15,1,"Hispanic",2,1,3,NA,3,3,3,3,3,3,3,13
"4409",10,16,0,"Black",1,1,1,1,1,1,1,1,1,1,1,13
"4410",NA,NA,NA,"Other",NA,NA,NA,NA,NA,NA,NA,NA,NA,NA,NA,13
"4411",10,16,0,"Black",1,1,1,2,1,1,2,1,1,1,1,13
"4412",11,16,1,"White",2,1,2,1,2,2,2,3,3,3,1,13
"4413",10,NA,1,"Black",2,1,3,1,2,1,2,2,3,2,1,13
"4414",10,17,0,"Hispanic",3,1,3,1,1,3,1,2,2,2,2,13
"4415",10,15,1,"Black",2,2,2,2,1,2,2,1,2,2,2,13
"4416",10,16,0,"Other",2,2,2,2,2,3,2,1,2,2,2,13
"4417",10,15,0,"Black",1,1,1,1,1,1,1,1,1,2,NA,13
"4418",10,15,0,"Black",1,2,2,1,NA,2,2,1,NA,NA,NA,13
"4419",10,15,1,"Hispanic",3,2,2,2,1,2,3,1,2,2,3,13
"4420",11,15,0,"Other",2,2,2,2,2,2,2,2,3,3,3,13
"4421",10,16,0,"Hispanic",1,3,2,3,3,1,3,3,1,3,3,13
"4422",9,15,0,"Hispanic",2,2,3,1,1,2,2,2,3,3,2,13
"4423",10,15,1,"Black",3,2,2,1,2,2,3,1,3,2,2,13
"4424",10,16,1,"Hispanic",2,2,2,3,1,1,3,3,2,1,1,13
"4425",10,NA,0,"Hispanic",3,2,2,2,2,3,2,2,3,3,2,13
"4426",10,16,0,"Hispanic",2,2,2,2,2,2,2,2,2,2,2,13
"4427",10,15,1,"Other",2,2,1,2,1,2,2,3,3,2,2,13
"4428",10,NA,0,"White",NA,NA,NA,NA,2,2,2,1,2,2,2,13
"4429",10,15,1,"Other",1,1,1,1,1,1,2,1,1,1,1,13
"4430",10,15,1,"Black",2,2,3,2,1,2,3,3,3,2,1,13
"4431",10,15,0,"Black",2,1,2,2,3,2,1,1,3,3,1,13
"4432",10,16,1,"Hispanic",2,2,3,3,2,2,3,2,2,2,2,13
"4433",9,15,0,"Black",2,2,1,1,3,1,2,1,3,3,2,13
"4434",10,17,1,"Other",1,2,2,2,2,2,2,2,3,1,1,13
"4435",10,15,1,"Black",1,1,1,1,1,1,2,2,2,2,1,13
"4436",10,15,0,"Black",3,2,3,2,1,2,2,2,2,2,1,13
"4437",NA,NA,NA,NA,NA,NA,NA,NA,NA,NA,NA,NA,NA,NA,NA,13
"4438",NA,NA,NA,NA,NA,NA,NA,NA,NA,NA,NA,NA,NA,NA,NA,13
"4439",10,15,1,"Hispanic",NA,NA,NA,NA,NA,NA,NA,NA,NA,NA,NA,13
"4440",10,15,1,"Black",NA,NA,NA,NA,NA,NA,NA,NA,NA,NA,NA,13
"4441",9,15,0,"Black",3,2,3,2,1,3,2,1,3,2,1,13
"4442",9,14,1,"Black",NA,NA,NA,NA,NA,NA,NA,NA,NA,NA,NA,13
"4443",9,15,0,"Black",NA,NA,NA,NA,NA,NA,NA,NA,NA,NA,NA,13
"4444",11,17,0,"Black",NA,NA,NA,NA,NA,NA,NA,NA,NA,NA,NA,13
"4445",9,14,1,"Black",2,2,1,1,1,1,2,1,2,2,2,13
"4446",11,16,0,"Hispanic",2,2,3,3,3,1,2,NA,2,2,2,13
"4447",10,17,0,"Black",2,1,2,1,1,1,1,1,2,1,1,13
"4448",10,17,1,"Black",2,2,3,2,1,1,2,NA,3,2,2,13
"4449",NA,NA,NA,NA,NA,NA,NA,NA,NA,NA,NA,NA,NA,NA,NA,13
"4450",9,17,0,"Hispanic",1,1,1,2,1,1,1,1,1,2,1,13
"4451",9,16,1,"Black",NA,NA,NA,NA,NA,NA,NA,NA,NA,NA,NA,13
"4452",9,15,1,"Black",NA,NA,NA,NA,NA,NA,NA,NA,NA,NA,NA,13
"4453",10,15,1,"Black",NA,NA,NA,NA,NA,NA,NA,NA,NA,NA,NA,13
"4454",10,16,1,"Hispanic",3,2,1,2,3,3,2,2,2,1,2,13
"4455",9,15,0,"Hispanic",2,2,3,3,2,2,3,3,1,3,3,13
"4456",9,10,0,"Hispanic",NA,NA,NA,NA,NA,NA,NA,NA,NA,NA,NA,13
"4457",NA,NA,NA,NA,NA,NA,NA,NA,NA,NA,NA,NA,NA,NA,NA,13
"4458",10,16,1,"Hispanic",3,3,3,3,3,2,3,3,3,3,1,13
"4459",10,17,1,"Black",NA,NA,NA,NA,NA,NA,NA,NA,NA,NA,NA,13
"4460",9,15,0,"Black",3,3,3,3,2,2,3,3,2,3,3,13
"4461",6,11,1,"Asian",3,3,3,3,2,3,3,2,3,1,2,14
"4462",6,11,0,"Asian",3,2,3,1,1,1,2,1,2,1,1,14
"4463",6,11,1,"Asian",3,2,3,1,1,2,3,2,2,2,2,14
"4464",6,11,1,"Hispanic",1,1,2,1,1,1,1,1,3,1,3,14
"4465",6,11,1,"White",1,2,1,3,2,2,3,3,1,2,2,14
"4466",6,11,0,"Hispanic",2,1,2,1,1,1,1,1,2,1,1,14
"4467",6,18,0,NA,2,1,2,1,1,1,1,1,2,1,2,14
"4468",6,11,1,"Hispanic",1,2,2,1,3,1,1,2,3,2,1,14
"4469",6,11,0,"White",2,1,2,2,3,1,2,1,2,1,2,14
"4470",6,11,0,"Hispanic",2,3,2,3,2,3,3,1,2,3,2,14
"4471",6,12,1,"Hispanic",2,2,3,3,2,2,3,3,2,3,3,14
"4472",6,11,0,"Other",2,2,2,2,3,2,3,3,2,3,3,14
"4473",6,11,1,"Hispanic",2,1,3,3,1,2,3,2,2,2,2,14
"4474",6,12,1,"Hispanic",2,1,3,1,2,2,1,2,3,3,2,14
"4475",6,11,1,"Hispanic",1,1,2,2,2,1,3,1,3,1,1,14
"4476",6,11,1,"Hispanic",3,2,3,2,3,3,3,3,3,2,2,14
"4477",6,11,0,"Hispanic",1,2,3,2,1,2,2,1,3,2,1,14
"4478",6,11,0,"Hispanic",2,1,3,1,2,1,3,1,3,2,2,14
"4479",6,12,1,"Other",2,2,3,3,2,2,2,1,2,2,2,14
"4480",6,11,0,"Hispanic",2,3,3,2,2,2,2,2,3,3,2,14
"4481",6,11,0,"Hispanic",2,2,3,2,2,3,3,3,3,2,2,14
"4482",7,12,1,"Other",1,1,1,1,1,1,1,1,1,1,1,14
"4483",6,11,1,"Hispanic",2,2,3,3,2,3,2,3,2,2,2,14
"4484",6,11,1,"Black",2,2,2,3,2,3,3,3,3,3,2,14
"4485",6,11,1,"Hispanic",1,2,1,3,1,2,2,2,2,2,1,14
"4486",6,11,1,"Other",2,2,2,3,3,1,3,2,3,3,2,14
"4487",6,11,0,"Hispanic",NA,NA,NA,NA,NA,NA,NA,NA,NA,NA,NA,14
"4488",6,11,1,"Hispanic",3,2,3,2,3,2,3,3,3,3,2,14
"4489",6,12,1,"Asian",3,3,3,3,3,3,3,3,3,3,3,14
"4490",6,12,1,"Hispanic",3,3,3,3,3,3,3,3,3,3,1,14
"4491",6,11,0,"Hispanic",1,1,3,1,2,1,3,1,3,1,1,14
"4492",6,11,1,"Hispanic",2,1,3,2,1,3,3,1,2,3,3,14
"4493",6,11,0,"Hispanic",3,1,3,3,3,3,3,2,2,2,2,14
"4494",6,11,1,"Hispanic",2,2,3,2,3,3,3,3,3,3,NA,14
"4495",6,11,0,NA,3,2,3,1,2,3,2,1,1,1,1,14
"4496",6,11,0,"Hispanic",2,1,2,2,3,2,3,1,3,3,3,14
"4497",6,11,0,"White",1,2,3,1,2,2,3,1,3,3,3,14
"4498",6,12,0,NA,2,3,2,2,1,3,1,1,3,2,1,14
"4499",6,11,0,"Asian",2,1,1,1,1,1,1,1,1,1,1,14
"4500",6,11,1,"Hispanic",3,2,3,3,3,2,3,3,3,2,2,14
"4501",6,11,0,"White",1,2,3,2,3,2,2,2,2,NA,1,14
"4502",6,11,0,NA,1,1,1,1,1,1,2,1,1,1,2,14
"4503",6,11,1,"Hispanic",3,3,3,3,3,3,3,2,3,3,3,14
"4504",6,11,0,"Hispanic",3,3,3,3,2,3,3,3,2,3,2,14
"4505",6,11,0,"Black",3,2,2,2,3,3,2,2,2,3,2,14
"4506",6,11,1,"Other",2,2,2,2,3,3,3,2,3,3,2,14
"4507",6,12,0,NA,1,2,2,2,3,1,3,1,3,1,1,14
"4508",6,11,0,"Other",3,2,1,2,3,2,3,3,3,3,2,14
"4509",6,11,0,"Other",3,1,3,1,3,3,3,2,2,3,1,14
"4510",6,11,1,"Asian",3,3,3,2,3,2,3,3,2,2,2,14
"4511",6,12,0,"Hispanic",2,2,2,2,1,2,2,2,1,2,2,14
"4512",6,11,1,"Hispanic",2,2,2,3,3,3,3,2,2,2,1,14
"4513",6,11,0,"Hispanic",2,2,3,3,2,2,3,3,3,3,2,14
"4514",6,11,1,"Black",1,1,1,2,1,2,3,1,3,1,2,14
"4515",6,11,1,"Other",3,1,2,1,2,1,3,3,2,3,2,14
"4516",6,11,1,"Asian",1,2,3,1,1,3,2,1,3,2,1,14
"4517",6,12,0,"Hispanic",3,2,2,2,1,2,2,1,2,2,3,14
"4518",6,12,0,"White",2,1,2,3,2,2,3,3,3,1,2,14
"4519",6,12,1,"Hispanic",2,2,3,1,3,3,3,2,2,3,2,14
"4520",6,11,0,"Asian",2,2,3,2,3,3,3,2,3,3,2,14
"4521",6,11,1,"Black",2,2,2,3,1,2,3,1,2,2,3,14
"4522",6,11,1,"Hispanic",2,1,3,2,1,3,3,3,3,3,3,14
"4523",6,12,1,NA,2,2,3,2,2,3,3,2,3,3,3,14
"4524",6,11,1,"Other",1,2,1,1,1,1,3,1,2,1,2,14
"4525",6,12,1,NA,2,1,3,3,1,2,2,2,1,3,1,14
"4526",6,11,0,"Asian",2,2,3,2,2,2,3,2,3,1,2,14
"4527",6,11,1,"Asian",3,2,3,3,2,3,3,3,3,3,2,14
"4528",6,11,1,"Hispanic",3,1,3,3,3,3,3,3,3,3,3,14
"4529",6,11,0,"Hispanic",3,2,3,2,3,3,3,1,3,3,3,14
"4530",6,11,1,"Hispanic",3,2,3,3,3,1,3,3,3,2,1,14
"4531",6,11,1,"Hispanic",2,2,3,3,2,2,3,3,3,2,2,14
"4532",6,12,0,"Hispanic",2,2,3,1,2,2,3,1,2,2,3,14
"4533",6,11,1,"Hispanic",2,2,2,2,1,3,3,3,2,3,2,14
"4534",6,11,1,"Hispanic",3,1,3,1,2,3,3,3,3,3,3,14
"4535",6,11,1,"White",3,1,3,3,3,2,3,3,2,3,3,14
"4536",6,12,1,"Asian",1,2,3,3,2,2,3,3,2,3,1,14
"4537",6,11,0,"Asian",2,2,2,2,2,3,3,1,3,2,2,14
"4538",6,12,1,"Hispanic",3,2,3,3,3,3,3,3,2,1,3,14
"4539",6,11,1,"Hispanic",3,2,3,2,2,2,3,1,3,2,1,14
"4540",6,11,1,"Black",2,2,3,2,2,2,3,2,2,2,2,14
"4541",6,11,1,"Black",3,2,3,2,2,2,3,2,3,2,3,14
"4542",6,11,0,"Hispanic",2,2,2,2,2,2,2,2,2,3,2,14
"4543",6,12,0,"Hispanic",2,1,1,1,1,1,2,1,1,1,2,14
"4544",6,11,0,"Asian",3,2,2,2,3,1,3,2,3,2,2,14
"4545",6,11,0,"Hispanic",2,3,2,2,1,2,3,2,2,3,2,14
"4546",6,11,1,"Hispanic",3,2,3,3,2,3,3,2,2,3,3,14
"4547",6,11,1,"Other",3,2,3,1,3,2,2,1,2,1,1,14
"4548",6,11,0,"Hispanic",3,1,3,2,3,3,3,3,1,2,NA,14
"4549",6,11,1,"Hispanic",1,2,1,2,2,2,2,2,1,2,1,14
"4550",6,11,0,"Hispanic",2,2,3,3,3,3,3,1,2,2,3,14
"4551",6,12,1,"Hispanic",3,2,3,2,3,3,3,1,3,3,2,14
"4552",6,11,1,"Hispanic",2,1,2,2,2,1,2,1,1,2,2,14
"4553",6,10,1,"Black",3,1,2,1,3,1,3,3,1,3,2,14
"4554",6,10,0,"Hispanic",3,1,3,3,1,1,1,1,1,3,3,14
"4555",6,12,1,"Asian",2,1,2,2,3,2,3,3,2,3,3,14
"4556",6,10,0,"Asian",2,1,2,2,2,3,2,2,3,3,2,14
"4557",6,10,1,"Hispanic",3,2,2,1,3,3,3,3,3,3,3,14
"4558",6,10,1,"Hispanic",2,2,3,1,2,3,1,1,2,2,2,14
"4559",6,11,0,"Hispanic",2,2,2,2,3,2,2,1,2,2,1,14
"4560",NA,10,0,"White",3,2,3,3,2,2,3,3,3,3,2,14
"4561",6,10,1,"Asian",3,1,3,3,2,3,3,3,3,3,2,14
"4562",6,11,1,"Hispanic",2,2,3,3,2,3,3,2,2,2,3,14
"4563",6,12,0,"Hispanic",1,2,2,2,2,2,3,2,1,2,3,14
"4564",NA,NA,NA,NA,NA,NA,NA,NA,NA,NA,NA,NA,NA,NA,NA,14
"4565",6,12,0,"White",NA,NA,NA,NA,NA,NA,NA,NA,NA,NA,NA,14
"4566",6,11,0,"Black",3,1,2,2,2,2,3,1,2,3,2,14
"4567",NA,NA,NA,NA,NA,NA,NA,NA,NA,NA,NA,NA,NA,NA,NA,14
"4568",6,11,0,NA,NA,NA,NA,NA,NA,NA,NA,NA,NA,NA,NA,14
"4569",6,11,0,NA,NA,NA,NA,NA,NA,NA,NA,NA,NA,NA,NA,14
"4570",6,11,1,"Hispanic",2,2,3,3,2,3,3,2,2,2,2,14
"4571",6,12,0,"White",NA,NA,NA,NA,NA,NA,NA,NA,NA,NA,NA,14
"4572",NA,NA,NA,NA,NA,NA,NA,NA,NA,NA,NA,NA,NA,NA,NA,14
"4573",6,11,0,"Other",3,2,2,1,3,1,3,1,3,3,3,14
"4574",NA,NA,NA,NA,NA,NA,NA,NA,NA,NA,NA,NA,NA,NA,NA,14
"4575",6,NA,NA,NA,NA,NA,NA,NA,NA,NA,NA,NA,NA,NA,NA,14
"4576",6,NA,NA,NA,NA,NA,NA,NA,NA,NA,NA,NA,NA,NA,NA,14
"4577",NA,NA,NA,NA,NA,NA,NA,NA,NA,NA,NA,NA,NA,NA,NA,14
"4578",NA,NA,NA,NA,NA,NA,NA,NA,NA,NA,NA,NA,NA,NA,NA,14
"4579",NA,NA,NA,NA,NA,NA,NA,NA,NA,NA,NA,NA,NA,NA,NA,14
"4580",NA,NA,NA,NA,NA,NA,NA,NA,NA,NA,NA,NA,NA,NA,NA,14
"4581",NA,NA,NA,NA,NA,NA,NA,NA,NA,NA,NA,NA,NA,NA,NA,14
"4582",NA,NA,NA,NA,NA,NA,NA,NA,NA,NA,NA,NA,NA,NA,NA,14
"4583",NA,NA,NA,NA,NA,NA,NA,NA,NA,NA,NA,NA,NA,NA,NA,14
"4584",NA,NA,NA,NA,NA,NA,NA,NA,NA,NA,NA,NA,NA,NA,NA,14
"4585",NA,NA,NA,NA,NA,NA,NA,NA,NA,NA,NA,NA,NA,NA,NA,14
"4586",NA,NA,NA,NA,NA,NA,NA,NA,NA,NA,NA,NA,NA,NA,NA,14
"4587",NA,NA,NA,NA,NA,NA,NA,NA,NA,NA,NA,NA,NA,NA,NA,14
"4588",NA,NA,NA,NA,NA,NA,NA,NA,NA,NA,NA,NA,NA,NA,NA,14
"4589",NA,NA,NA,NA,NA,NA,NA,NA,NA,NA,NA,NA,NA,NA,NA,14
"4590",6,10,1,"Hispanic",2,3,2,1,3,3,3,2,3,3,2,14
"4591",6,10,0,"White",2,1,3,1,1,1,2,1,1,1,1,14
"4592",6,11,0,"Hispanic",3,2,3,3,1,2,2,3,3,3,2,14
"4593",NA,10,1,"Hispanic",2,1,3,2,2,3,1,2,3,3,3,14
"4594",NA,10,1,"White",2,2,1,2,1,3,3,3,2,2,2,14
"4595",NA,10,1,"Asian",3,2,3,3,3,3,3,2,1,3,3,14
"4596",NA,11,1,"Hispanic",3,1,3,2,1,2,3,3,3,3,3,14
"4597",NA,NA,NA,NA,NA,NA,NA,NA,NA,NA,NA,NA,NA,NA,NA,14
"4598",NA,10,1,NA,NA,NA,NA,NA,NA,NA,NA,NA,NA,NA,NA,14
"4599",6,11,1,"White",NA,NA,NA,NA,NA,NA,NA,NA,NA,NA,NA,14
"4600",NA,NA,NA,NA,NA,NA,NA,NA,NA,NA,NA,NA,NA,NA,NA,14
"4601",NA,NA,NA,NA,NA,NA,NA,NA,NA,NA,NA,NA,NA,NA,NA,14
"4602",NA,NA,NA,NA,NA,NA,NA,NA,NA,NA,NA,NA,NA,NA,NA,14
"4603",NA,NA,NA,NA,NA,NA,NA,NA,NA,NA,NA,NA,NA,NA,NA,14
"4604",NA,NA,NA,NA,NA,NA,NA,NA,NA,NA,NA,NA,NA,NA,NA,14
"4605",6,12,0,"Hispanic",NA,NA,3,NA,NA,NA,NA,NA,NA,NA,NA,14
"4606",NA,NA,NA,NA,NA,NA,NA,NA,NA,NA,NA,NA,NA,NA,NA,14
"4607",NA,NA,NA,NA,NA,NA,NA,NA,NA,NA,NA,NA,NA,NA,NA,14
"4608",NA,NA,NA,NA,NA,NA,NA,NA,NA,NA,NA,NA,NA,NA,NA,14
"4609",6,11,1,"Asian",2,2,2,3,3,3,2,3,2,3,2,14
"4610",6,11,1,"Hispanic",2,2,3,3,2,3,3,3,3,3,2,14
"4611",NA,10,NA,NA,NA,NA,NA,NA,NA,NA,NA,NA,NA,NA,NA,14
"4612",NA,NA,NA,NA,NA,NA,NA,NA,NA,NA,NA,NA,NA,NA,NA,14
"4613",NA,NA,NA,NA,NA,NA,NA,NA,NA,NA,NA,NA,NA,NA,NA,14
"4614",NA,11,1,"Hispanic",NA,NA,NA,NA,NA,NA,NA,NA,NA,NA,NA,14
"4615",7,13,1,"White",3,2,3,2,2,2,3,3,3,2,2,15
"4616",7,13,1,"Asian",3,2,2,3,2,2,3,3,3,3,3,15
"4617",7,13,1,"White",3,2,2,1,1,2,3,1,3,1,1,15
"4618",7,12,1,"Black",1,2,3,2,3,1,3,2,3,2,3,15
"4619",7,13,1,"Other",2,2,3,3,1,3,3,3,3,3,2,15
"4620",7,12,1,"White",2,1,2,2,1,1,3,2,3,1,3,15
"4621",7,13,1,"White",3,1,1,1,1,2,3,1,2,2,3,15
"4622",7,12,1,"White",3,3,1,3,3,1,2,2,2,3,2,15
"4623",7,13,1,"White",3,2,3,1,3,2,3,3,3,2,2,15
"4624",7,12,1,"Asian",2,1,2,2,1,2,2,1,3,2,2,15
"4625",7,13,1,"White",3,2,3,2,3,3,3,1,3,2,2,15
"4626",7,13,1,"White",1,1,2,2,3,1,3,1,2,1,2,15
"4627",7,12,1,"Other",3,2,3,3,3,2,3,1,3,2,1,15
"4628",7,13,1,"White",3,2,3,2,3,2,3,2,3,3,1,15
"4629",7,13,1,NA,3,1,3,2,1,1,2,3,3,2,3,15
"4630",7,13,1,"White",3,3,3,1,3,1,3,3,3,3,3,15
"4631",7,13,1,"Other",3,2,3,3,3,2,3,2,3,2,1,15
"4632",7,12,1,"White",2,2,2,2,3,3,2,2,3,3,2,15
"4633",7,12,1,"White",3,2,2,1,3,3,3,3,3,3,3,15
"4634",7,12,1,"Asian",3,2,1,2,1,2,3,2,2,1,3,15
"4635",7,13,1,NA,3,1,3,1,2,2,1,2,2,3,2,15
"4636",7,13,1,"White",2,2,2,3,3,2,3,2,3,2,3,15
"4637",7,12,1,"White",3,1,3,3,2,3,3,3,2,3,3,15
"4638",7,12,1,"White",2,3,3,3,2,3,3,2,3,1,3,15
"4639",7,13,1,"White",3,2,2,2,2,2,2,2,2,3,1,15
"4640",7,13,1,"White",2,2,2,2,1,1,2,1,3,2,1,15
"4641",7,12,1,"White",3,3,3,3,3,3,3,2,2,3,3,15
"4642",7,13,1,"White",3,2,2,2,2,1,3,3,2,2,2,15
"4643",7,13,1,"White",2,2,3,3,3,1,1,2,2,1,2,15
"4644",7,12,1,"White",3,2,2,2,3,2,2,3,3,3,1,15
"4645",7,13,1,NA,3,2,2,3,3,1,3,1,2,2,2,15
"4646",7,12,1,"Asian",3,2,3,3,2,2,3,2,2,3,2,15
"4647",7,13,1,"Asian",3,1,3,2,3,2,3,2,2,3,3,15
"4648",7,13,1,"Hispanic",1,1,3,2,2,1,3,1,3,3,3,15
"4649",7,13,1,"White",3,2,3,3,3,3,3,2,3,2,2,15
"4650",7,12,1,"White",2,1,3,3,3,2,3,3,2,2,2,15
"4651",NA,NA,NA,NA,NA,NA,NA,NA,NA,NA,NA,NA,NA,NA,NA,15
"4652",7,12,1,"White",2,2,3,3,1,1,3,1,2,1,2,15
"4653",7,13,1,"White",2,3,3,2,2,1,3,3,2,1,3,15
"4654",7,12,1,"White",3,2,3,3,2,1,2,2,3,3,2,15
"4655",7,13,1,"Asian",3,3,2,2,3,1,1,1,1,1,1,15
"4656",7,12,1,"White",3,2,2,1,2,1,3,3,3,2,2,15
"4657",7,12,1,"White",3,2,1,2,3,2,3,1,3,2,3,15
"4658",7,13,1,"Black",2,1,2,2,2,1,3,2,1,2,3,15
"4659",7,12,1,"White",3,2,3,3,2,2,3,3,3,2,2,15
"4660",7,12,1,"Asian",2,2,3,3,3,3,3,1,3,3,3,15
"4661",7,12,0,"White",3,3,3,3,3,2,3,3,3,3,3,15
"4662",7,13,1,"White",2,2,2,2,2,1,3,1,2,1,2,15
"4663",7,13,1,"White",2,2,3,2,2,1,3,2,2,2,2,15
"4664",7,12,1,"White",3,2,3,3,3,1,2,3,2,2,3,15
"4665",7,13,1,"White",3,2,3,3,2,3,3,3,2,2,2,15
"4666",7,12,1,"Hispanic",2,2,2,2,2,2,3,3,2,3,1,15
"4667",7,13,1,"Black",3,1,2,2,2,1,3,2,3,3,3,15
"4668",7,12,1,"White",2,2,2,2,2,1,2,1,1,2,2,15
"4669",7,12,1,"White",1,1,1,1,1,1,3,1,1,2,2,15
"4670",7,12,1,"White",2,2,1,NA,1,1,3,3,2,3,2,15
"4671",7,13,1,"White",3,2,3,3,3,3,3,3,3,3,2,15
"4672",7,12,1,"White",2,1,2,2,1,3,3,3,3,1,2,15
"4673",7,13,1,"White",3,2,3,2,3,2,3,2,2,2,1,15
"4674",11,16,1,"White",3,1,2,1,3,2,3,3,3,2,3,15
"4675",11,17,1,"White",3,3,3,3,2,2,3,3,3,3,2,15
"4676",8,14,1,"White",3,3,2,3,2,3,3,2,3,3,1,15
"4677",8,13,1,"White",1,2,2,2,2,1,3,1,2,2,3,15
"4678",8,13,1,"White",1,2,2,2,2,2,3,1,2,2,2,15
"4679",8,13,1,"White",3,1,3,3,2,3,3,3,3,3,2,15
"4680",11,16,1,"Black",2,2,3,3,2,1,3,2,3,3,2,15
"4681",8,13,1,"White",3,1,3,3,3,3,3,3,3,3,3,15
"4682",11,16,1,"White",3,3,2,2,1,1,3,2,2,2,1,15
"4683",11,16,1,"White",3,3,3,3,3,3,3,3,2,3,3,15
"4684",8,14,1,"Asian",2,2,2,2,3,3,2,1,2,1,3,15
"4685",11,17,1,"White",3,1,1,1,1,1,1,1,3,1,1,15
"4686",11,17,1,"White",2,2,2,3,3,2,3,3,2,2,2,15
"4687",8,13,1,"White",2,3,3,3,2,2,3,3,2,3,2,15
"4688",11,17,1,"Hispanic",3,2,3,3,3,2,3,2,2,2,2,15
"4689",8,14,1,"White",3,1,3,3,2,2,3,2,3,2,2,15
"4690",11,17,1,"White",3,1,1,3,3,1,3,3,3,2,1,15
"4691",8,13,1,"White",2,2,3,3,3,2,3,2,2,2,2,15
"4692",11,16,1,"Other",3,3,2,3,3,2,3,2,2,2,2,15
"4693",11,16,1,"Asian",3,1,3,2,2,1,3,2,1,2,3,15
"4694",11,17,1,"White",3,2,3,3,3,3,3,3,3,2,3,15
"4695",8,13,1,"White",1,3,3,3,1,1,3,1,2,1,1,15
"4696",11,16,1,"Asian",3,3,2,2,3,2,3,1,3,2,2,15
"4697",11,16,1,"White",3,2,3,3,2,3,3,2,2,2,3,15
"4698",11,17,1,"White",3,1,2,3,1,2,3,2,2,3,2,15
"4699",11,16,1,"White",2,1,1,2,1,2,2,1,2,2,2,15
"4700",8,13,1,"White",1,2,1,3,2,1,3,3,2,2,1,15
"4701",8,14,1,"White",2,2,3,2,2,1,3,2,1,2,2,15
"4702",8,14,1,"White",3,2,2,2,1,1,3,1,2,2,3,15
"4703",8,13,1,"White",3,2,3,3,2,2,3,2,2,3,1,15
"4704",8,14,1,"White",2,2,3,2,3,1,3,1,3,1,2,15
"4705",8,14,1,"White",1,2,3,3,3,3,3,3,2,1,2,15
"4706",8,14,1,"White",3,2,1,2,1,3,2,1,1,2,2,15
"4707",8,13,1,"Asian",1,2,2,2,3,2,3,1,1,2,3,15
"4708",8,14,1,"White",2,2,3,2,1,2,3,1,3,1,2,15
"4709",11,17,1,"White",3,2,3,2,2,3,3,1,3,2,3,15
"4710",8,13,1,"White",1,1,2,2,3,1,3,1,3,3,1,15
"4711",8,13,1,"White",3,1,2,3,2,3,3,3,3,3,2,15
"4712",11,17,1,"White",3,1,1,2,2,1,3,1,3,1,1,15
"4713",8,14,1,"White",3,2,1,2,3,1,3,3,3,1,1,15
"4714",11,17,1,"White",3,3,2,3,2,1,3,2,1,2,3,15
"4715",8,14,1,"Other",3,2,2,3,2,3,3,3,2,3,2,15
"4716",8,14,1,"White",1,2,1,3,2,1,3,3,1,1,1,15
"4717",8,14,1,"White",3,1,2,3,2,1,3,3,2,2,1,15
"4718",8,14,1,"White",3,1,2,2,2,2,3,3,2,2,1,15
"4719",8,14,1,"Other",3,1,3,1,3,1,3,3,2,3,2,15
"4720",8,14,1,"White",3,3,2,3,3,2,3,2,3,3,2,15
"4721",11,16,1,"White",3,2,2,3,3,2,3,3,3,3,2,15
"4722",8,14,1,"White",2,1,3,2,3,2,3,1,2,1,1,15
"4723",8,13,1,"White",3,2,2,2,3,1,3,2,2,2,2,15
"4724",8,13,1,"White",2,1,3,3,1,1,3,2,3,2,1,15
"4725",8,13,1,"White",3,2,3,3,3,3,3,1,2,3,3,15
"4726",11,16,1,"Other",2,2,3,3,2,1,3,3,1,2,3,15
"4727",11,16,1,"Asian",3,2,3,3,2,2,3,2,3,2,2,15
"4728",8,13,1,"Other",3,2,2,3,1,1,3,3,2,2,3,15
"4729",8,14,1,"White",2,2,3,1,1,1,3,1,1,2,2,15
"4730",8,13,1,"White",2,2,3,3,2,2,3,2,3,3,3,15
"4731",11,17,1,"White",2,2,2,2,2,2,2,2,2,2,1,15
"4732",8,13,1,"White",2,2,2,3,2,2,3,3,2,2,2,15
"4733",11,17,1,"White",3,2,2,3,1,2,3,2,2,3,2,15
"4734",11,16,1,"White",3,2,2,2,2,3,3,2,3,2,2,15
"4735",8,14,1,"White",2,2,2,2,2,2,3,2,3,2,2,15
"4736",8,14,1,"White",2,2,1,2,3,1,2,1,1,2,2,15
"4737",8,13,1,"Other",2,2,3,3,2,2,2,3,2,3,2,15
"4738",8,13,1,"Asian",2,2,2,1,2,1,3,1,2,1,3,15
"4739",8,14,1,"White",3,2,3,3,1,1,3,3,2,2,2,15
"4740",8,13,1,"Asian",2,2,2,2,1,2,3,1,3,2,2,15
"4741",8,13,1,"White",3,1,3,3,3,2,3,2,2,2,2,15
"4742",8,14,1,"Hispanic",2,2,3,3,2,1,3,2,1,1,2,15
"4743",8,13,1,"White",2,1,2,2,2,2,3,2,3,2,3,15
"4744",8,13,1,"White",2,1,2,1,2,1,3,1,1,2,2,15
"4745",8,13,1,"Black",2,2,2,2,2,1,1,1,2,2,2,15
"4746",8,13,1,"Hispanic",2,3,3,1,3,2,3,3,3,2,2,15
"4747",8,13,1,"Black",2,1,3,2,2,1,3,3,3,2,1,15
"4748",8,13,1,"Asian",2,2,2,2,2,2,2,2,2,2,2,15
"4749",8,14,1,"White",3,3,2,3,3,3,3,2,2,3,1,15
"4750",11,16,1,"Other",2,2,2,2,2,2,2,2,2,2,3,15
"4751",8,14,1,"White",1,1,2,1,1,2,2,1,NA,2,3,15
"4752",8,13,1,"White",2,1,2,1,2,2,2,1,2,2,2,15
"4753",8,14,1,"White",2,2,3,2,2,1,3,2,3,3,2,15
"4754",11,17,1,"Hispanic",3,2,2,2,2,3,3,2,1,2,3,15
"4755",8,13,1,"Other",2,2,2,2,2,2,2,1,2,1,2,15
"4756",8,14,1,"White",3,1,1,2,1,1,2,1,1,2,1,15
"4757",8,14,1,"White",2,1,1,2,1,1,3,1,1,2,1,15
"4758",8,14,1,"White",3,2,3,3,2,3,3,2,3,3,2,15
"4759",11,17,1,"White",3,2,2,3,2,2,3,2,2,2,2,15
"4760",11,16,1,"White",3,1,2,2,2,3,3,3,2,3,3,15
"4761",11,16,1,"White",3,3,1,3,3,2,3,3,2,2,2,15
"4762",11,17,1,"White",3,1,2,3,2,2,3,3,2,2,2,15
"4763",11,16,1,"Asian",3,2,2,3,1,2,3,2,1,2,3,15
"4764",11,17,1,"White",3,2,2,2,2,2,3,2,1,2,1,15
"4765",8,14,1,"White",3,2,2,1,2,1,3,2,2,2,2,15
"4766",11,16,1,"White",3,2,2,2,2,2,3,1,2,2,1,15
"4767",11,16,1,"Other",3,2,2,1,2,2,3,2,2,2,2,15
"4768",11,16,1,"White",2,2,2,3,1,1,3,3,2,2,3,15
"4769",11,16,1,"White",3,2,3,2,2,2,3,2,3,2,1,15
"4770",11,17,1,"Hispanic",3,1,2,3,3,3,3,3,3,3,3,15
"4771",8,14,1,"White",3,2,3,3,3,3,3,1,2,2,3,15
"4772",11,16,1,"Black",3,2,3,3,3,2,3,3,2,3,3,15
"4773",11,16,1,"White",3,2,2,3,2,2,2,3,2,2,3,15
"4774",11,16,1,"Black",3,1,3,3,1,1,3,2,2,3,1,15
"4775",11,16,1,"Other",2,1,2,2,1,2,2,1,2,3,1,15
"4776",11,17,1,"White",3,2,1,3,2,1,3,1,1,2,3,15
"4777",11,16,1,"Black",3,2,2,3,2,2,3,3,2,2,2,15
"4778",11,17,1,"White",3,2,3,2,2,2,3,1,3,1,2,15
"4779",11,16,1,"White",3,2,2,3,2,2,3,2,2,3,3,15
"4780",12,NA,NA,NA,NA,NA,NA,NA,NA,NA,NA,NA,NA,NA,NA,15
"4781",12,18,1,"White",3,2,2,1,3,1,3,3,3,3,3,15
"4782",12,18,1,"White",2,2,3,2,2,2,2,2,2,3,2,15
"4783",10,15,1,"White",1,2,2,1,1,2,2,1,3,2,2,15
"4784",12,18,1,"White",3,2,3,3,3,3,3,3,2,2,2,15
"4785",10,15,1,"Other",3,2,2,2,2,2,3,2,2,2,3,15
"4786",12,17,1,"Hispanic",3,3,3,3,3,2,3,3,1,3,3,15
"4787",12,17,1,"Asian",2,2,2,2,1,2,2,2,1,1,1,15
"4788",12,17,1,"Asian",3,1,3,2,3,3,1,3,3,1,3,15
"4789",12,18,1,"Asian",3,2,3,2,2,3,3,3,3,3,2,15
"4790",12,18,1,"White",3,2,3,3,2,2,2,2,3,3,2,15
"4791",12,18,1,"White",3,2,3,2,3,3,3,3,3,3,1,15
"4792",10,15,1,"Asian",3,1,2,3,3,3,3,3,3,3,3,15
"4793",12,17,1,"White",3,2,2,2,1,2,2,1,1,3,2,15
"4794",12,18,1,"White",3,2,3,2,3,3,3,2,3,2,2,15
"4795",12,18,1,"White",3,3,2,3,3,3,3,3,3,2,2,15
"4796",12,18,1,"White",3,2,3,3,3,2,3,3,3,2,3,15
"4797",12,18,1,"Hispanic",3,2,2,3,3,3,2,3,3,2,2,15
"4798",12,17,1,"White",3,3,3,3,3,2,3,2,2,3,2,15
"4799",12,18,1,"Hispanic",3,2,2,3,2,2,3,2,2,2,2,15
"4800",12,18,1,"Black",3,2,3,3,2,2,2,1,3,1,1,15
"4801",10,15,1,"Asian",3,2,3,1,2,1,3,2,3,2,3,15
"4802",12,17,1,"White",3,3,2,3,3,3,3,2,1,2,2,15
"4803",12,17,1,"White",3,2,2,3,3,2,3,3,3,2,3,15
"4804",10,15,1,"White",3,1,3,3,2,1,3,2,2,2,2,15
"4805",12,18,1,"White",3,2,3,2,2,2,3,2,2,3,2,15
"4806",10,16,1,"White",2,2,3,2,1,1,3,3,3,2,3,15
"4807",12,17,1,"White",3,3,2,3,3,2,3,3,2,2,3,15
"4808",10,15,1,"Black",3,3,3,3,2,2,3,3,2,2,1,15
"4809",10,16,1,"White",3,2,3,2,2,1,3,3,3,2,3,15
"4810",12,18,1,"White",3,2,1,2,2,3,3,2,2,2,3,15
"4811",12,18,1,"White",3,3,1,3,2,1,3,3,3,3,3,15
"4812",12,18,1,"White",3,3,2,3,3,3,3,3,2,3,3,15
"4813",12,17,1,"Other",3,3,2,3,3,3,3,3,3,3,3,15
"4814",10,15,1,"Asian",2,2,2,2,1,3,3,3,2,2,2,15
"4815",12,18,1,"White",3,2,3,2,3,2,3,2,2,2,3,15
"4816",12,17,1,"White",2,3,3,3,2,2,3,3,3,3,2,15
"4817",12,17,1,"Asian",3,2,1,2,3,3,3,1,3,3,3,15
"4818",12,18,1,"White",3,2,2,2,2,2,3,2,3,2,2,15
"4819",12,18,1,"White",1,1,2,2,1,1,2,1,2,2,3,15
"4820",10,15,1,"White",3,3,1,3,2,1,3,3,2,2,2,15
"4821",12,17,1,"White",2,2,3,2,2,1,2,1,3,1,2,15
"4822",10,15,1,"White",3,3,2,3,3,2,3,3,2,3,1,15
"4823",10,15,1,"White",3,2,3,3,3,2,3,3,3,3,3,15
"4824",10,15,1,"Hispanic",3,3,2,3,3,3,3,3,3,2,1,15
"4825",10,16,1,"White",1,3,2,2,2,1,3,3,2,2,2,15
"4826",10,16,1,NA,2,2,1,3,2,2,3,3,2,2,2,15
"4827",12,18,1,"White",3,2,3,2,3,1,3,3,2,2,3,15
"4828",10,16,1,"White",3,2,2,2,3,1,3,1,3,2,3,15
"4829",12,18,1,"White",3,1,1,2,2,2,3,2,3,1,3,15
"4830",12,18,1,"White",3,2,3,2,1,2,3,2,2,2,1,15
"4831",12,17,1,"White",3,2,2,2,2,1,3,3,2,2,3,15
"4832",10,16,1,"Asian",3,2,1,2,1,2,3,1,1,2,2,15
"4833",9,14,1,"White",2,1,2,3,1,1,3,2,1,2,2,15
"4834",12,18,1,"White",3,1,3,1,3,2,3,1,3,3,2,15
"4835",12,17,1,"Asian",3,2,2,3,2,2,3,2,1,2,2,15
"4836",10,15,1,"White",3,1,2,2,2,1,3,1,3,1,3,15
"4837",12,17,1,"Asian",2,1,2,1,1,1,2,1,1,2,2,15
"4838",10,16,1,"White",3,2,2,2,2,2,3,3,2,3,3,15
"4839",12,18,1,"White",3,3,2,3,3,3,3,3,3,2,2,15
"4840",9,14,1,"White",3,3,3,3,2,1,3,1,2,3,1,15
"4841",10,16,1,"White",3,2,2,2,1,1,1,1,1,2,1,15
"4842",10,16,1,"White",3,2,1,3,2,3,3,3,2,2,3,15
"4843",10,15,1,"White",3,2,3,3,1,3,3,2,3,3,3,15
"4844",10,16,1,"White",3,2,1,3,3,3,3,3,3,3,2,15
"4845",12,18,1,"White",3,3,3,3,3,3,3,3,3,3,2,15
"4846",9,15,1,"Black",3,2,2,1,1,2,1,1,1,1,1,15
"4847",10,16,1,"White",3,2,2,2,2,2,3,2,2,2,2,15
"4848",10,16,1,"Hispanic",2,3,3,3,2,2,2,3,3,3,2,15
"4849",12,18,1,"Asian",3,2,2,2,2,3,3,3,2,3,3,15
"4850",12,17,1,"White",3,3,2,3,3,2,3,3,3,2,2,15
"4851",10,15,1,"White",3,1,2,3,2,2,3,2,2,2,2,15
"4852",10,15,1,"Asian",2,2,3,3,2,3,2,2,3,3,3,15
"4853",10,15,1,"Black",2,1,2,2,2,2,2,1,1,3,2,15
"4854",9,14,1,"Black",3,2,2,2,2,2,3,2,2,1,1,15
"4855",10,16,1,"White",3,2,3,3,3,3,3,3,3,3,2,15
"4856",10,16,1,"White",3,2,2,2,2,2,3,2,2,3,3,15
"4857",10,15,1,"White",3,2,2,2,2,2,3,3,2,2,2,15
"4858",9,14,1,"White",3,2,3,3,2,2,3,3,3,1,3,15
"4859",10,15,1,"White",3,2,3,2,2,1,3,2,3,2,3,15
"4860",9,14,1,"White",3,3,3,3,2,2,3,3,2,2,2,15
"4861",8,15,1,"White",3,2,2,2,1,2,3,3,3,3,3,15
"4862",10,16,1,"White",2,3,3,3,3,1,3,2,2,2,2,15
"4863",9,14,1,"Asian",2,2,2,3,2,3,3,3,2,1,2,15
"4864",9,14,1,"White",3,2,2,3,3,1,3,1,2,2,3,15
"4865",12,17,1,"Black",3,1,2,3,1,1,3,1,2,2,3,15
"4866",10,16,1,"White",3,3,3,3,2,3,3,2,3,3,3,15
"4867",9,15,1,"Black",3,2,3,3,1,2,3,3,1,2,3,15
"4868",10,15,1,"White",3,2,2,3,2,3,3,3,2,3,2,15
"4869",9,14,1,"White",2,1,3,3,3,2,2,3,2,3,2,15
"4870",9,15,1,"Other",3,2,3,3,2,3,2,2,3,3,2,15
"4871",10,16,1,"Other",3,2,3,3,2,2,3,1,3,2,3,15
"4872",10,15,1,"White",3,2,2,2,2,2,3,2,3,2,1,15
"4873",9,14,1,"White",3,2,3,3,2,2,3,3,3,2,2,15
"4874",9,14,1,"Other",3,2,2,2,1,1,3,1,3,2,3,15
"4875",9,14,1,"Asian",3,2,3,3,2,3,3,3,3,3,2,15
"4876",10,16,1,"Black",2,1,1,1,1,1,1,1,1,2,2,15
"4877",9,15,1,"White",3,3,3,3,3,2,3,2,3,2,3,15
"4878",9,14,1,"Hispanic",3,2,1,3,2,3,3,2,2,2,2,15
"4879",10,15,1,"Other",3,2,2,3,2,2,2,1,1,2,2,15
"4880",10,15,1,"Asian",2,2,3,2,2,2,3,1,1,2,2,15
"4881",9,15,1,"Asian",3,2,2,2,3,1,3,2,1,2,3,15
"4882",12,17,1,"White",3,3,3,3,2,2,3,2,2,2,3,15
"4883",10,15,1,"Other",3,3,2,3,3,2,3,3,2,2,3,15
"4884",10,15,1,"White",3,1,2,2,2,1,3,2,3,2,3,15
"4885",12,17,1,"Other",3,2,2,3,2,2,3,1,2,3,3,15
"4886",10,15,1,"Black",1,2,1,1,2,2,2,1,1,1,2,15
"4887",10,16,1,"Asian",1,1,3,2,3,3,3,1,3,2,1,15
"4888",9,15,1,"Black",2,2,3,2,1,1,3,3,1,2,2,15
"4889",9,15,1,"White",3,2,2,2,2,1,2,1,1,1,3,15
"4890",9,15,1,"White",1,2,2,2,3,1,3,2,2,1,3,15
"4891",9,15,1,"White",3,2,2,1,1,1,2,1,2,1,2,15
"4892",12,17,1,"Black",3,3,1,2,3,3,3,3,3,3,3,15
"4893",9,15,1,"Black",3,2,2,2,3,1,1,1,3,2,3,15
"4894",9,14,1,"White",2,2,2,3,1,1,2,3,2,2,3,15
"4895",9,14,1,"Asian",2,3,3,3,2,3,3,2,2,2,2,15
"4896",10,15,1,"Black",1,1,2,1,1,1,2,1,2,2,2,15
"4897",9,14,1,"White",3,3,3,3,3,3,3,2,2,2,2,15
"4898",9,15,1,"White",2,3,2,3,3,3,3,3,3,2,3,15
"4899",9,14,1,"White",3,2,3,3,3,1,3,3,1,1,2,15
"4900",9,15,1,"White",3,2,2,2,3,2,3,1,3,3,3,15
"4901",9,15,1,"White",3,1,3,1,3,2,3,3,3,3,3,15
"4902",9,14,1,"Other",2,1,2,3,3,1,3,1,3,1,2,15
"4903",9,15,1,"White",2,1,2,3,2,1,3,2,2,2,3,15
"4904",9,15,1,"Black",3,2,3,2,2,3,3,2,3,2,3,15
"4905",12,17,1,"White",2,2,3,3,2,3,3,3,3,3,1,15
"4906",9,14,1,"Asian",2,2,1,1,3,2,3,3,1,3,1,15
"4907",9,15,1,"White",1,2,1,1,1,1,2,1,2,1,1,15
"4908",9,14,1,"White",3,2,3,3,3,3,3,2,3,3,2,15
"4909",9,14,1,"White",1,2,3,2,1,1,2,1,2,2,2,15
"4910",9,15,1,"Hispanic",3,2,2,2,3,2,3,3,3,2,3,15
"4911",9,15,1,"White",2,2,1,2,1,1,2,1,2,2,3,15
"4912",9,15,1,"White",2,2,2,3,3,3,3,2,1,1,2,15
"4913",9,14,1,"Other",3,2,1,2,2,3,3,2,2,2,3,15
"4914",9,15,1,"Black",2,2,3,3,3,1,3,3,2,2,2,15
"4915",10,15,1,"White",3,3,3,3,2,2,3,3,3,2,2,15
"4916",9,15,1,"White",3,2,2,2,2,2,3,2,3,1,2,15
"4917",10,15,1,"White",3,2,2,3,2,3,3,3,3,2,1,15
"4918",9,14,1,"Other",2,2,2,2,2,2,3,2,1,3,3,15
"4919",10,16,1,"Other",2,1,2,2,2,2,3,1,2,3,2,15
"4920",9,14,1,"White",3,2,2,2,2,3,2,2,2,3,3,15
"4921",9,14,1,"White",3,3,3,3,3,2,3,2,3,3,3,15
"4922",9,15,1,"White",3,1,3,3,3,3,3,3,3,3,2,15
"4923",9,14,1,"White",3,2,3,3,3,3,3,2,3,3,3,15
"4924",10,15,1,"Black",3,2,3,2,3,3,1,1,3,1,1,15
"4925",9,14,1,"Asian",2,2,2,2,1,2,3,1,1,3,3,15
"4926",9,15,1,"White",3,2,3,3,2,2,3,2,3,3,2,15
"4927",9,14,1,"Asian",3,2,3,2,3,1,3,2,3,2,3,15
"4928",9,15,1,"White",3,2,2,3,2,1,3,2,1,1,2,15
"4929",10,17,1,"White",3,2,3,3,3,3,3,3,3,3,3,15
"4930",9,14,1,"White",3,2,2,2,2,1,2,2,1,3,1,15
"4931",9,14,1,"Black",3,2,3,2,2,2,3,1,2,3,1,15
"4932",9,14,1,"White",2,2,2,3,2,3,2,1,3,2,2,15
"4933",12,18,1,"White",3,2,2,2,1,1,3,2,3,3,2,15
"4934",10,16,1,"Asian",3,2,3,3,2,3,3,2,2,3,2,15
"4935",10,16,1,"White",3,2,3,3,2,3,3,2,2,3,1,15
"4936",12,17,1,"White",2,3,3,3,3,2,3,2,2,3,3,15
"4937",8,14,1,"White",1,1,3,1,1,1,2,1,3,2,1,16
"4938",8,13,1,"Hispanic",1,1,2,3,1,1,3,2,1,2,2,16
"4939",8,13,0,"Hispanic",3,2,3,2,2,3,3,1,3,2,3,16
"4940",8,14,1,"Hispanic",2,2,2,1,1,3,3,2,1,1,2,16
"4941",8,13,0,"Hispanic",2,3,3,3,3,3,3,3,3,2,3,16
"4942",8,13,1,"Other",3,2,3,2,3,3,3,3,3,3,3,16
"4943",8,13,1,"Hispanic",3,3,3,3,3,3,3,3,3,2,3,16
"4944",8,14,1,"Hispanic",3,2,3,2,2,2,2,1,2,2,2,16
"4945",8,14,1,"Hispanic",2,2,3,2,2,2,3,2,3,2,3,16
"4946",8,13,1,"Hispanic",2,2,3,3,3,2,3,2,2,2,2,16
"4947",8,14,1,"Asian",3,2,3,2,2,2,2,3,3,3,2,16
"4948",8,13,1,"Hispanic",3,2,3,2,2,3,3,3,3,3,1,16
"4949",8,14,1,"Hispanic",3,3,2,3,2,2,3,2,3,3,2,16
"4950",8,13,0,"Hispanic",2,2,2,2,2,2,2,1,2,3,2,16
"4951",8,14,1,"White",2,2,3,2,1,2,2,2,1,2,2,16
"4952",8,13,1,"Hispanic",2,1,2,2,2,3,2,3,2,3,2,16
"4953",8,13,0,"Hispanic",2,2,2,1,1,3,3,3,3,1,2,16
"4954",8,13,1,"Hispanic",3,1,3,3,3,1,3,3,1,1,1,16
"4955",8,13,1,"Hispanic",2,2,2,3,2,2,2,3,1,2,2,16
"4956",8,13,0,"Other",2,3,2,3,1,2,2,3,3,2,2,16
"4957",8,13,1,"Hispanic",3,2,2,1,2,3,2,2,3,2,2,16
"4958",8,14,1,"Hispanic",3,3,3,3,3,3,3,2,3,2,2,16
"4959",8,14,1,"Hispanic",2,2,2,3,2,2,3,2,3,2,2,16
"4960",8,15,1,"Other",2,2,2,2,2,2,2,2,2,2,2,16
"4961",8,13,0,"Hispanic",1,2,2,3,1,3,3,1,2,2,3,16
"4962",8,13,0,"Hispanic",2,2,2,2,2,2,3,2,1,1,2,16
"4963",8,13,0,"Hispanic",2,2,3,3,2,2,3,1,2,3,1,16
"4964",8,13,1,"Hispanic",2,2,2,1,1,2,3,2,2,2,3,16
"4965",8,13,1,"White",3,2,3,2,2,2,3,2,2,3,2,16
"4966",8,13,1,"Hispanic",2,1,3,2,2,2,3,2,2,2,3,16
"4967",8,13,1,"Hispanic",2,3,2,3,3,2,2,3,2,3,3,16
"4968",8,14,1,"Other",2,2,3,3,2,2,3,1,1,2,2,16
"4969",8,13,0,"Hispanic",1,2,3,2,2,1,2,3,2,3,1,16
"4970",8,13,0,"Hispanic",2,2,1,3,1,1,2,1,1,3,3,16
"4971",8,13,0,"Hispanic",3,1,3,2,1,2,3,3,1,3,3,16
"4972",8,13,1,"Hispanic",3,2,2,3,2,2,3,2,1,2,1,16
"4973",8,14,0,"Hispanic",3,1,3,2,2,1,3,1,1,2,1,16
"4974",8,13,0,"Hispanic",1,2,2,3,3,2,3,2,1,3,1,16
"4975",8,14,1,"Hispanic",1,2,2,2,2,1,3,3,3,3,1,16
"4976",8,14,1,"Hispanic",2,2,2,1,1,1,3,2,1,1,2,16
"4977",8,13,0,"Hispanic",2,2,2,3,1,1,2,1,1,3,2,16
"4978",8,14,0,"Hispanic",2,2,1,1,1,2,1,1,2,1,1,16
"4979",8,13,0,"Hispanic",3,1,3,3,3,3,3,2,2,3,2,16
"4980",8,13,0,"Black",3,3,2,2,1,3,3,3,2,2,3,16
"4981",8,13,1,"Hispanic",2,2,3,2,1,2,3,2,1,3,3,16
"4982",8,13,0,"Hispanic",1,1,2,1,1,1,2,1,1,2,2,16
"4983",8,14,0,"Hispanic",3,1,3,1,2,2,2,2,2,3,2,16
"4984",8,13,0,NA,3,3,3,3,3,3,3,1,3,3,2,16
"4985",8,14,0,"Hispanic",2,2,3,2,2,1,3,1,2,3,1,16
"4986",8,13,1,"Hispanic",1,1,2,2,1,3,1,1,3,3,1,16
"4987",8,14,1,"Hispanic",3,2,3,1,3,2,3,1,3,2,2,16
"4988",8,13,1,"Hispanic",2,3,1,2,2,1,3,2,2,1,1,16
"4989",8,14,1,"Hispanic",2,3,2,1,1,3,2,2,3,1,1,16
"4990",8,14,1,"Hispanic",1,3,1,3,2,1,3,3,3,1,2,16
"4991",8,14,1,"Black",3,2,3,3,2,3,3,3,3,3,3,16
"4992",8,13,1,"Hispanic",1,2,2,2,3,1,3,1,3,1,2,16
"4993",8,13,0,"Hispanic",2,2,2,2,2,2,2,1,2,2,1,16
"4994",8,15,0,"Hispanic",2,1,2,2,2,2,2,1,2,1,1,16
"4995",8,13,1,"Hispanic",2,1,3,1,2,2,3,3,2,2,3,16
"4996",8,14,1,"Hispanic",3,2,2,2,2,3,3,2,2,3,2,16
"4997",8,13,1,"Hispanic",1,1,1,1,1,1,1,1,1,1,1,16
"4998",8,22,0,"Other",1,1,1,1,1,1,1,1,2,1,1,16
"4999",8,15,1,"Hispanic",2,1,1,3,1,1,3,3,1,1,1,16
"5000",NA,14,0,"Other",2,2,2,2,2,2,2,2,2,2,2,16
"5001",8,15,0,"Hispanic",1,1,1,2,1,1,1,1,1,1,1,16
"5002",8,14,0,"Hispanic",2,2,2,3,3,3,1,2,3,3,1,16
"5003",8,13,1,"Hispanic",3,3,2,3,2,2,3,3,2,3,3,16
"5004",8,13,0,"Hispanic",3,2,3,2,2,3,2,3,3,3,3,16
"5005",8,14,0,"Hispanic",1,2,3,3,1,1,3,1,1,2,3,16
"5006",8,13,0,"Hispanic",2,2,1,3,2,2,3,2,2,2,2,16
"5007",8,14,0,"Hispanic",1,2,2,2,1,1,2,1,1,1,1,16
"5008",8,15,0,"Hispanic",3,1,3,3,2,3,3,2,2,2,3,16
"5009",8,15,1,"Other",2,1,3,1,1,1,3,3,1,3,2,16
"5010",8,14,1,"Hispanic",2,1,1,1,2,1,2,2,3,2,2,16
"5011",8,13,1,"Hispanic",3,2,3,3,2,2,3,3,2,3,2,16
"5012",8,14,0,"Hispanic",2,2,3,2,2,2,2,1,1,2,2,16
"5013",8,14,1,"Hispanic",2,1,3,1,1,3,3,2,2,3,1,16
"5014",8,14,1,"Hispanic",2,2,3,2,2,2,3,2,2,3,2,16
"5015",8,13,0,"Hispanic",2,2,2,2,3,2,2,2,3,2,2,16
"5016",8,13,0,"Hispanic",2,1,3,3,3,2,2,3,3,2,2,16
"5017",8,14,0,"Hispanic",2,2,3,1,2,2,3,1,2,2,2,16
"5018",8,13,1,"Other",2,1,2,1,1,2,3,1,1,2,1,16
"5019",8,13,0,"Hispanic",3,1,3,1,3,1,3,2,3,3,1,16
"5020",8,14,1,"Hispanic",2,2,2,2,2,2,3,3,2,3,2,16
"5021",8,14,0,"Hispanic",1,2,1,2,2,1,3,2,1,1,2,16
"5022",8,14,1,"Hispanic",2,3,3,3,2,2,3,2,3,1,2,16
"5023",8,13,1,"Hispanic",2,3,3,3,1,2,3,1,3,3,3,16
"5024",8,14,0,"Hispanic",2,1,2,2,1,2,2,1,1,2,2,16
"5025",8,14,1,"Hispanic",1,2,1,3,1,1,2,1,3,2,2,16
"5026",8,13,1,"Hispanic",3,1,3,1,3,1,2,1,1,3,2,16
"5027",8,13,0,"Hispanic",3,1,3,1,1,2,3,2,2,3,3,16
"5028",8,13,1,"Hispanic",2,3,3,3,1,2,3,3,2,3,2,16
"5029",8,14,1,"Hispanic",2,2,2,3,2,2,3,3,2,3,2,16
"5030",8,14,0,"Other",3,2,2,3,2,3,3,1,2,3,2,16
"5031",8,14,1,"Black",3,3,2,3,2,3,3,3,2,3,2,16
"5032",8,13,0,"Hispanic",2,1,3,2,1,2,3,1,2,2,2,16
"5033",8,14,0,"Hispanic",2,2,3,3,1,2,3,2,2,3,2,16
"5034",8,14,0,"Black",2,3,1,2,1,1,2,1,2,1,1,16
"5035",8,16,0,"Black",NA,NA,NA,NA,NA,NA,NA,NA,NA,NA,NA,16
"5036",8,14,0,"Hispanic",2,3,1,1,1,2,2,1,1,1,1,16
"5037",8,13,0,"Hispanic",3,1,3,2,3,3,3,2,2,3,3,16
"5038",8,14,0,"Hispanic",NA,NA,NA,NA,NA,NA,NA,NA,NA,NA,NA,16
"5039",8,14,1,"Hispanic",2,2,2,2,1,1,3,3,1,1,1,16
"5040",8,14,1,"Other",2,2,2,3,3,1,3,3,1,3,1,16
"5041",8,14,1,"Hispanic",3,3,3,3,2,3,3,3,3,3,3,16
"5042",8,13,1,"Hispanic",3,3,3,3,2,2,3,3,2,3,2,16
"5043",8,14,1,"Hispanic",2,2,2,3,1,2,1,2,1,3,3,16
"5044",8,13,1,"Hispanic",3,2,3,3,2,3,3,3,2,3,3,16
"5045",8,14,0,"Hispanic",2,3,2,3,1,1,3,2,1,2,1,16
"5046",8,NA,0,"Hispanic",2,2,1,3,1,2,3,2,2,3,2,16
"5047",7,14,0,"Hispanic",1,2,3,1,1,1,2,1,2,1,1,16
"5048",8,14,0,"Black",1,2,1,3,1,1,3,1,2,2,3,16
"5049",8,13,1,"Hispanic",2,3,2,3,2,2,3,3,2,3,2,16
"5050",8,13,1,"Hispanic",3,1,2,2,3,2,2,1,2,2,2,16
"5051",8,14,1,"Hispanic",2,3,3,3,2,2,3,3,3,2,3,16
"5052",8,14,1,"Hispanic",1,2,2,3,2,2,3,3,2,2,3,16
"5053",8,16,1,"Other",2,1,3,2,1,1,3,2,2,1,1,16
"5054",8,14,0,"Hispanic",3,2,2,2,2,2,3,1,2,2,3,16
"5055",8,13,0,"Hispanic",2,2,2,2,2,NA,2,2,2,2,2,16
"5056",12,22,1,"Other",1,NA,1,1,1,1,1,1,1,1,1,16
"5057",8,13,1,"Black",3,3,1,2,1,1,3,1,3,3,3,16
"5058",8,13,1,"Asian",3,2,3,2,3,2,3,2,1,1,1,16
"5059",8,14,1,"Hispanic",3,2,3,3,1,1,3,3,3,1,2,16
"5060",8,13,1,"Hispanic",3,3,3,3,3,2,3,3,3,2,2,16
"5061",8,14,0,"Hispanic",3,3,3,3,2,2,3,1,2,2,3,16
"5062",8,13,0,"Hispanic",2,2,2,2,2,2,2,2,2,2,2,16
"5063",8,13,0,"Hispanic",3,1,2,1,1,1,1,1,2,1,1,16
"5064",8,14,0,"Hispanic",2,2,2,2,2,2,3,1,2,2,2,16
"5065",8,13,1,"Hispanic",3,1,2,3,2,2,3,3,2,1,1,16
"5066",8,13,1,"Hispanic",3,3,3,3,3,3,3,3,3,3,3,16
"5067",8,13,0,"Hispanic",1,2,3,2,3,2,3,3,3,3,3,16
"5068",8,13,0,"Hispanic",2,1,2,1,1,2,3,1,2,1,1,16
"5069",8,14,1,"Hispanic",2,2,1,3,1,2,2,2,1,1,2,16
"5070",8,13,0,"Hispanic",1,2,2,2,1,2,2,1,1,2,1,16
"5071",8,13,0,"Hispanic",2,2,2,1,1,1,1,1,2,2,1,16
"5072",8,14,0,"Black",2,1,3,3,3,2,3,2,2,3,3,16
"5073",8,13,1,"Other",2,3,3,3,3,2,3,3,3,2,2,16
"5074",8,14,0,"Hispanic",2,1,2,2,1,2,2,1,2,3,2,16
"5075",8,13,0,"Hispanic",2,2,2,2,2,3,3,3,2,2,2,16
"5076",8,13,1,"Hispanic",2,1,2,3,2,2,3,1,3,3,2,16
"5077",8,13,1,"Hispanic",2,2,1,2,2,2,2,2,2,2,2,16
"5078",8,14,0,"Hispanic",2,1,2,2,2,2,3,3,3,2,2,16
"5079",8,14,1,"Hispanic",3,2,3,2,3,3,3,2,3,2,2,16
"5080",8,13,0,"Hispanic",2,2,3,2,2,1,1,1,1,1,1,16
"5081",8,13,1,"Hispanic",3,2,3,3,2,3,3,3,2,3,2,16
"5082",8,13,0,"Hispanic",2,1,2,3,3,3,3,1,3,2,3,16
"5083",8,13,0,"White",2,2,3,2,2,2,2,2,2,2,2,16
"5084",7,12,0,"Hispanic",3,3,3,3,3,3,3,3,3,3,3,16
"5085",7,13,0,"Hispanic",3,2,3,2,3,2,3,2,3,2,2,16
"5086",7,12,0,"White",3,2,2,2,1,2,2,1,2,1,2,16
"5087",7,13,1,"Other",3,2,3,2,3,3,2,1,3,3,2,16
"5088",7,12,0,"Hispanic",3,2,3,3,1,2,3,3,1,2,2,16
"5089",7,12,1,"White",2,2,3,2,2,1,3,3,1,3,2,16
"5090",7,12,0,"Hispanic",2,1,2,3,3,3,3,2,3,3,3,16
"5091",7,13,1,"Hispanic",2,2,2,2,1,2,2,3,3,1,2,16
"5092",7,12,0,"White",1,2,2,2,1,2,3,1,1,2,3,16
"5093",7,13,1,"Hispanic",2,3,3,3,2,3,3,2,3,3,2,16
"5094",7,13,0,"White",1,2,3,2,2,1,2,1,1,3,2,16
"5095",7,13,1,"White",2,3,3,3,2,2,3,3,2,2,2,16
"5096",7,13,1,"Hispanic",3,2,3,3,3,2,3,3,2,3,2,16
"5097",7,11,0,"Hispanic",1,2,2,1,1,2,2,1,1,3,1,16
"5098",7,12,0,"Hispanic",1,2,3,3,1,1,3,1,2,1,3,16
"5099",7,12,1,"Hispanic",2,3,3,3,3,3,3,2,3,3,2,16
"5100",7,12,0,"Other",2,1,3,3,2,1,3,2,2,1,2,16
"5101",7,13,1,NA,2,NA,3,NA,NA,2,3,2,2,3,2,16
"5102",7,12,1,NA,3,1,3,3,2,3,3,3,3,3,3,16
"5103",7,12,1,"Hispanic",3,2,3,2,2,3,3,2,2,3,3,16
"5104",7,12,1,"Hispanic",2,3,3,3,1,3,3,3,2,2,3,16
"5105",7,13,1,"Hispanic",3,2,2,3,3,3,3,3,3,3,1,16
"5106",7,13,1,"Hispanic",2,1,2,1,1,1,1,2,2,1,1,16
"5107",7,12,0,"Hispanic",2,2,3,2,1,2,3,1,1,2,2,16
"5108",7,12,1,"Hispanic",3,2,3,3,2,2,3,3,2,3,2,16
"5109",7,12,1,"Hispanic",3,2,3,3,2,3,3,2,3,2,2,16
"5110",7,12,1,"Hispanic",3,2,3,3,2,3,3,2,3,2,2,16
"5111",7,13,1,"Hispanic",2,1,2,3,3,3,3,3,2,1,2,16
"5112",8,14,0,"Hispanic",3,3,3,3,1,3,3,3,3,3,3,16
"5113",8,13,0,"Hispanic",2,3,3,2,1,2,2,1,3,2,3,16
"5114",8,13,1,"Hispanic",3,2,3,3,1,2,3,1,2,2,2,16
"5115",8,13,0,"Hispanic",3,3,3,3,3,3,2,1,1,1,2,16
"5116",8,18,0,"Asian",3,1,1,2,3,1,3,3,2,3,3,16
"5117",8,13,1,"Asian",2,2,3,2,2,3,3,1,3,1,2,16
"5118",8,15,1,"Other",3,2,3,3,2,2,3,2,2,3,2,16
"5119",8,14,1,"Asian",2,2,2,2,2,2,2,2,2,2,1,16
"5120",8,13,0,"Hispanic",2,3,3,3,3,3,3,2,1,3,2,16
"5121",8,14,0,"Hispanic",2,2,1,1,1,1,3,1,1,2,1,16
"5122",8,14,0,"Black",2,2,2,2,1,2,3,1,2,1,3,16
"5123",8,14,0,"Hispanic",2,3,2,2,2,2,1,1,1,2,2,16
"5124",8,14,1,"Hispanic",3,2,3,2,2,2,3,3,2,2,1,16
"5125",8,13,0,"Black",2,2,2,1,1,2,3,1,1,2,1,16
"5126",8,14,0,"Hispanic",1,2,3,2,1,2,3,3,2,2,2,16
"5127",8,14,1,"Hispanic",3,1,3,3,3,3,3,3,2,3,2,16
"5128",8,14,1,"Hispanic",2,1,2,1,1,1,1,1,2,2,1,16
"5129",8,13,0,"Hispanic",2,2,3,2,2,2,3,1,1,2,3,16
"5130",8,13,1,"Hispanic",3,3,3,3,3,3,3,3,3,3,3,16
"5131",8,13,0,"Hispanic",3,2,2,1,1,1,1,1,2,2,1,16
"5132",8,13,0,"Hispanic",2,2,2,1,3,2,3,1,2,2,2,16
"5133",8,13,1,"Hispanic",1,1,3,3,2,2,3,3,2,3,3,16
"5134",8,13,0,"Hispanic",2,1,3,2,2,2,2,2,3,3,3,16
"5135",8,15,1,"Black",3,2,2,1,2,1,2,1,1,1,1,16
"5136",8,13,0,"Hispanic",1,1,3,2,2,2,3,3,2,3,3,16
"5137",8,14,0,"Hispanic",2,2,2,2,2,2,2,2,2,2,2,16
"5138",8,14,0,"Black",2,1,2,1,1,1,2,1,1,2,3,16
"5139",8,13,0,"Hispanic",1,1,2,1,2,1,3,1,1,1,1,16
"5140",8,14,1,"White",3,2,3,3,3,2,2,3,1,2,2,16
"5141",8,13,1,"Hispanic",3,1,3,2,3,3,3,3,2,3,2,16
"5142",8,14,0,"Hispanic",3,2,2,1,1,2,3,1,1,2,2,16
"5143",8,14,0,"Hispanic",3,1,3,2,3,2,3,1,3,1,2,16
"5144",8,13,1,"Hispanic",1,1,2,1,1,1,2,1,1,2,2,16
"5145",8,14,1,"Hispanic",1,1,2,2,1,2,2,2,1,2,1,16
"5146",8,13,0,"Hispanic",1,1,1,1,1,1,1,1,1,1,1,16
"5147",8,13,0,"White",1,1,1,1,1,1,1,1,1,1,1,16
"5148",8,14,0,"White",3,3,1,2,2,1,3,2,1,2,3,16
"5149",7,13,0,"Hispanic",2,2,2,3,1,2,3,3,3,2,3,16
"5150",8,13,0,"Hispanic",2,2,2,2,2,1,3,1,2,2,2,16
"5151",8,14,0,"Hispanic",2,3,2,2,1,1,3,1,2,2,2,16
"5152",8,13,0,"Black",2,2,2,1,1,2,3,2,3,2,3,16
"5153",8,13,0,"Hispanic",1,2,2,3,3,2,3,1,2,2,2,16
"5154",8,14,1,"Hispanic",3,3,2,3,1,2,3,2,3,2,3,16
"5155",8,14,0,"Hispanic",1,1,2,3,2,1,3,1,1,2,1,16
"5156",8,14,0,"Hispanic",2,2,3,2,2,1,3,2,2,3,2,16
"5157",8,14,1,"White",3,1,3,3,2,2,3,2,2,2,2,16
"5158",8,13,1,"Hispanic",1,2,1,1,2,1,3,2,2,2,2,16
"5159",8,14,1,"Hispanic",3,2,3,3,3,3,3,3,1,2,2,16
"5160",8,14,0,"White",3,1,3,3,3,3,3,2,3,3,3,16
"5161",8,14,1,"Hispanic",3,2,2,2,2,2,3,2,3,3,3,16
"5162",8,14,1,"Other",2,1,2,2,1,2,1,1,1,2,1,16
"5163",8,13,1,"Hispanic",2,1,2,3,1,1,3,2,3,2,1,16
"5164",8,13,1,"Hispanic",3,1,3,3,3,2,3,3,2,3,2,16
"5165",8,14,1,"Hispanic",2,2,3,2,2,2,3,2,3,2,2,16
"5166",8,15,0,"Black",2,2,2,2,2,2,2,1,1,2,2,16
"5167",8,14,0,"Black",1,NA,NA,NA,NA,1,NA,NA,3,2,NA,16
"5168",12,22,1,"Asian",1,1,1,1,1,1,1,1,1,1,1,16
"5169",8,14,0,"Hispanic",3,2,3,2,1,2,2,1,3,2,2,16
"5170",8,14,0,"Hispanic",3,2,2,1,1,2,2,1,3,1,2,16
"5171",8,13,1,"Hispanic",2,3,3,2,3,2,3,2,3,2,1,16
"5172",8,13,1,"Hispanic",2,3,3,2,2,1,3,3,1,3,2,16
"5173",8,14,1,"Hispanic",3,3,3,2,2,3,2,2,3,2,1,16
"5174",8,14,1,"Other",2,3,3,3,3,3,3,2,3,1,3,16
"5175",8,14,1,"Hispanic",3,2,1,3,1,2,3,3,2,3,2,16
"5176",8,14,1,"Hispanic",3,1,3,2,3,2,3,3,1,3,3,16
"5177",8,14,0,"White",3,2,3,2,1,3,2,3,2,2,2,16
"5178",8,13,0,"Hispanic",3,1,3,3,2,2,2,1,3,2,2,16
"5179",8,14,1,"Other",3,2,2,3,3,2,3,2,3,2,2,16
"5180",8,14,1,"Hispanic",1,2,2,3,3,1,3,2,2,1,2,16
"5181",8,13,0,"Hispanic",2,1,3,2,2,2,2,1,2,3,2,16
"5182",8,13,0,"Hispanic",2,2,2,NA,1,2,3,1,2,2,2,16
"5183",8,15,0,"Other",1,2,2,1,2,1,2,1,2,3,2,16
"5184",8,13,1,NA,1,1,2,1,1,1,2,2,1,2,1,16
"5185",8,13,0,"White",2,3,3,3,2,1,2,3,3,1,2,16
"5186",8,22,0,"Hispanic",2,2,2,2,2,2,2,2,2,2,2,16
"5187",8,13,1,"Hispanic",2,3,2,3,3,3,3,3,3,3,1,16
"5188",8,14,0,"Hispanic",2,1,3,2,2,1,2,2,1,3,2,16
"5189",8,14,1,"Hispanic",3,2,2,3,3,1,3,3,3,3,1,16
"5190",8,14,0,"Hispanic",2,1,1,1,1,1,2,1,3,2,3,16
"5191",8,14,0,"Other",1,1,1,1,2,1,1,1,1,1,1,16
"5192",8,14,0,"Hispanic",1,2,1,3,1,2,2,1,1,3,2,16
"5193",8,NA,0,"Other",3,1,3,3,2,3,3,2,2,3,3,16
"5194",8,14,0,"Hispanic",3,1,2,1,2,2,3,2,2,2,1,16
"5195",8,13,1,"Hispanic",2,2,3,3,1,2,3,3,1,3,2,16
"5196",8,14,1,"Hispanic",2,1,2,1,1,1,2,1,2,1,2,16
"5197",8,13,0,"Hispanic",3,1,2,2,2,2,3,2,2,3,3,16
"5198",8,13,0,"Hispanic",2,1,2,1,2,2,2,1,2,2,3,16
"5199",8,14,0,NA,2,2,2,2,3,2,1,1,3,3,2,16
"5200",7,13,0,"Other",3,2,NA,NA,NA,NA,NA,NA,NA,NA,NA,16
"5201",10,15,0,"Hispanic",2,2,2,2,2,2,2,2,2,2,2,16
"5202",7,13,0,"Hispanic",2,1,3,2,2,2,2,2,2,2,2,16
"5203",7,12,0,"Hispanic",NA,NA,NA,NA,3,NA,NA,NA,NA,NA,NA,16
"5204",7,12,1,"Hispanic",NA,NA,NA,NA,NA,NA,NA,NA,NA,NA,NA,16
"5205",7,12,1,"Hispanic",3,1,3,3,2,2,3,3,2,3,2,16
"5206",7,12,1,"Hispanic",2,2,2,2,3,2,2,1,3,2,2,16
"5207",7,13,1,"Hispanic",2,2,1,3,2,2,3,2,1,2,2,16
"5208",7,12,0,"Hispanic",1,2,3,1,3,3,3,1,1,3,3,16
"5209",7,12,0,"Black",1,3,2,2,2,2,3,1,3,3,1,16
"5210",7,12,1,"Hispanic",2,1,2,1,2,2,2,1,2,2,1,16
"5211",7,12,1,"Other",2,3,1,2,1,3,3,3,2,3,1,16
"5212",7,12,1,"Hispanic",1,2,1,2,3,2,2,2,2,3,3,16
"5213",7,14,0,"Hispanic",1,3,1,1,1,2,2,1,3,2,3,16
"5214",7,12,1,"Hispanic",3,2,2,2,2,3,NA,1,2,2,2,16
"5215",7,12,0,"Other",1,3,1,3,1,3,1,1,1,1,1,16
"5216",7,12,1,"Hispanic",3,2,3,3,3,3,3,3,3,2,2,16
"5217",7,15,0,"Black",3,1,3,1,1,1,3,1,1,3,3,16
"5218",7,12,1,"White",3,2,3,3,3,3,3,3,3,3,3,16
"5219",7,12,1,"Hispanic",3,2,3,3,3,3,3,3,3,3,2,16
"5220",7,12,1,"Hispanic",1,1,1,2,1,1,1,1,2,1,1,16
"5221",7,12,1,"Hispanic",1,2,1,1,1,1,2,1,3,2,1,16
"5222",7,13,1,"Hispanic",2,2,1,2,1,1,2,2,2,3,2,16
"5223",7,12,0,"Hispanic",2,2,2,2,2,1,2,1,3,2,2,16
"5224",7,13,1,"Hispanic",3,3,3,3,3,2,3,3,3,3,2,16
"5225",7,13,1,"Hispanic",3,1,3,3,2,2,3,3,2,2,3,16
"5226",7,12,1,"Hispanic",3,2,3,2,1,2,1,2,2,3,1,16
"5227",7,12,0,"Hispanic",2,1,1,2,3,3,3,1,3,3,2,16
"5228",7,12,0,"Other",2,1,1,3,3,2,3,1,3,3,1,16
"5229",7,13,1,"Hispanic",1,2,1,3,2,2,2,3,3,3,1,16
"5230",7,13,0,"Hispanic",1,3,1,2,2,2,1,1,1,3,2,16
"5231",7,13,1,"Hispanic",3,3,3,3,2,3,3,3,3,3,3,16
"5232",7,12,0,"Hispanic",2,3,3,3,2,2,3,3,3,2,3,16
"5233",7,12,1,"White",2,2,3,2,3,1,2,1,2,3,2,16
"5234",7,13,1,"Hispanic",3,2,3,1,2,2,3,1,2,2,1,16
"5235",7,12,0,"Hispanic",2,2,2,2,2,1,1,1,3,3,1,16
"5236",7,22,0,"Other",1,2,1,1,2,1,3,1,3,1,1,16
"5237",7,13,1,"Hispanic",1,1,1,3,2,2,2,1,2,1,2,16
"5238",7,13,1,"Hispanic",2,1,3,3,2,2,3,3,3,2,3,16
"5239",NA,13,NA,"Hispanic",2,2,3,2,2,2,3,1,3,2,1,16
"5240",7,12,0,"White",2,3,2,1,1,1,3,1,1,3,2,16
"5241",7,12,0,"Hispanic",3,2,2,1,2,3,3,3,2,3,3,16
"5242",7,12,0,"Hispanic",3,3,3,3,3,3,3,3,3,3,3,16
"5243",7,13,0,"Hispanic",1,3,3,2,2,1,3,2,1,2,3,16
"5244",7,12,1,"Hispanic",2,2,2,3,1,1,3,3,3,2,2,16
"5245",7,13,0,"Hispanic",3,1,3,3,3,3,3,3,3,3,3,16
"5246",7,13,0,"Hispanic",1,1,1,2,1,2,1,1,1,1,3,16
"5247",7,12,1,"White",2,1,2,1,1,2,2,1,2,2,3,16
"5248",7,13,1,"Other",3,1,3,3,2,3,3,3,3,2,3,16
"5249",7,13,1,"Hispanic",2,1,2,2,1,1,3,1,1,2,1,16
"5250",7,13,0,"Hispanic",3,2,2,3,3,2,3,1,1,2,3,16
"5251",7,13,0,"White",2,2,3,2,3,2,3,2,3,2,1,16
"5252",7,12,1,"Other",2,1,2,2,2,2,3,2,3,1,2,16
"5253",7,13,1,"Hispanic",2,2,2,2,2,2,2,2,2,2,3,16
"5254",7,12,1,"Hispanic",1,2,1,1,1,1,3,3,1,1,2,16
"5255",7,12,1,"Hispanic",3,2,3,2,1,2,3,3,2,1,1,16
"5256",7,12,1,"Other",3,1,2,1,1,3,1,1,1,2,2,16
"5257",7,12,0,"Hispanic",2,3,3,2,1,3,3,2,1,3,2,16
"5258",7,12,1,"Hispanic",2,1,3,2,2,3,3,2,3,3,2,16
"5259",7,12,1,"Hispanic",3,1,3,2,2,3,3,3,3,3,2,16
"5260",7,13,1,"Hispanic",3,2,3,3,1,3,3,2,3,2,3,16
"5261",7,12,0,"Other",1,2,3,1,3,1,2,1,3,3,1,16
"5262",7,12,1,"Hispanic",3,2,3,2,3,1,3,1,2,3,2,16
"5263",7,12,0,"Hispanic",3,2,2,2,2,2,3,1,2,2,3,16
"5264",7,12,0,"White",2,1,3,3,NA,NA,NA,NA,3,3,2,16
"5265",7,13,0,"Hispanic",2,2,2,3,2,2,2,3,3,2,1,16
"5266",8,14,0,"Hispanic",3,2,2,1,2,2,3,1,1,2,2,16
"5267",7,13,0,"Hispanic",2,2,2,3,2,2,2,3,3,2,1,16
"5268",7,12,1,"Hispanic",3,2,2,3,2,3,3,1,2,2,2,16
"5269",7,12,1,"Hispanic",2,2,2,3,2,2,3,2,3,3,2,16
"5270",7,12,1,"Hispanic",2,3,2,3,3,2,3,2,2,1,2,16
"5271",7,12,1,"Hispanic",2,1,2,2,3,2,3,3,3,2,2,16
"5272",7,12,1,"Hispanic",2,2,3,2,1,3,3,3,3,1,3,16
"5273",7,12,1,"Hispanic",2,2,2,2,2,3,3,2,2,3,2,16
"5274",7,12,0,"White",3,2,2,1,2,1,2,1,3,2,1,16
"5275",7,12,0,"White",2,2,2,1,1,2,2,1,1,2,3,16
"5276",7,12,1,"Hispanic",2,1,3,2,1,3,3,1,3,3,NA,16
"5277",7,12,0,"Hispanic",1,2,2,1,3,1,3,2,2,2,3,16
"5278",7,12,0,"Hispanic",2,2,3,2,3,3,2,1,3,2,2,16
"5279",7,12,1,"Hispanic",3,3,3,2,2,3,3,2,3,3,3,16
"5280",7,13,1,"Hispanic",2,1,2,2,1,1,2,1,1,2,1,16
"5281",7,12,1,"Hispanic",3,2,3,1,1,2,3,3,3,3,2,16
"5282",7,13,1,"Hispanic",3,2,3,3,1,2,2,2,3,3,2,16
"5283",7,13,1,"Hispanic",2,1,2,2,2,2,3,3,2,2,3,16
"5284",7,12,1,"Other",3,2,3,2,2,2,3,2,1,1,3,16
"5285",7,13,0,"Hispanic",1,1,2,2,1,1,2,1,1,2,2,16
"5286",7,12,0,"Hispanic",2,3,3,3,2,2,3,3,3,3,2,16
"5287",7,12,0,"Other",3,3,2,1,2,1,1,1,1,2,3,16
"5288",7,12,0,"Hispanic",2,2,2,1,2,1,1,1,1,2,2,16
"5289",7,12,0,"Hispanic",1,1,3,1,1,1,3,1,3,1,1,16
"5290",7,14,1,"Hispanic",3,2,2,2,3,2,2,1,2,2,2,16
"5291",7,12,1,"Hispanic",1,2,1,NA,1,2,2,1,3,2,2,16
"5292",7,13,1,"Hispanic",1,2,1,1,1,2,2,1,3,2,2,16
"5293",7,13,0,"Hispanic",2,2,3,2,3,2,3,2,3,3,3,16
"5294",7,12,1,"White",3,1,3,1,3,2,3,1,3,3,2,16
"5295",7,12,1,"Hispanic",2,2,3,3,2,3,3,1,2,2,2,16
"5296",7,13,1,"Black",2,2,1,3,1,2,2,3,1,2,1,16
"5297",7,12,1,"Hispanic",2,2,2,2,2,3,2,2,2,2,2,16
"5298",7,13,0,"Hispanic",1,2,3,2,2,1,1,1,2,2,2,16
"5299",7,14,1,"Black",2,2,3,2,1,1,3,1,3,1,1,16
"5300",7,12,1,"Hispanic",2,1,3,2,2,2,3,3,2,3,2,16
"5301",7,12,1,"Black",1,2,1,1,1,2,1,3,2,3,3,16
"5302",7,12,0,"White",2,1,2,2,3,3,3,2,3,3,3,16
"5303",7,12,1,"Black",3,3,2,3,2,2,3,3,1,3,3,16
"5304",7,12,0,"Hispanic",1,2,3,1,1,1,2,1,3,2,1,16
"5305",7,13,1,"Hispanic",1,2,2,3,3,1,3,2,1,1,1,16
"5306",7,13,1,"Hispanic",2,2,2,2,1,2,2,3,2,1,1,16
"5307",7,12,0,"Black",2,1,1,3,1,1,1,2,1,2,2,16
"5308",7,12,0,"Hispanic",2,1,2,2,2,1,2,1,1,3,1,16
"5309",7,13,1,"Hispanic",3,2,3,3,2,1,3,3,3,3,1,16
"5310",7,12,1,"Hispanic",2,3,3,2,2,1,3,3,3,3,2,16
"5311",7,13,0,"Other",2,2,3,1,1,2,3,1,1,3,2,16
"5312",7,13,0,"Other",2,2,2,3,2,2,3,2,3,3,3,16
"5313",7,12,1,"Hispanic",2,2,3,2,2,2,3,3,3,3,2,16
"5314",7,13,0,"Hispanic",3,2,3,2,3,2,3,2,3,3,3,16
"5315",7,12,1,"White",2,3,2,2,1,1,2,2,3,3,2,16
"5316",7,13,0,"Other",2,2,2,3,2,2,3,1,2,2,1,16
"5317",7,12,1,"Hispanic",3,1,3,3,3,2,3,3,3,3,3,16
"5318",7,12,1,"Hispanic",2,1,3,3,2,3,3,3,3,3,2,16
"5319",7,13,0,"White",2,3,3,2,2,3,3,2,2,3,3,16
"5320",7,12,0,"Hispanic",3,2,3,2,3,2,3,2,3,3,3,16
"5321",7,13,1,"Hispanic",3,1,3,1,3,1,3,3,2,3,3,16
"5322",7,12,0,"Hispanic",2,2,3,1,2,2,3,2,3,2,3,16
"5323",7,12,0,"White",1,2,2,3,2,2,1,2,2,2,2,16
"5324",7,13,0,"Hispanic",1,3,3,1,1,1,1,1,1,1,1,16
"5325",7,12,1,"Other",2,1,2,1,2,2,2,3,2,3,2,16
"5326",7,14,1,"Hispanic",1,3,3,3,3,1,3,3,3,3,2,16
"5327",7,12,1,"Hispanic",3,1,3,1,3,2,3,3,3,2,3,16
"5328",7,13,1,"Hispanic",2,1,3,2,3,2,3,3,2,3,3,16
"5329",7,12,1,"Black",2,2,3,2,2,2,3,3,2,3,3,16
"5330",7,13,1,"Hispanic",3,1,3,1,1,1,2,1,1,2,3,16
"5331",7,13,0,"Hispanic",2,3,3,3,2,2,3,3,3,3,2,16
"5332",7,13,0,"White",3,2,3,2,2,3,3,2,3,3,2,16
"5333",7,13,0,"Hispanic",2,1,2,1,2,1,3,1,1,1,2,16
"5334",7,13,0,"White",1,3,1,1,1,1,3,1,2,3,3,16
"5335",7,12,1,"Hispanic",2,2,3,2,2,2,3,1,3,3,2,16
"5336",7,12,0,"Black",1,3,3,2,2,2,3,1,2,3,3,16
"5337",7,12,1,"Hispanic",3,1,2,2,2,3,3,3,2,2,1,16
"5338",7,12,0,"Hispanic",3,2,3,2,3,2,3,2,3,3,2,16
"5339",7,12,0,"Hispanic",3,2,3,3,3,3,3,3,3,2,2,16
"5340",7,14,1,"Black",3,1,2,1,3,1,3,3,3,3,2,16
"5341",7,13,1,"Hispanic",2,3,3,3,3,2,3,2,2,2,2,16
"5342",7,13,1,"White",3,1,3,3,1,3,3,3,3,3,3,16
"5343",7,12,0,"White",3,1,3,1,3,3,3,3,3,3,3,16
"5344",7,12,NA,"Hispanic",NA,2,3,3,3,3,2,3,3,3,2,16
"5345",7,12,1,"Hispanic",2,3,3,3,3,3,3,3,3,3,2,16
"5346",7,12,1,"Hispanic",2,1,3,2,2,1,2,3,2,3,2,16
"5347",7,12,1,"Hispanic",2,3,3,3,2,2,2,2,3,3,2,16
"5348",7,13,1,"Hispanic",3,3,3,3,2,3,3,2,1,2,3,16
"5349",7,12,1,"Hispanic",1,2,2,2,2,1,2,2,1,2,2,16
"5350",7,13,1,"Hispanic",1,1,2,3,3,1,3,1,2,1,1,16
"5351",7,12,0,"Hispanic",3,2,2,1,3,2,3,1,1,2,2,16
"5352",7,13,0,"Other",3,2,3,1,3,2,2,1,3,3,2,16
"5353",7,12,0,"Hispanic",2,3,2,2,2,1,2,2,2,3,2,16
"5354",7,12,1,"Hispanic",3,3,3,3,2,3,3,3,2,3,2,16
"5355",7,12,0,"Hispanic",2,2,3,2,2,2,3,2,1,2,3,16
"5356",7,12,0,"Hispanic",2,2,2,3,2,2,3,1,2,2,2,16
"5357",7,12,0,"Hispanic",2,2,2,3,1,2,3,1,3,1,2,16
"5358",7,13,1,"Hispanic",3,1,3,2,1,2,1,3,2,1,2,16
"5359",7,12,0,"Hispanic",2,1,2,2,1,2,3,1,3,3,2,16
"5360",7,13,0,"Hispanic",2,2,2,2,2,2,2,2,2,3,1,16
"5361",NA,NA,NA,NA,NA,NA,NA,NA,NA,NA,NA,NA,NA,NA,NA,16
"5362",8,14,0,"Other",3,2,3,2,2,2,3,2,3,3,2,16
"5363",8,14,0,"Hispanic",1,1,1,1,1,2,3,1,2,1,2,16
"5364",8,15,0,"Hispanic",1,1,3,1,1,2,2,1,3,3,1,16
"5365",NA,NA,NA,NA,NA,NA,NA,NA,NA,NA,NA,NA,NA,NA,NA,16
"5366",8,14,0,"White",NA,NA,NA,NA,NA,NA,NA,NA,NA,NA,NA,16
"5367",8,13,1,"Hispanic",2,1,2,2,2,3,3,2,3,2,2,16
"5368",8,NA,NA,NA,NA,NA,NA,NA,NA,NA,NA,NA,NA,NA,NA,16
"5369",8,13,1,"Hispanic",NA,NA,NA,NA,NA,NA,NA,NA,NA,NA,NA,16
"5370",8,13,0,"White",NA,NA,NA,NA,NA,NA,NA,NA,NA,NA,NA,16
"5371",NA,NA,NA,NA,NA,NA,NA,NA,NA,NA,NA,NA,NA,NA,NA,16
"5372",8,13,0,"Hispanic",2,2,2,2,2,2,3,1,3,2,2,16
"5373",8,14,0,"Hispanic",2,2,2,2,1,1,3,2,1,2,1,16
"5374",8,14,0,"Hispanic",2,2,2,2,2,2,2,2,2,2,2,16
"5375",8,13,0,"Hispanic",2,2,2,2,1,1,3,2,1,2,1,16
"5376",8,13,0,"Other",2,3,2,1,2,1,1,2,3,1,1,16
"5377",7,12,0,"Hispanic",NA,NA,NA,NA,NA,NA,NA,NA,NA,NA,NA,16
"5378",7,13,1,"Hispanic",3,1,2,1,1,3,3,2,1,3,2,16
"5379",NA,NA,NA,NA,NA,NA,NA,NA,NA,NA,NA,NA,NA,NA,NA,16
"5380",7,12,0,"White",2,2,2,2,2,2,3,3,2,3,3,16
"5381",7,13,0,"Other",NA,NA,NA,NA,NA,NA,NA,NA,NA,NA,NA,16
"5382",7,13,0,"Hispanic",NA,NA,NA,NA,NA,NA,NA,NA,NA,NA,NA,16
"5383",7,13,1,"Hispanic",2,3,2,1,1,2,1,1,3,2,2,16
"5384",7,12,1,"Hispanic",2,2,2,1,3,2,3,2,2,3,2,16
"5385",7,13,1,"Hispanic",NA,NA,NA,NA,NA,NA,NA,NA,NA,NA,NA,16
"5386",7,12,0,"White",2,1,3,1,2,1,2,1,1,3,2,16
"5387",7,12,1,"Hispanic",3,3,3,2,2,2,3,2,3,3,3,16
"5388",NA,NA,NA,NA,NA,NA,NA,NA,NA,NA,NA,NA,NA,NA,NA,17
"5389",7,13,0,"White",3,3,3,3,2,2,3,3,3,3,3,17
"5390",9,15,0,"White",3,2,3,3,2,2,3,1,3,3,1,17
"5391",8,14,0,"White",3,1,3,2,2,3,3,2,2,3,3,17
"5392",8,14,0,"White",2,2,2,3,2,2,3,2,2,3,2,17
"5393",7,13,0,"Asian",2,2,3,2,3,3,3,2,2,2,2,17
"5394",9,16,0,"White",3,2,2,1,1,2,3,1,3,3,3,17
"5395",7,13,0,"White",3,3,3,3,2,3,3,3,3,3,3,17
"5396",7,13,0,"Black",3,2,2,2,1,2,3,1,1,3,2,17
"5397",8,14,0,"Other",2,2,2,2,2,2,3,1,2,2,2,17
"5398",7,13,0,"White",2,1,2,1,2,2,3,1,3,2,2,17
"5399",8,14,0,"Asian",2,2,3,2,2,3,3,2,2,3,2,17
"5400",9,15,0,"White",2,1,3,2,2,3,3,1,3,3,3,17
"5401",7,13,0,"White",3,2,2,3,3,2,1,3,1,3,2,17
"5402",9,13,0,"White",2,2,1,2,1,1,2,1,1,3,3,17
"5403",8,14,0,"White",2,2,3,2,3,2,3,2,3,3,3,17
"5404",8,13,0,"White",3,2,3,2,3,2,3,3,3,3,3,17
"5405",9,14,0,"White",3,3,3,3,3,1,3,3,1,3,3,17
"5406",8,14,0,"Asian",3,2,1,3,3,3,3,2,3,3,3,17
"5407",7,13,0,"White",3,2,2,2,3,2,3,3,3,3,3,17
"5408",8,13,0,"Other",2,3,3,3,3,1,3,2,3,3,3,17
"5409",9,14,0,"Asian",2,2,3,2,2,2,2,1,2,2,2,17
"5410",8,13,0,"White",2,1,3,2,3,1,3,2,1,3,3,17
"5411",7,12,0,"White",3,2,3,2,1,2,3,3,2,3,1,17
"5412",8,14,0,"White",2,1,3,1,1,1,2,2,2,3,2,17
"5413",8,14,0,"White",3,3,2,2,2,2,3,3,2,2,3,17
"5414",8,14,0,"Other",3,2,2,1,2,2,3,2,3,3,3,17
"5415",8,14,0,"Asian",3,2,3,3,2,2,3,2,3,2,2,17
"5416",9,15,0,"White",2,3,3,3,2,2,3,3,3,3,3,17
"5417",9,15,0,"White",3,2,3,2,3,2,3,3,3,3,2,17
"5418",7,13,0,"Hispanic",2,1,1,1,1,2,2,3,3,1,1,17
"5419",8,13,0,"Other",2,2,3,3,2,2,3,1,1,3,3,17
"5420",9,14,0,"White",2,1,1,3,1,2,3,1,2,3,3,17
"5421",8,14,0,"White",3,2,2,3,2,1,3,2,3,3,2,17
"5422",9,15,0,"White",2,2,2,2,2,2,3,2,3,3,3,17
"5423",9,15,0,"White",2,2,3,1,3,2,3,3,3,3,3,17
"5424",9,15,0,"White",2,1,2,2,1,1,2,1,3,2,2,17
"5425",8,14,0,"White",2,1,1,1,2,2,2,1,1,1,2,17
"5426",7,13,0,"White",2,2,2,2,2,2,3,2,2,2,3,17
"5427",7,12,0,"White",2,2,3,3,3,3,3,2,3,2,2,17
"5428",7,13,0,"White",2,2,2,3,2,1,3,1,2,2,2,17
"5429",8,14,0,"White",3,2,2,2,3,2,3,1,3,1,3,17
"5430",8,14,0,"White",2,2,2,3,2,2,3,3,3,2,2,17
"5431",7,13,0,"White",2,1,1,1,1,2,3,1,3,2,3,17
"5432",7,13,0,"White",1,1,3,2,3,2,2,1,3,2,1,17
"5433",8,14,0,"White",2,2,3,2,1,1,3,2,1,3,2,17
"5434",8,14,0,"Asian",3,3,3,3,3,3,2,3,3,3,2,17
"5435",8,13,0,"White",3,2,1,2,2,2,3,2,1,3,2,17
"5436",8,14,0,"White",3,2,2,3,1,2,3,2,2,3,3,17
"5437",9,14,0,"White",1,2,2,1,1,2,1,1,2,2,2,17
"5438",9,15,0,"Asian",2,3,3,2,2,2,2,2,2,2,2,17
"5439",8,13,0,"White",3,2,3,2,2,2,3,1,3,3,2,17
"5440",8,13,0,"White",1,2,1,2,1,1,3,1,3,2,1,17
"5441",8,14,0,"White",3,2,3,3,3,2,3,1,3,3,2,17
"5442",8,14,0,"Hispanic",2,3,1,2,1,1,2,2,1,3,1,17
"5443",8,14,0,"White",2,1,2,1,1,1,3,1,1,3,3,17
"5444",7,12,0,"White",1,2,2,2,2,2,2,1,1,2,2,17
"5445",9,15,0,"White",2,1,2,3,3,2,3,2,3,3,NA,17
"5446",7,12,0,"White",3,2,2,2,3,1,3,1,2,2,2,17
"5447",8,14,0,"White",3,2,3,3,2,3,3,1,2,3,2,17
"5448",7,13,0,"White",2,1,2,1,2,1,2,1,3,2,1,17
"5449",8,14,0,"Asian",2,1,2,3,2,2,3,2,2,3,3,17
"5450",9,15,0,"Black",3,2,2,3,1,2,2,1,1,2,2,17
"5451",7,13,0,"Other",3,2,3,2,3,2,3,1,3,2,3,17
"5452",7,13,0,"White",3,2,3,3,1,2,3,1,3,3,2,17
"5453",9,15,0,"Asian",3,2,3,3,3,3,3,2,3,1,3,17
"5454",8,14,0,"White",2,2,3,2,3,2,3,1,2,2,3,17
"5455",8,15,0,"Black",3,2,1,1,1,1,1,1,1,2,1,17
"5456",7,13,0,"White",3,2,2,3,2,2,3,2,3,2,3,17
"5457",8,14,0,"White",2,2,2,2,2,2,3,1,3,3,2,17
"5458",8,14,0,"White",3,2,3,3,2,3,3,2,2,3,3,17
"5459",8,14,0,"White",3,2,3,3,2,3,3,2,3,3,3,17
"5460",8,13,0,"White",3,3,1,3,2,2,3,3,1,2,2,17
"5461",9,15,0,"White",2,2,3,2,2,2,2,1,3,2,1,17
"5462",9,15,0,"White",3,2,1,2,2,2,3,2,2,3,2,17
"5463",8,13,0,"White",2,2,3,2,2,1,2,2,3,3,2,17
"5464",8,13,0,"White",1,1,2,1,2,1,3,1,3,1,2,17
"5465",8,14,0,"White",3,2,2,3,1,2,3,3,2,2,2,17
"5466",8,14,0,"White",1,2,2,2,2,3,3,2,3,2,2,17
"5467",9,15,0,"Black",2,2,2,2,1,2,2,1,2,2,1,17
"5468",7,13,0,"Hispanic",2,3,3,3,2,3,3,2,3,3,3,17
"5469",8,14,0,"White",3,2,3,1,1,1,2,1,1,2,2,17
"5470",8,14,0,"Asian",2,1,3,2,3,2,3,1,3,3,2,17
"5471",7,12,0,"White",2,2,2,3,1,1,3,3,3,2,3,17
"5472",8,14,0,"White",2,2,2,2,2,2,2,2,2,2,2,17
"5473",8,14,0,"Hispanic",3,2,2,2,2,2,3,1,2,2,3,17
"5474",8,14,0,"White",3,3,3,3,2,3,3,3,3,3,1,17
"5475",8,14,0,"Other",1,1,1,2,2,2,3,3,3,1,1,17
"5476",7,13,0,"White",3,1,2,2,2,3,3,2,1,3,3,17
"5477",9,15,0,"Asian",2,2,3,2,2,3,2,1,3,2,2,17
"5478",7,12,0,"White",2,2,3,3,2,2,3,2,3,3,3,17
"5479",8,13,0,"White",3,2,2,2,1,2,2,1,2,2,3,17
"5480",8,14,0,"Hispanic",2,3,3,2,2,2,3,1,3,3,2,17
"5481",8,13,0,"White",3,2,3,2,2,2,3,2,1,3,2,17
"5482",8,13,0,"White",3,2,2,3,2,1,2,1,2,1,3,17
"5483",9,15,0,"Asian",3,2,2,3,2,3,2,2,2,2,2,17
"5484",8,14,0,"Other",3,2,3,2,2,2,3,2,3,2,2,17
"5485",8,13,0,"White",2,1,3,2,2,1,3,1,3,2,2,17
"5486",8,14,0,"White",2,2,3,3,2,3,3,1,2,2,2,17
"5487",7,12,0,"Other",2,2,3,3,1,3,3,2,1,3,2,17
"5488",7,12,0,"White",2,1,3,2,1,1,3,1,1,2,2,17
"5489",9,14,0,"White",3,1,3,1,1,2,1,1,3,3,1,17
"5490",7,13,0,"Asian",2,3,2,2,3,3,3,1,1,2,2,17
"5491",8,13,0,"White",2,1,3,2,2,2,3,1,3,3,3,17
"5492",8,14,0,"White",1,1,1,1,2,1,3,1,3,2,2,17
"5493",8,14,0,"White",3,2,2,2,2,2,3,1,2,2,1,17
"5494",7,13,0,"White",1,1,2,1,2,1,3,1,1,1,1,17
"5495",7,13,0,"Asian",3,1,3,3,3,3,3,1,3,3,2,17
"5496",7,12,0,"White",3,1,3,1,3,3,3,3,2,3,3,17
"5497",9,15,0,"White",3,2,3,2,3,2,3,1,3,3,2,17
"5498",7,13,0,"Other",2,3,3,2,3,2,3,1,3,3,3,17
"5499",7,13,0,"Hispanic",2,1,3,2,2,1,3,3,3,3,3,17
"5500",7,13,0,"White",2,1,3,1,2,2,3,2,1,3,2,17
"5501",8,14,0,"White",2,2,3,2,2,2,2,2,2,2,2,17
"5502",7,13,0,"White",3,2,2,3,2,1,3,2,1,3,2,17
"5503",8,14,0,"White",2,1,3,2,1,1,1,1,2,2,1,17
"5504",7,13,0,"Asian",2,2,2,2,2,3,3,3,2,2,1,17
"5505",7,13,0,"White",3,2,2,2,3,3,1,2,3,2,1,17
"5506",7,13,0,"Asian",3,2,3,2,3,3,3,2,2,3,2,17
"5507",7,13,0,"White",1,2,2,2,1,2,1,2,2,2,3,17
"5508",7,13,0,"Black",2,2,2,2,2,2,1,1,2,3,1,17
"5509",7,12,0,"White",2,2,2,3,2,2,3,3,3,2,2,17
"5510",8,14,0,"White",3,1,2,2,3,2,3,2,3,3,2,17
"5511",9,14,0,"White",3,2,3,3,2,3,3,3,3,3,3,17
"5512",9,15,0,"White",3,1,3,3,1,2,3,1,3,3,3,17
"5513",7,13,0,"White",2,2,3,1,2,2,3,2,3,3,2,17
"5514",9,14,0,"Black",3,2,2,2,1,1,2,1,1,2,2,17
"5515",7,13,0,"White",2,1,2,3,3,2,2,2,3,3,2,17
"5516",7,13,0,"White",1,2,3,2,3,1,2,1,3,2,3,17
"5517",7,12,0,"White",3,2,3,2,1,2,3,1,3,2,2,17
"5518",9,15,0,"Black",3,2,1,2,1,1,2,1,1,1,2,17
"5519",7,12,0,"Asian",3,2,2,2,2,2,3,2,3,2,2,17
"5520",8,14,0,"White",3,2,2,3,2,3,3,3,2,3,3,17
"5521",8,14,0,"White",2,3,2,3,3,2,3,1,2,2,1,17
"5522",7,12,0,"White",3,2,1,2,1,1,2,1,1,1,1,17
"5523",9,14,0,"Other",1,2,1,2,2,1,2,1,2,2,3,17
"5524",7,12,0,"Other",2,2,2,2,2,2,2,2,2,2,3,17
"5525",7,13,0,"White",3,2,1,2,1,2,3,3,2,3,2,17
"5526",7,14,0,"Asian",3,2,2,2,2,2,3,2,2,2,3,17
"5527",7,13,0,NA,1,1,3,2,2,2,1,1,1,1,1,17
"5528",9,14,0,"White",1,1,1,2,2,2,2,1,2,3,3,17
"5529",9,14,0,"Other",2,3,3,3,3,2,3,2,2,3,2,17
"5530",7,13,0,"White",3,2,3,2,1,2,3,2,3,2,1,17
"5531",7,13,0,"White",2,1,1,1,1,1,1,1,3,1,2,17
"5532",7,13,0,"White",3,2,2,2,2,2,3,2,3,2,2,17
"5533",8,14,0,"Black",2,2,3,3,2,3,3,2,3,3,3,17
"5534",8,14,0,"White",1,1,1,1,1,1,1,1,2,2,1,17
"5535",8,14,0,"White",3,2,2,2,2,1,1,1,2,1,2,17
"5536",8,13,0,"White",3,2,3,2,2,2,3,2,2,2,2,17
"5537",9,16,0,"Black",2,2,1,2,1,1,1,1,3,2,2,17
"5538",7,12,0,"White",3,2,1,3,1,1,2,1,3,3,2,17
"5539",7,12,0,"White",2,3,3,3,2,2,3,2,3,3,3,17
"5540",9,15,0,"White",3,1,3,3,1,2,1,2,2,3,3,17
"5541",9,15,0,"Hispanic",3,2,3,1,2,1,3,1,2,3,1,17
"5542",9,14,0,"White",2,3,2,3,1,1,3,1,2,2,1,17
"5543",7,12,0,"Other",2,2,3,2,3,3,3,1,3,3,2,17
"5544",7,13,0,"White",2,2,3,2,1,3,3,1,3,1,2,17
"5545",7,13,0,"White",3,2,2,3,3,2,3,2,3,3,2,17
"5546",7,13,0,"Other",2,2,3,2,1,2,3,2,3,2,2,17
"5547",8,14,0,"Other",1,2,2,2,3,2,3,2,2,3,2,17
"5548",9,15,0,"White",3,2,1,3,1,3,3,3,2,2,1,17
"5549",7,12,0,"Hispanic",2,3,3,3,1,1,3,1,1,2,2,17
"5550",7,12,0,"Other",3,2,3,3,3,2,3,2,2,3,3,17
"5551",9,15,0,"Black",2,1,3,2,1,2,1,2,1,1,2,17
"5552",9,14,0,"White",3,2,3,2,1,2,2,1,3,2,1,17
"5553",7,12,0,"White",1,2,3,2,1,3,3,2,2,3,2,17
"5554",8,14,0,"Black",2,2,3,3,1,1,3,2,3,3,2,17
"5555",8,14,0,"White",3,2,3,2,2,1,3,1,3,3,2,17
"5556",7,12,0,"White",3,1,3,2,3,2,3,2,2,2,3,17
"5557",9,15,0,"White",3,2,2,2,2,2,3,2,3,3,3,17
"5558",7,13,0,"Hispanic",3,2,3,2,2,2,3,3,2,2,2,17
"5559",7,13,0,"Asian",2,1,3,2,1,3,2,2,3,3,1,17
"5560",7,13,0,"Asian",3,2,3,2,3,3,3,2,3,3,1,17
"5561",8,13,0,"Other",3,1,3,2,3,1,3,2,3,2,3,17
"5562",NA,NA,NA,NA,NA,NA,NA,NA,NA,NA,NA,NA,NA,NA,NA,17
"5563",9,15,0,"Other",1,2,3,3,2,2,3,2,1,2,2,17
"5564",7,12,0,"White",3,3,2,3,2,3,3,3,2,3,2,17
"5565",6,12,0,"White",3,2,3,3,3,2,3,2,3,2,2,17
"5566",6,12,0,"Other",3,2,3,2,2,3,3,2,2,2,3,17
"5567",6,11,0,"White",3,1,3,2,2,2,3,2,1,3,3,17
"5568",6,11,0,"White",3,2,3,2,1,2,3,1,2,3,2,17
"5569",6,11,0,"White",3,2,3,3,2,3,3,1,3,3,3,17
"5570",6,12,0,"White",3,2,2,3,1,2,3,1,3,3,1,17
"5571",6,12,0,"White",3,2,3,2,3,2,3,2,3,3,3,17
"5572",6,12,0,"White",3,3,3,3,2,3,3,2,3,3,3,17
"5573",6,11,0,"White",3,2,3,3,3,3,3,2,3,3,3,17
"5574",6,12,0,"Other",3,3,3,3,1,2,3,1,3,1,1,17
"5575",6,12,0,"White",3,2,2,3,2,2,3,2,2,2,1,17
"5576",6,11,0,"Other",3,2,3,2,1,2,3,1,1,3,3,17
"5577",6,12,0,"White",3,2,1,3,3,2,3,3,3,2,2,17
"5578",6,12,0,"Hispanic",2,2,3,2,3,3,3,1,2,2,3,17
"5579",6,12,0,"White",2,1,2,3,1,3,3,2,2,3,3,17
"5580",6,12,0,"White",2,2,3,2,1,2,3,1,2,3,2,17
"5581",6,12,0,"White",2,2,3,3,1,3,3,2,2,3,3,17
"5582",6,11,0,"White",3,2,3,3,3,2,3,2,2,3,2,17
"5583",6,11,0,"White",2,2,3,3,3,2,2,2,1,3,3,17
"5584",6,12,0,"Other",3,2,2,3,2,3,3,1,2,2,3,17
"5585",6,11,0,"White",2,2,2,2,3,1,3,1,2,2,2,17
"5586",6,11,0,"White",3,3,2,3,2,2,3,3,2,2,2,17
"5587",6,11,0,"White",1,1,3,2,3,1,2,1,3,3,3,17
"5588",6,12,0,"White",3,1,2,2,3,2,3,3,3,3,3,17
"5589",6,12,0,"White",2,3,3,2,3,2,2,2,3,3,3,17
"5590",6,12,0,"White",2,2,3,3,3,2,3,1,2,3,2,17
"5591",6,12,0,"White",1,2,1,3,3,2,3,2,2,3,2,17
"5592",6,12,0,"White",3,2,3,1,2,3,3,3,3,3,2,17
"5593",6,12,0,"White",1,1,3,1,1,2,2,1,3,2,1,17
"5594",6,12,0,"White",3,2,3,2,3,3,3,2,3,3,2,17
"5595",6,11,0,"White",2,1,3,1,2,1,3,1,1,2,2,17
"5596",6,11,0,"Other",2,2,3,1,1,2,3,1,2,2,2,17
"5597",6,12,0,"White",2,1,2,2,1,2,3,2,2,2,2,17
"5598",6,12,0,"White",3,2,2,2,2,2,3,1,3,2,3,17
"5599",6,12,0,"White",2,2,3,2,2,2,2,1,3,2,3,17
"5600",6,12,0,"White",2,1,2,1,2,2,3,1,2,2,2,17
"5601",6,11,0,"White",2,3,3,3,3,2,3,2,3,3,3,17
"5602",6,12,0,"White",2,2,3,3,2,2,3,1,3,3,3,17
"5603",6,11,0,"White",3,3,2,2,2,3,3,3,2,2,1,17
"5604",6,12,0,"White",3,2,3,3,2,2,3,1,3,3,3,17
"5605",6,11,0,"White",3,1,3,1,1,1,3,1,2,1,3,17
"5606",6,12,0,"Other",2,1,2,1,3,2,3,1,1,2,2,17
"5607",6,12,0,"Asian",3,2,2,2,3,2,3,2,3,2,1,17
"5608",6,12,0,"White",3,2,2,2,2,3,3,2,3,2,2,17
"5609",6,12,0,"White",2,2,1,2,2,2,3,1,1,1,2,17
"5610",6,11,0,"Other",2,2,3,3,2,3,3,2,2,3,3,17
"5611",6,12,0,"White",1,1,3,2,1,1,3,1,1,2,2,17
"5612",6,12,0,"White",3,1,3,1,2,2,3,2,2,3,3,17
"5613",6,12,0,"Other",3,2,3,2,2,3,3,2,3,2,2,17
"5614",6,12,0,"White",3,2,3,3,3,2,3,2,3,3,3,17
"5615",6,12,0,"Asian",2,1,2,2,2,2,3,1,1,3,2,17
"5616",6,12,0,"White",3,2,3,3,2,2,3,2,2,3,2,17
"5617",6,11,0,"White",2,2,3,1,2,1,2,1,2,3,2,17
"5618",6,12,0,"White",3,2,2,2,2,2,3,2,3,2,3,17
"5619",6,11,0,"Asian",3,2,3,3,2,3,3,NA,2,3,2,17
"5620",6,12,0,"White",3,2,2,3,3,2,2,2,3,2,2,17
"5621",NA,NA,NA,NA,NA,NA,NA,NA,NA,NA,NA,NA,NA,NA,NA,17
"5622",8,14,0,"Other",NA,NA,NA,NA,NA,NA,NA,NA,NA,NA,NA,17
"5623",8,14,0,NA,NA,NA,NA,NA,NA,NA,NA,NA,NA,NA,NA,17
"5624",7,12,0,"Other",NA,NA,NA,NA,NA,NA,NA,NA,NA,NA,NA,17
"5625",7,12,0,"Other",NA,NA,NA,NA,NA,NA,NA,NA,NA,NA,NA,17
"5626",7,13,0,"White",NA,NA,NA,NA,NA,NA,NA,NA,NA,NA,NA,17
"5627",7,12,0,"White",NA,NA,NA,NA,NA,NA,NA,NA,NA,NA,NA,17
"5628",11,16,NA,NA,NA,NA,NA,NA,NA,NA,NA,NA,NA,NA,NA,17
"5629",7,13,0,"White",1,2,3,2,3,2,3,3,3,2,1,17
"5630",7,13,0,"White",NA,NA,NA,NA,NA,NA,NA,NA,NA,NA,NA,17
"5631",9,15,0,"White",3,2,3,2,3,2,3,2,3,3,2,17
"5632",7,13,0,"White",2,2,3,2,2,2,3,1,3,2,2,17
"5633",7,13,0,"White",NA,NA,NA,NA,NA,NA,NA,NA,NA,NA,NA,17
"5634",8,14,0,"Asian",2,2,2,2,2,2,3,1,2,2,2,17
"5635",NA,NA,NA,NA,NA,NA,NA,NA,NA,NA,NA,NA,NA,NA,NA,17
"5636",NA,NA,NA,NA,NA,NA,NA,NA,NA,NA,NA,NA,NA,NA,NA,17
"5637",NA,NA,NA,NA,NA,NA,NA,NA,NA,NA,NA,NA,NA,NA,NA,17
"5638",6,12,0,"White",NA,NA,NA,NA,NA,NA,NA,NA,NA,NA,NA,17
"5639",NA,NA,NA,NA,NA,NA,NA,NA,NA,NA,NA,NA,NA,NA,NA,17
"5640",6,12,0,"White",2,2,3,3,3,2,3,1,3,3,1,17
"5641",6,11,0,"White",2,2,2,2,1,1,3,1,3,2,3,17
"5642",6,12,0,"White",NA,NA,NA,NA,NA,NA,NA,NA,NA,NA,NA,17
"5643",6,12,0,"White",2,1,2,2,1,2,3,1,3,1,1,17
"5644",6,11,0,"White",2,1,3,3,2,2,3,3,3,3,3,17
"5645",6,12,0,"White",3,2,3,3,3,2,3,3,2,3,3,17
"5646",NA,NA,NA,NA,NA,NA,NA,NA,NA,NA,NA,NA,NA,NA,NA,17
"5647",NA,NA,NA,NA,NA,NA,NA,NA,NA,NA,NA,NA,NA,NA,NA,17
"5648",NA,NA,NA,NA,NA,NA,NA,NA,NA,NA,NA,NA,NA,NA,NA,18
"5649",8,14,1,"Hispanic",2,1,3,2,2,2,3,2,2,3,3,18
"5650",8,13,1,"Hispanic",2,2,2,2,1,3,3,3,3,3,3,18
"5651",8,13,0,"Hispanic",1,2,1,1,1,1,1,2,1,2,1,18
"5652",8,14,0,"Hispanic",2,2,1,1,1,1,2,3,1,2,2,18
"5653",8,13,1,"Hispanic",3,2,3,2,3,2,2,3,1,3,3,18
"5654",8,14,1,"Hispanic",3,3,3,2,3,1,3,2,1,3,1,18
"5655",8,13,0,"Hispanic",1,2,2,1,1,2,2,2,1,3,2,18
"5656",8,14,0,"White",2,1,1,1,1,2,1,1,1,1,2,18
"5657",8,14,0,"Other",1,1,1,1,1,1,2,1,1,1,1,18
"5658",8,14,0,"White",1,1,2,1,1,1,1,1,1,1,1,18
"5659",8,14,1,"Hispanic",2,1,2,3,1,3,2,1,2,3,2,18
"5660",8,13,1,"Other",3,2,2,2,1,1,3,3,3,1,2,18
"5661",8,14,1,"Other",3,2,2,2,1,1,3,3,3,1,2,18
"5662",8,14,1,"Hispanic",3,2,3,3,2,2,3,3,3,3,2,18
"5663",8,13,1,"Hispanic",3,2,3,2,1,2,3,2,3,3,2,18
"5664",8,13,1,"Hispanic",3,2,3,2,2,1,3,2,2,2,3,18
"5665",8,13,1,"Hispanic",3,3,3,3,2,2,2,3,2,3,2,18
"5666",8,14,1,"Hispanic",3,1,3,3,1,3,3,1,3,3,2,18
"5667",8,14,1,"Hispanic",2,2,3,2,1,2,3,2,2,1,2,18
"5668",8,14,1,"Hispanic",2,1,2,2,2,2,3,1,1,2,1,18
"5669",8,14,1,"White",1,1,2,1,3,1,2,2,2,3,1,18
"5670",8,13,0,"White",3,3,3,3,2,2,3,1,3,3,2,18
"5671",8,13,0,"Hispanic",3,1,1,2,3,1,2,2,3,2,3,18
"5672",8,14,0,"Other",1,2,1,2,1,2,3,1,2,1,1,18
"5673",8,13,0,"Black",1,1,1,1,1,1,1,1,1,1,1,18
"5674",8,14,0,"Hispanic",1,1,1,1,1,1,1,1,1,1,1,18
"5675",8,14,1,"Black",1,1,1,2,2,2,3,3,3,2,3,18
"5676",8,13,0,"Other",2,2,3,3,2,3,3,3,1,2,2,18
"5677",8,13,1,"Hispanic",2,2,3,2,3,2,3,3,2,2,2,18
"5678",8,13,1,"Hispanic",3,3,3,3,2,3,3,1,1,3,1,18
"5679",8,14,1,"Hispanic",3,2,2,2,1,1,2,1,2,2,2,18
"5680",8,14,1,"Hispanic",2,2,1,1,1,1,2,1,3,1,1,18
"5681",8,13,1,"Hispanic",2,1,1,1,1,1,1,1,3,1,1,18
"5682",8,13,0,"Hispanic",1,1,1,1,1,1,1,1,1,1,1,18
"5683",8,13,0,"White",2,2,3,2,1,1,3,1,1,1,1,18
"5684",8,14,0,"Black",2,3,1,3,2,1,3,1,1,3,3,18
"5685",8,14,0,"Hispanic",1,1,2,1,1,2,1,1,3,1,1,18
"5686",8,13,1,"White",1,2,3,3,2,1,3,3,3,3,2,18
"5687",8,13,0,"White",2,1,3,3,2,1,3,1,2,1,3,18
"5688",8,13,1,"Other",1,1,1,1,2,1,2,1,1,2,1,18
"5689",8,13,1,"Other",1,2,1,2,1,2,2,1,1,2,1,18
"5690",8,13,0,"Black",1,2,2,3,2,2,3,1,1,2,1,18
"5691",8,13,1,"Other",2,3,2,2,1,1,3,2,2,3,NA,18
"5692",8,13,0,"White",2,1,1,2,2,1,3,1,3,1,2,18
"5693",7,13,1,"Other",2,2,3,1,3,3,3,3,2,2,2,18
"5694",7,13,1,"Hispanic",3,3,3,3,3,3,3,3,2,2,2,18
"5695",7,12,1,"Black",3,2,2,1,1,1,1,1,1,2,2,18
"5696",7,13,1,"Asian",1,1,3,2,3,1,2,1,1,2,3,18
"5697",7,13,0,"Hispanic",2,2,2,2,2,2,2,1,2,3,2,18
"5698",7,12,0,"Hispanic",2,1,2,2,1,2,3,2,1,3,2,18
"5699",7,12,0,"Hispanic",1,2,2,2,2,2,2,1,2,2,1,18
"5700",7,12,0,"Hispanic",1,2,1,2,1,1,2,1,2,1,2,18
"5701",7,13,0,"Black",2,3,1,3,2,3,3,1,1,3,3,18
"5702",7,12,0,"Black",2,3,3,3,2,3,3,1,1,3,3,18
"5703",7,13,0,"Hispanic",2,3,2,3,1,3,1,1,1,2,3,18
"5704",7,13,1,"White",1,1,2,1,2,1,2,1,1,1,1,18
"5705",7,12,1,"Hispanic",1,1,1,1,1,2,2,1,3,2,1,18
"5706",7,12,1,"Other",3,2,3,3,3,3,3,2,3,2,3,18
"5707",7,12,1,"Hispanic",2,1,2,3,2,3,3,3,3,2,1,18
"5708",7,12,0,"Other",2,1,3,1,2,2,2,3,3,3,1,18
"5709",7,12,1,"Hispanic",2,1,3,1,1,2,3,3,2,3,2,18
"5710",7,13,1,"Asian",2,2,2,1,1,2,3,2,1,1,3,18
"5711",12,13,0,"Asian",2,3,1,2,2,1,2,2,3,1,1,18
"5712",7,13,0,"White",3,2,3,2,3,3,3,1,3,1,2,18
"5713",7,13,1,"Hispanic",2,1,3,3,3,2,3,3,2,3,3,18
"5714",7,12,1,"Black",3,2,3,1,2,1,2,2,3,3,2,18
"5715",7,12,0,"Hispanic",1,3,3,2,1,2,2,1,1,NA,1,18
"5716",7,12,0,"White",1,3,3,1,1,1,1,1,2,2,1,18
"5717",7,13,0,"Other",1,1,1,1,2,1,2,1,2,1,1,18
"5718",7,12,1,"Hispanic",1,1,3,1,1,2,1,1,3,2,1,18
"5719",7,12,1,"Other",3,2,3,3,2,2,3,2,2,3,3,18
"5720",7,12,1,"Hispanic",1,1,3,2,2,2,3,3,2,3,3,18
"5721",7,13,0,"Hispanic",3,3,3,3,2,3,3,3,3,3,3,18
"5722",7,13,1,"Hispanic",3,2,3,3,2,2,3,3,2,3,3,18
"5723",7,12,1,NA,3,1,3,3,3,2,2,3,3,2,3,18
"5724",7,12,0,"Hispanic",3,2,3,2,1,1,3,2,1,2,2,18
"5725",7,12,1,"Black",2,2,3,2,2,2,2,2,3,2,2,18
"5726",7,12,0,"Other",3,2,3,2,3,2,3,3,3,3,2,18
"5727",7,13,0,"Hispanic",2,2,3,3,2,2,3,2,3,3,2,18
"5728",7,12,0,"Hispanic",2,1,3,3,1,3,NA,3,2,3,2,18
"5729",7,12,1,"White",3,2,3,2,2,2,3,2,2,3,1,18
"5730",7,13,0,"Hispanic",2,1,3,1,1,2,3,1,3,1,2,18
"5731",6,11,1,"Black",3,2,3,2,3,2,3,3,3,2,3,18
"5732",6,11,0,"Hispanic",2,2,3,3,1,1,2,1,3,1,2,18
"5733",6,12,1,"Asian",1,1,1,2,2,1,2,1,3,1,1,18
"5734",6,12,1,"Other",1,1,1,2,2,1,2,1,3,3,1,18
"5735",6,11,1,"Hispanic",2,1,3,1,3,2,2,2,3,3,2,18
"5736",6,12,1,"Hispanic",3,2,3,3,3,3,3,2,2,3,2,18
"5737",6,12,1,"Hispanic",1,1,2,2,1,2,1,3,1,3,1,18
"5738",6,12,0,"Hispanic",2,3,2,3,2,3,2,3,2,3,2,18
"5739",6,11,0,"Hispanic",2,3,2,3,2,3,2,3,2,3,2,18
"5740",6,12,1,"Hispanic",2,1,3,2,2,1,3,3,1,2,3,18
"5741",6,11,0,"Hispanic",2,1,3,3,3,1,2,3,2,2,1,18
"5742",6,11,0,"Hispanic",1,1,3,2,2,1,2,2,1,2,3,18
"5743",6,11,1,"White",2,1,1,1,1,1,2,1,2,2,1,18
"5744",6,12,1,"White",2,1,2,2,1,1,2,1,2,3,1,18
"5745",6,11,1,"Hispanic",2,1,1,1,1,1,2,1,2,2,1,18
"5746",6,11,1,"Black",3,2,2,2,2,2,3,3,2,3,1,18
"5747",6,12,0,"Black",1,1,3,1,1,2,3,2,1,3,3,18
"5748",6,12,0,"Other",3,2,3,2,3,2,2,3,3,2,2,18
"5749",6,12,1,"White",2,2,2,3,2,2,3,3,2,1,2,18
"5750",6,11,1,"Asian",3,2,2,3,2,2,2,3,2,2,1,18
"5751",6,11,1,"White",2,3,2,3,3,2,2,3,1,2,1,18
"5752",6,11,0,"Hispanic",2,1,2,2,1,3,2,1,3,2,2,18
"5753",6,11,0,"Other",2,1,3,3,2,3,3,2,1,3,2,18
"5754",6,11,1,"Other",3,2,3,3,2,3,3,3,3,3,3,18
"5755",6,11,1,"Black",3,2,3,2,3,2,3,2,2,2,3,18
"5756",6,12,0,"Other",2,2,3,2,3,2,3,1,2,2,2,18
"5757",6,11,1,"Asian",3,2,2,3,2,3,2,3,3,3,3,18
"5758",6,12,0,"Black",3,2,3,3,2,3,3,2,3,3,3,18
"5759",6,12,0,"Black",3,1,3,3,3,3,2,1,2,3,1,18
"5760",6,11,1,"White",3,2,3,3,3,3,3,3,3,3,3,18
"5761",6,11,1,"White",2,3,2,1,2,2,3,1,3,2,2,18
"5762",6,12,1,"Hispanic",2,2,2,1,2,3,1,2,3,1,1,18
"5763",6,12,1,"Hispanic",3,1,2,1,1,3,2,1,2,3,2,18
"5764",6,12,1,"Other",3,2,3,3,2,1,2,3,3,3,2,18
"5765",6,11,1,"Hispanic",2,1,2,1,1,3,2,1,2,2,1,18
"5766",6,12,1,"Hispanic",2,NA,3,1,1,2,3,1,1,2,3,18
"5767",6,12,0,NA,3,2,3,2,2,1,3,1,3,2,2,18
"5768",6,12,0,"Hispanic",3,2,3,3,3,1,3,2,3,2,3,18
"5769",6,12,0,"Hispanic",2,1,2,1,1,1,2,1,1,2,2,18
"5770",6,11,0,"Black",NA,NA,NA,NA,NA,NA,2,NA,NA,2,NA,18
"5771",6,11,1,"Other",NA,NA,NA,NA,NA,NA,NA,NA,NA,NA,NA,18
"5772",6,11,0,"Other",3,2,3,1,2,NA,3,1,3,3,3,18
"5773",6,11,0,"Asian",1,3,1,1,1,1,1,1,1,1,1,18
"5774",6,11,1,"Black",3,2,3,1,2,3,3,3,2,3,3,18
"5775",6,12,1,"Hispanic",1,2,3,1,1,3,1,NA,1,1,3,18
"5776",6,11,0,"Hispanic",3,1,2,2,2,3,3,1,3,3,3,18
"5777",6,12,0,"Hispanic",1,2,2,2,2,2,2,1,2,3,2,18
"5778",6,11,0,"Other",3,2,3,1,2,3,1,1,3,2,1,18
"5779",6,11,0,"White",3,2,2,2,2,3,3,1,3,1,3,18
"5780",6,11,0,"Hispanic",3,2,3,3,3,3,3,1,2,3,2,18
"5781",6,12,0,"Black",3,1,3,1,2,1,3,1,2,1,2,18
"5782",6,12,0,"Hispanic",2,2,3,2,2,2,3,1,3,3,2,18
"5783",6,11,0,"Hispanic",2,2,3,2,2,2,3,1,2,2,2,18
"5784",6,11,1,"Hispanic",NA,NA,NA,NA,NA,NA,NA,NA,NA,NA,NA,18
"5785",6,11,1,"Hispanic",2,2,2,3,1,2,2,2,1,1,1,18
"5786",6,11,0,"Hispanic",2,2,2,3,3,1,3,2,3,3,2,18
"5787",6,12,0,"Black",3,1,3,1,2,1,3,1,2,1,2,18
"5788",6,11,1,"Hispanic",3,1,3,3,1,3,2,1,1,1,1,18
"5789",7,NA,NA,NA,NA,NA,NA,NA,NA,NA,NA,NA,NA,NA,NA,18
"5790",8,14,1,"Hispanic",NA,NA,NA,NA,NA,NA,NA,NA,NA,NA,NA,18
"5791",8,14,0,"Black",1,1,2,1,1,2,1,1,1,1,1,18
"5792",8,13,1,"Other",NA,NA,NA,NA,NA,NA,NA,NA,NA,NA,NA,18
"5793",6,12,1,"Hispanic",3,3,3,3,3,3,3,3,3,3,3,18
"5794",NA,NA,NA,NA,NA,NA,NA,NA,NA,NA,NA,NA,NA,NA,NA,18
"5795",6,12,1,"Hispanic",3,2,3,3,3,3,3,2,3,3,1,18
"5796",6,12,0,"Hispanic",2,2,2,2,1,3,1,1,3,2,2,18
"5797",11,16,0,"Black",2,1,3,1,1,1,3,1,3,1,1,19
"5798",12,17,0,"White",1,1,1,1,1,1,1,1,1,2,1,19
"5799",11,16,0,"Hispanic",2,1,2,2,3,1,2,1,1,2,2,19
"5800",12,19,1,"Hispanic",2,2,2,3,2,2,2,2,2,2,2,19
"5801",11,18,1,"Black",3,1,2,2,2,2,3,2,2,3,1,19
"5802",12,17,0,"Other",2,1,2,2,1,1,2,1,3,2,3,19
"5803",12,17,1,"White",3,3,2,3,3,2,3,2,1,2,1,19
"5804",12,17,1,"Other",2,2,3,2,2,2,3,3,2,2,2,19
"5805",12,17,0,"Hispanic",2,1,2,2,2,2,3,1,2,2,2,19
"5806",11,16,0,"Other",1,2,1,1,1,1,1,1,1,1,1,19
"5807",10,15,0,"Black",1,1,1,1,1,1,2,1,2,2,3,19
"5808",12,16,0,"Black",2,2,2,2,2,1,3,1,1,2,2,19
"5809",12,17,1,"Black",1,2,3,NA,1,1,1,1,3,1,3,19
"5810",11,17,1,NA,2,1,2,2,2,1,2,2,3,2,2,19
"5811",11,16,1,"Hispanic",2,2,2,2,3,1,1,1,3,NA,2,19
"5812",10,16,1,"Black",2,1,3,3,1,1,3,3,2,1,2,19
"5813",12,17,0,"Other",3,2,3,2,2,1,3,1,1,1,3,19
"5814",12,17,1,"Hispanic",1,2,2,2,1,1,3,1,2,2,2,19
"5815",12,18,0,"Hispanic",2,1,3,2,1,2,1,1,1,1,2,19
"5816",12,18,0,"Hispanic",2,3,2,2,2,1,1,2,1,2,1,19
"5817",10,16,1,"White",2,2,3,2,2,3,3,2,3,3,2,19
"5818",10,15,1,"White",2,1,3,3,2,1,3,2,3,2,2,19
"5819",10,16,0,"Black",1,1,1,1,1,1,2,1,2,1,2,19
"5820",12,17,0,"Black",2,1,2,2,1,1,3,2,2,2,1,19
"5821",10,NA,0,"Hispanic",1,3,2,3,1,1,3,1,3,1,3,19
"5822",11,17,0,"Black",1,1,3,2,1,1,3,1,1,2,1,19
"5823",11,16,1,"Other",3,1,3,1,1,2,1,1,3,2,1,19
"5824",11,16,0,"Hispanic",1,1,3,1,1,2,2,1,2,3,2,19
"5825",11,16,0,"Other",3,1,1,1,1,2,2,2,2,2,1,19
"5826",11,16,0,"Other",3,2,3,2,1,2,3,2,3,2,1,19
"5827",11,16,1,"Hispanic",2,1,2,3,2,2,3,2,3,3,2,19
"5828",12,16,1,"Black",3,1,3,1,1,1,1,1,1,2,1,19
"5829",10,16,0,"Hispanic",2,1,2,2,1,1,1,1,2,1,2,19
"5830",10,15,0,"Hispanic",1,2,2,1,1,2,2,1,2,2,2,19
"5831",12,17,1,"Black",3,2,3,2,2,2,2,2,2,2,2,19
"5832",12,17,0,"Black",2,2,1,1,2,2,3,1,2,2,2,19
"5833",11,16,1,"Black",2,1,3,1,1,2,1,1,3,3,2,19
"5834",10,15,1,"Black",2,2,3,3,2,2,3,2,1,3,3,19
"5835",11,17,0,"White",2,3,3,3,2,2,3,3,3,3,2,19
"5836",NA,NA,NA,NA,NA,NA,NA,NA,NA,NA,NA,NA,NA,NA,NA,19
"5837",12,19,1,"Hispanic",NA,NA,NA,NA,NA,NA,NA,NA,NA,NA,NA,19
"5838",11,18,1,"Black",NA,NA,NA,NA,NA,NA,NA,NA,NA,NA,NA,19
"5839",7,13,1,"White",3,3,3,3,2,2,3,3,2,3,2,20
"5840",7,13,0,"White",2,3,2,3,3,2,3,2,3,1,2,20
"5841",8,14,0,"White",3,3,3,3,2,3,3,3,3,3,3,20
"5842",7,13,0,"Other",3,1,3,3,1,2,2,1,3,1,1,20
"5843",8,14,1,"White",3,3,3,3,3,3,3,3,2,3,3,20
"5844",7,12,0,"White",2,3,3,3,3,2,2,3,2,3,3,20
"5845",7,13,0,"White",2,3,2,3,1,2,3,3,2,2,2,20
"5846",7,12,0,"White",2,2,2,2,2,2,3,2,2,2,1,20
"5847",6,13,0,"White",2,2,3,2,1,1,2,1,1,2,2,20
"5848",7,12,0,"White",3,2,3,2,2,2,2,1,3,2,2,20
"5849",8,13,0,"White",3,2,3,3,1,3,3,3,2,3,3,20
"5850",8,13,1,NA,1,1,1,1,1,1,1,1,1,1,1,20
"5851",7,12,0,"White",NA,NA,NA,NA,NA,NA,NA,NA,NA,NA,NA,20
"5852",8,14,0,"White",1,1,2,2,1,2,3,2,3,2,2,20
"5853",8,14,0,"White",1,1,1,2,1,1,3,1,3,1,1,20
"5854",8,13,0,"White",1,1,1,2,1,1,1,1,3,2,1,20
"5855",8,13,0,"White",3,1,1,1,1,1,2,1,1,3,2,20
"5856",8,14,0,"White",2,2,3,2,2,2,3,1,3,2,2,20
"5857",8,13,1,"White",3,2,2,3,3,2,3,3,3,3,3,20
"5858",12,10,0,"Other",3,3,3,3,3,3,3,NA,3,3,3,20
"5859",8,14,1,"White",2,2,2,2,2,1,3,2,3,2,2,20
"5860",8,14,1,"White",2,2,2,1,2,3,3,2,1,3,3,20
"5861",8,13,0,"White",3,2,3,2,2,2,2,2,2,2,2,20
"5862",8,13,1,"White",3,2,3,3,2,2,3,3,3,3,3,20
"5863",8,13,0,"White",1,1,1,1,1,1,3,3,2,1,1,20
"5864",8,13,1,"White",3,3,3,3,2,2,3,3,2,3,2,20
"5865",8,14,1,"White",2,2,3,3,2,2,3,3,2,3,3,20
"5866",8,13,0,"Asian",2,3,2,2,3,2,2,3,3,3,2,20
"5867",8,13,1,"White",2,2,2,2,1,2,2,1,2,2,2,20
"5868",8,13,1,"Other",2,2,3,2,2,1,3,2,2,1,2,20
"5869",8,13,0,"White",2,1,2,1,2,1,2,1,3,3,3,20
"5870",8,13,0,"White",3,2,2,2,1,1,1,1,3,2,2,20
"5871",8,14,0,"White",3,2,2,2,2,2,2,1,2,2,2,20
"5872",8,14,1,"Hispanic",3,3,2,1,2,1,2,3,1,1,2,20
"5873",8,13,0,"White",2,2,3,2,2,3,3,2,3,2,2,20
"5874",8,14,0,"White",2,2,3,1,2,1,2,1,3,3,1,20
"5875",8,14,1,"Other",3,2,3,3,2,3,3,3,3,3,3,20
"5876",7,NA,NA,NA,NA,NA,NA,NA,NA,NA,NA,NA,NA,NA,NA,20
"5877",NA,NA,NA,NA,NA,NA,NA,NA,NA,NA,NA,NA,NA,NA,NA,20
"5878",7,12,0,"White",NA,NA,NA,NA,NA,NA,NA,NA,NA,NA,NA,20
"5879",7,12,0,"White",NA,NA,NA,NA,NA,NA,NA,NA,NA,NA,NA,20
"5880",8,13,1,"Hispanic",1,1,1,1,1,2,3,1,2,1,1,20
"5881",8,13,1,NA,NA,NA,NA,NA,NA,NA,NA,NA,NA,NA,NA,20
"5882",NA,NA,NA,NA,NA,NA,NA,NA,NA,NA,NA,NA,NA,NA,NA,20
"5883",8,13,0,"White",NA,NA,NA,NA,NA,NA,NA,NA,NA,NA,NA,20
"5884",8,14,0,"Other",3,2,2,2,1,2,3,1,1,2,2,20
"5885",12,22,0,"Other",NA,NA,NA,NA,NA,NA,NA,NA,NA,NA,NA,20
"5886",8,14,0,"White",NA,NA,NA,NA,NA,NA,NA,NA,NA,NA,NA,20
"5887",8,14,0,"White",2,3,2,2,2,3,3,1,1,3,2,20
"5888",NA,NA,NA,NA,NA,NA,NA,NA,NA,NA,NA,NA,NA,NA,NA,20
"5889",9,22,1,"Other",NA,NA,NA,NA,NA,NA,NA,NA,NA,NA,NA,20
"5890",8,13,1,"White",3,2,2,2,2,3,2,2,3,2,2,20
"5891",NA,NA,NA,NA,NA,NA,NA,NA,NA,NA,NA,NA,NA,NA,NA,20
"5892",12,17,0,"White",1,1,1,1,1,2,1,1,1,1,1,21
"5893",12,17,1,"White",3,2,3,3,2,2,3,3,3,3,3,21
"5894",11,16,1,"Asian",2,2,3,1,1,1,3,1,2,3,3,21
"5895",12,18,0,"White",1,2,1,2,1,2,2,2,2,2,1,21
"5896",12,18,1,"White",2,2,2,3,2,1,3,2,3,3,3,21
"5897",8,13,1,"Asian",2,1,1,1,1,1,2,1,1,1,1,21
"5898",12,19,1,"White",2,2,3,3,2,2,3,2,3,3,3,21
"5899",11,16,0,"White",1,1,1,2,1,1,2,1,1,2,1,21
"5900",12,17,1,"White",2,1,3,3,1,1,3,3,3,3,3,21
"5901",10,15,0,"White",2,2,2,2,2,1,2,NA,2,2,2,21
"5902",11,17,1,"Hispanic",3,2,3,2,3,3,3,2,1,3,3,21
"5903",11,16,1,"White",3,2,3,3,3,3,3,3,1,3,3,21
"5904",11,18,0,"White",1,1,1,1,1,1,2,1,2,2,1,21
"5905",11,16,1,"White",3,3,3,3,2,3,3,NA,3,3,3,21
"5906",11,17,1,"White",3,2,3,3,2,2,3,2,3,3,3,21
"5907",12,18,1,"White",1,3,1,2,1,1,1,1,1,1,1,21
"5908",11,16,0,"White",1,1,1,1,1,1,1,1,1,1,1,21
"5909",11,16,0,"White",2,2,1,2,1,1,1,1,1,3,3,21
"5910",11,16,0,"White",2,1,2,2,2,2,2,1,2,2,2,21
"5911",12,18,1,"White",3,2,3,3,2,3,3,2,2,3,2,21
"5912",12,18,1,"White",2,2,3,3,2,2,2,2,2,2,2,21
"5913",12,17,1,"White",3,2,3,3,1,3,3,3,3,3,3,21
"5914",12,17,0,"White",2,1,3,2,1,2,3,1,1,2,3,21
"5915",12,18,1,"White",2,2,3,2,2,2,2,2,2,3,3,21
"5916",12,17,1,"White",2,2,3,3,3,2,3,3,1,3,3,21
"5917",11,17,0,"White",2,2,1,1,1,1,1,1,1,1,1,21
"5918",12,18,0,"White",3,2,1,1,1,1,3,1,1,2,1,21
"5919",12,17,0,"White",1,2,1,2,1,1,2,1,1,2,1,21
"5920",12,18,1,"White",2,2,2,3,3,2,3,2,2,2,2,21
"5921",12,18,0,"White",2,2,2,2,3,2,3,3,3,3,3,21
"5922",12,17,0,"White",2,2,1,2,1,2,2,1,2,1,2,21
"5923",11,16,1,"White",2,3,3,3,2,2,3,2,2,3,3,21
"5924",12,17,0,"Black",3,2,1,3,1,1,2,2,1,3,3,21
"5925",12,18,0,"White",1,1,2,1,1,1,2,1,2,2,1,21
"5926",10,15,1,"White",1,3,2,3,2,1,3,3,2,2,1,21
"5927",12,18,1,"White",3,1,2,1,1,1,2,1,2,1,1,21
"5928",10,15,0,"White",1,3,2,1,1,1,1,1,1,1,2,21
"5929",12,17,0,"White",2,1,3,2,2,1,2,1,2,2,3,21
"5930",12,17,0,"White",3,2,3,2,2,3,3,2,1,NA,2,21
"5931",12,17,0,"White",3,2,3,2,1,2,3,1,3,2,1,21
"5932",12,17,1,"White",3,3,3,3,2,2,3,1,1,1,1,21
"5933",10,16,1,"White",3,2,3,3,2,3,3,3,2,3,3,21
"5934",12,17,0,"White",2,1,NA,2,2,2,3,3,2,3,2,21
"5935",11,16,0,"White",2,2,1,3,1,1,3,1,2,1,1,21
"5936",10,17,0,"White",1,1,1,2,2,2,3,2,3,2,2,21
"5937",11,17,0,"White",1,2,2,3,2,1,2,1,2,2,2,21
"5938",11,17,0,"White",2,2,1,2,2,1,2,2,2,2,2,21
"5939",11,16,1,"White",3,2,1,3,2,3,3,3,1,2,1,21
"5940",11,17,0,"White",3,2,2,1,1,2,3,1,3,2,3,21
"5941",11,16,1,"White",1,1,1,2,1,1,2,1,1,2,2,21
"5942",11,18,0,"White",2,3,3,3,2,2,2,2,3,3,2,21
"5943",11,17,1,"White",2,2,2,2,1,2,2,2,1,1,1,21
"5944",11,16,1,"White",2,2,1,2,1,1,1,2,3,3,1,21
"5945",11,17,1,"White",2,2,1,2,1,1,2,1,1,1,1,21
"5946",11,17,1,"White",2,3,2,3,3,1,3,2,3,2,3,21
"5947",11,17,1,"White",2,2,2,3,1,1,2,2,3,2,2,21
"5948",11,16,0,"White",1,2,2,2,2,1,2,2,2,1,2,21
"5949",11,16,1,"White",1,2,2,2,2,1,3,3,1,2,2,21
"5950",12,18,0,"White",2,2,2,2,3,2,1,1,1,2,2,21
"5951",11,16,1,"White",1,2,3,3,2,2,3,2,2,2,2,21
"5952",11,17,0,"White",1,1,3,1,2,1,3,1,3,3,1,21
"5953",11,16,0,"White",3,2,2,3,2,2,3,1,3,2,2,21
"5954",11,18,0,"White",1,2,2,2,2,2,3,1,3,3,1,21
"5955",11,17,0,"White",3,2,3,3,3,3,2,1,3,3,1,21
"5956",11,16,0,"White",3,2,3,3,2,2,2,2,3,2,2,21
"5957",10,15,0,"White",3,3,2,2,2,2,3,1,3,3,3,21
"5958",11,16,1,"White",3,3,3,3,2,2,3,3,3,3,1,21
"5959",11,16,1,"White",2,3,2,3,3,3,3,2,3,2,2,21
"5960",11,16,1,"White",2,1,2,3,2,1,2,1,2,2,2,21
"5961",9,15,0,"White",2,1,2,2,2,2,3,2,2,2,2,21
"5962",11,17,1,"White",3,3,3,3,2,3,3,3,2,3,3,21
"5963",10,15,0,"White",2,2,2,1,1,1,2,1,2,1,2,21
"5964",11,16,1,"White",2,2,2,1,1,1,2,1,1,1,1,21
"5965",10,16,1,"White",1,1,1,2,1,1,2,1,1,2,3,21
"5966",11,16,0,"White",2,3,3,3,1,2,3,3,2,3,1,21
"5967",11,16,1,"White",2,2,3,3,3,2,3,2,3,2,1,21
"5968",9,15,0,"White",3,3,3,3,3,3,3,2,2,3,2,21
"5969",11,17,0,"White",3,2,2,2,3,1,3,1,1,3,3,21
"5970",10,16,0,"White",3,2,2,1,1,2,3,2,1,2,2,21
"5971",11,16,0,"White",3,3,3,3,2,3,3,3,3,3,2,21
"5972",10,15,1,"White",3,1,3,3,3,3,3,2,3,2,3,21
"5973",11,16,1,"White",2,3,2,3,2,2,3,3,3,2,1,21
"5974",9,15,1,"White",1,2,2,3,3,2,3,3,3,2,3,21
"5975",9,15,0,"White",2,2,3,2,1,1,2,1,1,3,2,21
"5976",11,16,1,"White",2,1,2,3,2,2,3,2,3,2,1,21
"5977",9,14,0,"White",2,3,3,3,2,2,3,3,3,3,3,21
"5978",9,14,0,"White",2,1,2,2,2,2,2,2,2,3,1,21
"5979",9,14,0,"White",2,2,3,3,3,3,3,3,2,2,3,21
"5980",10,16,0,"White",1,3,NA,2,1,1,2,2,2,3,3,21
"5981",10,15,0,"White",2,1,1,2,1,1,3,1,1,2,2,21
"5982",12,17,1,"White",2,2,2,2,2,2,3,3,1,1,2,21
"5983",11,17,0,"White",3,3,3,3,1,2,3,1,2,3,3,21
"5984",9,15,1,"White",1,2,1,2,2,1,3,2,1,2,1,21
"5985",11,17,0,"White",2,2,2,2,1,1,2,1,2,2,1,21
"5986",9,15,0,"White",NA,NA,NA,NA,NA,NA,NA,NA,NA,NA,NA,21
"5987",9,15,1,"White",2,2,2,3,2,2,3,3,2,2,3,21
"5988",9,14,1,"White",3,2,2,3,1,2,3,3,2,2,3,21
"5989",9,14,0,"White",2,1,2,1,1,1,2,1,3,2,3,21
"5990",9,14,0,"White",1,1,2,1,1,1,1,1,2,1,1,21
"5991",9,14,0,"White",3,2,3,1,1,1,3,NA,NA,NA,NA,21
"5992",9,14,0,"White",2,2,2,3,2,2,3,1,1,2,2,21
"5993",9,15,0,"White",2,2,2,2,2,2,2,2,2,2,2,21
"5994",9,15,0,"White",2,2,2,3,2,1,3,1,2,2,1,21
"5995",9,15,0,"White",3,2,3,2,1,2,2,2,3,3,2,21
"5996",9,14,1,"White",2,2,2,3,3,1,3,3,3,3,1,21
"5997",9,14,1,"White",3,2,3,3,2,3,3,2,3,2,3,21
"5998",12,17,0,"White",2,2,3,3,2,2,3,2,3,2,1,21
"5999",9,15,0,"Other",1,1,1,1,1,1,2,1,1,1,1,21
"6000",9,15,1,"White",2,2,2,3,2,2,2,2,3,2,2,21
"6001",12,17,0,"White",3,2,2,2,1,2,3,1,1,2,2,21
"6002",9,15,1,"White",2,3,3,2,2,2,2,2,3,3,1,21
"6003",9,15,0,"White",2,1,3,2,2,2,2,1,2,1,3,21
"6004",12,18,0,"White",3,1,3,2,1,2,3,1,2,2,2,21
"6005",9,15,0,"White",3,2,3,3,2,2,3,1,2,3,2,21
"6006",9,15,0,"White",2,2,2,2,1,2,2,1,3,3,2,21
"6007",11,16,1,"White",1,1,1,1,1,1,1,1,1,1,1,21
"6008",11,16,0,"White",1,1,1,1,1,1,1,1,1,1,1,21
"6009",11,16,1,"White",2,1,3,3,3,2,3,3,3,2,3,21
"6010",11,16,1,"White",2,3,2,3,1,2,2,3,3,3,3,21
"6011",11,16,1,"White",3,2,2,3,2,2,3,3,3,2,2,21
"6012",11,16,0,"White",2,3,3,3,1,2,3,2,1,3,3,21
"6013",12,17,1,"White",3,3,3,3,2,3,3,3,2,3,3,21
"6014",11,16,1,"White",2,2,3,3,1,2,3,2,3,3,2,21
"6015",11,16,1,"White",2,2,2,3,1,2,3,3,3,2,1,21
"6016",10,16,1,"White",2,3,3,3,2,2,3,3,3,1,1,21
"6017",10,16,1,"White",1,1,3,2,2,2,2,3,3,3,1,21
"6018",12,18,0,"White",2,2,3,3,1,1,3,2,1,2,2,21
"6019",12,17,1,"White",2,2,3,3,3,2,3,3,3,3,3,21
"6020",12,17,0,"White",1,2,2,3,1,2,3,1,1,2,2,21
"6021",11,16,0,"White",2,2,1,2,1,1,1,1,2,2,1,21
"6022",10,15,0,"White",2,1,3,2,1,1,2,1,2,2,3,21
"6023",11,17,0,"White",2,2,2,3,1,3,3,2,2,2,2,21
"6024",10,15,0,"White",1,2,3,2,1,2,2,3,2,2,1,21
"6025",10,16,1,"White",1,2,3,2,1,2,3,1,1,3,2,21
"6026",12,17,0,"White",3,2,3,2,1,1,2,1,3,3,2,21
"6027",10,15,0,"White",2,1,2,2,1,1,2,1,1,3,3,21
"6028",10,15,1,"White",1,2,2,3,2,2,3,2,3,3,2,21
"6029",11,16,0,"White",2,1,2,3,2,2,3,3,2,3,2,21
"6030",10,17,1,"White",2,1,3,1,1,NA,1,1,1,1,1,21
"6031",9,15,0,"White",1,2,1,3,1,1,3,1,2,2,1,21
"6032",9,16,1,"White",2,2,2,2,2,2,2,2,2,2,2,21
"6033",9,16,0,"White",2,2,2,2,2,1,2,1,2,2,1,21
"6034",9,14,1,"White",2,2,3,3,3,1,3,2,3,2,2,21
"6035",9,15,0,"White",2,2,3,1,3,2,3,3,3,2,3,21
"6036",9,14,0,"White",2,1,1,2,1,2,2,1,2,2,1,21
"6037",9,15,1,"White",3,2,3,2,2,1,1,2,3,2,1,21
"6038",9,14,1,"White",2,2,3,3,3,1,3,2,3,1,1,21
"6039",9,15,0,"White",2,2,3,3,1,2,3,2,2,2,3,21
"6040",9,15,0,"White",1,2,3,1,1,1,1,1,2,2,1,21
"6041",9,14,1,"White",2,2,3,3,3,1,3,3,3,3,2,21
"6042",9,15,0,"White",3,3,3,3,3,3,3,3,3,3,2,21
"6043",9,NA,0,"White",2,1,3,2,3,2,2,1,3,3,1,21
"6044",9,14,1,"White",1,2,1,3,2,2,3,2,3,2,1,21
"6045",9,15,0,"White",1,2,2,1,2,2,2,2,3,3,1,21
"6046",9,15,0,"White",2,2,2,3,2,2,3,1,2,2,3,21
"6047",9,15,1,"White",2,2,2,2,2,1,3,3,1,1,3,21
"6048",9,15,1,"White",3,2,2,3,3,2,3,2,2,3,1,21
"6049",12,18,1,"White",1,2,2,3,2,1,3,2,2,2,3,21
"6050",9,15,1,"White",3,3,3,3,2,2,3,3,2,2,2,21
"6051",9,14,1,"White",3,3,2,3,2,2,3,2,2,3,2,21
"6052",9,14,1,"White",1,3,3,3,1,2,3,1,2,3,2,21
"6053",9,15,0,"White",2,2,3,2,1,2,2,1,1,2,2,21
"6054",9,14,1,"White",3,2,3,3,2,2,3,3,2,2,2,21
"6055",9,15,1,"White",2,2,3,NA,2,2,3,1,2,3,2,21
"6056",9,14,0,"White",3,2,2,3,1,2,2,1,2,1,2,21
"6057",12,18,1,"White",2,1,2,3,1,1,2,2,2,2,3,21
"6058",12,17,1,"White",2,3,2,3,2,1,3,3,1,2,2,21
"6059",10,15,0,"White",1,1,1,1,1,1,1,1,2,2,3,21
"6060",11,16,0,"White",2,2,2,2,1,2,2,3,2,2,2,21
"6061",12,18,0,"White",2,2,3,3,3,3,3,2,3,3,3,21
"6062",12,18,1,"White",2,1,1,3,1,1,3,3,1,3,1,21
"6063",11,16,1,"White",3,2,3,2,2,3,3,2,3,2,1,21
"6064",12,18,1,"White",3,2,3,3,1,2,3,3,3,3,1,21
"6065",12,17,1,"White",3,2,3,3,1,2,3,3,2,2,2,21
"6066",12,18,0,"White",1,2,3,1,1,2,3,1,1,2,3,21
"6067",12,17,0,"White",2,2,1,3,1,1,3,1,1,1,2,21
"6068",11,16,0,"White",3,2,1,2,2,2,1,1,1,1,1,21
"6069",12,17,1,"White",3,3,2,3,3,2,3,2,2,2,2,21
"6070",11,17,1,"White",2,2,1,2,1,1,2,2,1,3,2,21
"6071",11,17,0,"White",2,2,2,3,2,2,2,2,2,2,2,21
"6072",11,16,0,"White",2,2,1,2,1,1,2,2,1,2,2,21
"6073",12,18,0,"White",3,2,2,2,1,2,3,1,1,2,2,21
"6074",12,17,1,"White",3,2,2,3,2,2,3,2,3,3,2,21
"6075",11,17,1,"White",2,1,2,1,1,2,1,1,2,2,2,21
"6076",12,18,0,"White",1,2,1,1,1,1,1,1,1,2,2,21
"6077",11,17,0,"White",2,2,2,2,2,2,2,1,2,2,2,21
"6078",10,16,0,"White",2,2,1,2,1,2,2,1,1,2,1,21
"6079",11,16,1,"White",2,2,1,2,2,3,3,3,2,2,1,21
"6080",10,16,1,"White",2,2,1,2,2,1,2,2,1,2,2,21
"6081",10,16,1,"White",2,2,2,2,2,1,1,2,1,2,1,21
"6082",10,15,1,"White",2,1,1,3,2,2,2,2,2,3,2,21
"6083",10,16,0,"White",2,3,3,3,3,3,3,3,3,3,3,21
"6084",10,15,1,"White",2,3,3,3,3,3,3,2,3,2,3,21
"6085",10,16,1,"White",3,2,3,3,3,2,3,2,2,3,2,21
"6086",10,15,1,"White",3,2,3,3,2,3,3,3,3,3,2,21
"6087",10,15,1,"White",2,2,3,3,2,1,2,2,2,1,1,21
"6088",10,16,0,"White",2,2,2,2,1,2,2,1,2,2,2,21
"6089",11,15,0,"White",1,2,2,1,2,2,1,2,3,2,3,21
"6090",10,15,1,"White",2,2,1,3,1,1,1,1,2,3,1,21
"6091",10,15,1,"White",2,2,2,2,2,2,3,3,2,3,3,21
"6092",10,17,0,"White",1,1,1,1,1,1,1,1,1,1,1,21
"6093",10,16,0,"White",2,1,1,1,1,1,1,1,1,1,2,21
"6094",10,15,1,"White",1,1,2,2,1,1,3,1,1,1,2,21
"6095",10,15,1,"White",2,1,1,2,1,1,3,2,2,2,1,21
"6096",10,16,1,"White",2,2,3,2,2,2,3,2,3,3,3,21
"6097",9,15,0,"White",1,2,1,1,1,1,2,1,1,1,1,21
"6098",9,15,0,"Hispanic",2,1,3,2,1,2,2,2,2,3,3,21
"6099",11,17,0,"White",2,2,2,1,1,1,2,2,1,1,2,21
"6100",9,14,1,"White",2,2,2,3,2,2,2,3,2,3,2,21
"6101",9,14,1,"White",2,3,2,3,2,2,2,1,3,2,3,21
"6102",9,14,0,"White",2,2,3,3,3,2,3,2,3,3,2,21
"6103",9,15,1,"White",2,3,2,2,3,2,2,3,3,2,3,21
"6104",9,14,0,"White",2,2,1,2,1,1,2,1,2,2,2,21
"6105",9,15,0,"White",2,3,2,3,2,3,2,1,3,3,3,21
"6106",9,14,0,"White",3,1,2,2,1,1,1,1,3,2,2,21
"6107",9,14,1,"White",3,2,3,3,1,3,3,3,2,2,3,21
"6108",9,14,0,"White",1,1,1,1,1,1,1,1,1,1,2,21
"6109",10,17,0,"White",1,2,1,1,1,1,1,1,1,1,1,21
"6110",9,16,0,"White",3,2,2,2,1,2,3,1,1,2,2,21
"6111",9,14,0,"White",1,2,1,2,1,1,3,1,2,2,3,21
"6112",10,15,1,"White",2,2,2,3,2,1,3,2,2,1,2,21
"6113",9,14,0,"White",2,2,3,1,1,1,3,1,2,3,2,21
"6114",9,14,0,"White",2,1,2,2,1,2,2,2,1,3,2,21
"6115",9,15,0,"White",1,2,3,2,1,2,3,2,2,3,3,21
"6116",9,15,0,"White",2,1,1,2,1,1,2,1,1,2,2,21
"6117",6,22,1,"Asian",2,1,2,1,1,1,1,1,1,1,3,21
"6118",9,15,1,"White",3,2,3,2,2,2,3,2,2,2,2,21
"6119",9,14,0,"White",2,2,3,3,2,2,3,3,2,3,3,21
"6120",9,15,0,"White",2,2,3,3,2,2,3,2,1,3,2,21
"6121",10,15,1,"White",2,2,2,3,2,2,3,3,3,3,1,21
"6122",12,17,0,"White",2,2,2,2,1,1,2,1,2,2,2,21
"6123",11,16,0,"White",3,2,3,2,3,2,3,2,2,3,2,21
"6124",12,17,0,"White",2,2,2,2,2,2,2,2,2,2,2,21
"6125",10,15,0,"White",1,2,2,2,2,1,2,1,2,2,2,21
"6126",11,17,1,"White",2,2,1,2,1,1,2,2,2,2,2,21
"6127",10,15,0,"White",3,2,3,3,2,3,3,2,3,3,2,21
"6128",12,17,0,"White",3,1,2,2,1,2,3,2,1,3,2,21
"6129",12,17,1,"White",3,2,2,3,2,2,2,2,2,3,2,21
"6130",11,16,0,"White",3,2,2,2,1,1,3,1,3,3,2,21
"6131",12,18,1,"White",1,2,1,3,2,1,3,2,1,1,2,21
"6132",11,16,0,"White",1,2,1,2,1,1,2,1,1,3,2,21
"6133",12,18,0,"White",1,2,3,2,2,2,2,2,2,2,2,21
"6134",11,17,0,"White",1,1,1,2,1,1,1,1,1,1,1,21
"6135",10,15,0,"White",2,2,2,1,1,2,2,1,2,2,1,21
"6136",10,15,0,"White",2,3,3,3,3,1,2,3,3,3,3,21
"6137",9,15,0,"White",3,3,3,3,2,2,2,1,2,2,2,21
"6138",12,18,0,"White",2,2,1,3,2,3,2,1,1,2,2,21
"6139",11,17,0,"White",2,2,2,2,2,2,2,NA,2,2,2,21
"6140",12,17,0,"White",2,2,2,2,1,3,3,3,3,1,2,21
"6141",10,16,0,"White",3,2,3,2,2,3,3,1,3,3,2,21
"6142",11,17,1,"White",3,2,2,3,2,3,3,3,2,3,2,21
"6143",11,17,0,"White",2,2,2,1,1,1,1,1,1,2,2,21
"6144",10,16,0,"White",1,1,1,3,1,1,1,1,1,1,1,21
"6145",9,14,1,"Black",3,2,3,3,2,2,3,3,2,3,3,21
"6146",9,15,1,"White",2,1,3,3,2,2,3,3,2,3,1,21
"6147",9,15,1,"White",3,2,2,3,2,2,3,3,3,2,1,21
"6148",9,15,1,"White",3,3,3,3,2,3,3,3,2,2,2,21
"6149",9,14,1,"White",3,3,2,3,3,3,3,3,3,3,3,21
"6150",9,15,1,"White",2,3,2,3,2,3,2,1,2,3,2,21
"6151",10,15,0,"White",2,1,2,2,2,2,2,1,1,1,1,21
"6152",9,14,1,"White",3,2,3,2,2,1,3,2,2,2,3,21
"6153",10,15,0,"White",1,1,1,1,1,1,2,1,3,2,2,21
"6154",10,15,0,"White",2,3,2,2,2,1,2,1,2,2,1,21
"6155",9,14,1,"White",2,2,2,3,3,2,3,2,2,2,2,21
"6156",10,16,1,"White",2,2,3,2,3,3,3,3,1,3,2,21
"6157",9,15,0,"White",1,1,1,2,1,1,2,NA,3,2,2,21
"6158",9,14,1,"White",2,2,3,3,2,2,2,2,3,2,1,21
"6159",9,15,1,"White",2,1,2,3,1,2,3,1,2,2,1,21
"6160",9,14,1,"White",2,1,1,3,2,1,2,2,1,2,2,21
"6161",9,16,0,"White",1,1,1,1,1,1,2,1,1,1,1,21
"6162",10,15,1,"White",3,3,2,3,3,2,3,3,2,2,2,21
"6163",9,14,1,"White",3,2,2,2,2,2,2,3,1,3,2,21
"6164",11,16,0,"White",1,2,1,1,1,1,2,1,1,1,2,21
"6165",9,15,0,"White",2,3,3,2,3,2,3,3,3,2,2,21
"6166",10,15,0,"White",2,1,2,2,2,3,3,2,1,3,1,21
"6167",12,18,0,"Other",1,1,2,1,1,1,1,1,2,1,1,21
"6168",10,15,1,"White",3,2,2,3,3,3,3,3,3,2,2,21
"6169",9,15,1,"White",2,1,2,1,2,1,3,2,2,3,2,21
"6170",9,14,0,"White",1,1,1,1,1,1,1,1,1,1,1,21
"6171",10,16,1,"White",1,2,1,2,2,1,2,1,2,3,3,21
"6172",9,16,0,"White",1,2,1,1,1,1,1,1,1,1,1,21
"6173",10,15,1,"White",3,2,1,2,1,1,1,3,2,3,1,21
"6174",10,15,0,"White",1,1,1,1,1,1,1,1,1,1,1,21
"6175",12,18,0,"White",2,2,2,3,3,2,3,3,1,3,3,21
"6176",9,14,1,"White",2,2,2,2,1,1,3,3,2,3,3,21
"6177",11,17,0,"White",1,1,1,1,1,1,1,1,1,1,1,21
"6178",10,16,1,"White",2,2,3,3,2,2,3,1,2,3,2,21
"6179",10,15,1,"White",3,2,3,3,2,1,3,2,2,3,2,21
"6180",11,17,1,"White",3,2,3,3,2,2,3,2,2,3,3,21
"6181",11,17,0,"White",1,1,2,2,1,1,3,1,3,2,1,21
"6182",12,18,1,"White",2,2,3,2,1,2,2,2,3,3,2,21
"6183",12,18,0,"White",2,3,3,3,3,3,3,3,3,3,2,21
"6184",12,18,0,"White",1,1,2,1,1,1,1,1,2,1,2,21
"6185",11,17,0,"White",2,3,3,2,1,2,2,1,3,2,1,21
"6186",10,16,0,"White",1,2,2,2,2,2,2,2,2,2,2,21
"6187",10,16,0,"White",2,2,2,2,1,2,1,1,3,2,2,21
"6188",12,17,1,"White",3,3,3,3,3,3,3,3,3,3,3,21
"6189",10,15,0,"White",3,3,3,3,2,3,3,2,2,3,3,21
"6190",11,16,0,"White",2,2,2,2,2,2,2,2,2,2,1,21
"6191",11,17,0,"White",2,3,2,2,1,1,2,2,1,2,2,21
"6192",11,18,0,"Other",1,1,1,1,1,1,1,1,1,1,1,21
"6193",11,18,0,"White",2,2,3,3,2,2,3,3,2,2,2,21
"6194",10,16,0,"White",2,1,2,2,2,1,3,3,3,3,3,21
"6195",11,16,0,"White",1,2,1,2,1,1,2,2,1,2,2,21
"6196",10,16,1,"White",2,2,2,2,2,2,3,2,2,2,3,21
"6197",10,16,0,"White",3,2,1,2,1,2,1,1,3,2,3,21
"6198",10,15,1,"White",2,1,3,3,1,2,2,2,1,2,3,21
"6199",12,17,0,"White",3,2,1,1,1,1,1,1,1,1,1,21
"6200",10,18,1,"White",1,1,1,2,1,1,1,1,1,1,1,21
"6201",11,17,0,"White",2,2,2,2,2,2,2,2,2,2,2,21
"6202",10,15,1,"White",2,2,2,3,1,2,3,3,2,3,1,21
"6203",10,15,1,"White",1,1,2,3,1,2,3,3,1,2,2,21
"6204",10,16,0,"White",2,2,2,2,1,1,2,1,2,3,2,21
"6205",11,16,1,"White",3,1,3,2,1,2,3,2,1,3,2,21
"6206",10,16,0,"White",1,2,3,2,3,2,2,1,1,3,2,21
"6207",10,16,1,"White",1,2,1,2,3,2,2,2,2,2,2,21
"6208",10,17,0,"White",2,2,2,2,2,2,3,1,1,3,3,21
"6209",10,16,1,"Hispanic",2,3,3,3,2,2,3,3,2,3,2,21
"6210",11,16,1,"White",2,2,3,2,1,1,3,3,3,2,1,21
"6211",12,18,0,"White",3,2,3,3,3,2,3,3,3,3,2,21
"6212",11,18,0,"White",3,2,2,2,2,2,3,1,2,2,2,21
"6213",12,17,0,"White",2,1,3,2,1,2,3,1,2,2,3,21
"6214",11,17,0,"White",3,2,3,3,3,2,3,3,3,3,3,21
"6215",10,15,1,"White",3,2,3,2,3,2,3,1,3,3,2,21
"6216",11,17,1,"White",2,3,2,3,2,1,2,3,3,3,3,21
"6217",10,16,0,"White",2,1,3,1,1,2,2,1,2,1,1,21
"6218",10,17,0,"White",1,2,2,2,1,1,2,1,2,1,1,21
"6219",10,16,0,"White",2,2,1,1,1,2,2,1,2,2,2,21
"6220",9,15,1,"White",3,1,3,2,1,2,3,2,3,3,3,21
"6221",9,14,1,"White",3,2,3,3,1,1,3,3,2,3,2,21
"6222",9,15,1,"White",1,2,2,3,2,1,3,3,1,2,2,21
"6223",9,15,0,"White",2,2,2,2,2,2,2,2,2,2,2,21
"6224",9,14,0,"White",1,1,1,1,1,1,1,1,1,1,1,21
"6225",9,15,0,"White",2,3,2,3,1,1,3,3,1,2,1,21
"6226",9,12,0,"White",1,1,1,1,1,1,1,1,1,1,1,21
"6227",9,15,1,"White",2,2,2,3,2,2,3,3,2,2,2,21
"6228",10,15,0,"White",2,1,3,2,2,2,2,1,2,1,1,21
"6229",9,15,0,"White",2,3,2,3,2,2,3,3,3,3,3,21
"6230",9,16,0,"Other",3,3,2,3,1,2,1,2,3,3,3,21
"6231",9,14,1,"White",2,2,3,3,2,2,3,3,3,2,3,21
"6232",9,14,1,"White",2,2,3,3,1,2,3,3,3,3,2,21
"6233",9,14,0,"White",1,2,1,2,1,2,2,1,2,2,2,21
"6234",9,15,1,"White",3,3,3,3,2,2,2,3,2,3,3,21
"6235",9,14,1,"White",2,2,2,3,2,3,3,3,3,2,2,21
"6236",9,14,1,"White",3,3,3,3,2,3,3,3,3,3,3,21
"6237",9,16,1,"White",2,2,3,3,2,2,3,3,3,3,2,21
"6238",9,15,1,"White",3,3,3,3,3,3,3,3,3,3,3,21
"6239",9,14,0,"White",3,2,3,2,1,2,3,3,3,3,2,21
"6240",9,14,0,"White",2,2,2,3,2,2,3,2,2,3,2,21
"6241",9,15,1,"White",3,3,1,3,1,3,3,1,1,3,1,21
"6242",9,15,0,"White",2,3,3,3,2,2,3,1,3,2,2,21
"6243",9,16,0,"White",3,1,3,2,1,1,2,1,3,2,3,21
"6244",9,15,0,"White",3,3,2,3,1,2,3,2,1,2,2,21
"6245",9,14,0,"White",1,2,1,1,1,1,1,1,2,2,1,21
"6246",9,15,1,"White",2,1,3,1,2,2,2,3,2,3,2,21
"6247",11,16,1,"White",2,2,3,3,3,2,3,2,2,2,2,21
"6248",12,18,0,"White",1,2,2,2,1,1,2,1,2,3,2,21
"6249",11,16,1,"White",3,3,3,3,2,3,3,3,3,1,2,21
"6250",12,19,1,"White",2,1,3,3,3,1,3,3,3,3,3,21
"6251",11,17,0,"White",2,2,2,1,2,3,3,3,2,3,2,21
"6252",11,17,0,"White",3,3,3,3,3,3,3,3,3,3,3,21
"6253",11,17,0,"Other",2,3,3,3,3,2,3,3,2,3,1,21
"6254",11,16,1,"White",2,3,2,3,2,2,3,3,2,3,2,21
"6255",10,15,1,"White",2,2,2,2,3,1,2,2,3,2,1,21
"6256",10,16,1,"White",3,2,3,2,1,1,2,1,1,2,3,21
"6257",11,17,1,"White",2,3,2,3,3,2,3,3,3,2,2,21
"6258",11,17,0,"White",2,2,2,3,3,2,3,1,2,2,3,21
"6259",11,17,0,"White",3,2,3,3,2,2,3,3,3,3,3,21
"6260",11,17,0,"White",1,2,2,2,1,1,2,1,1,3,3,21
"6261",11,17,1,"White",1,2,1,2,1,2,3,1,1,2,2,21
"6262",10,15,1,"White",3,2,2,3,2,1,3,2,2,2,3,21
"6263",10,16,1,"White",3,2,2,2,1,2,2,3,3,2,1,21
"6264",11,18,1,"White",3,3,2,3,1,2,3,3,1,3,3,21
"6265",12,19,0,"White",2,1,1,1,1,1,1,1,1,2,2,21
"6266",11,17,1,"Black",2,2,2,2,2,2,3,2,2,2,2,21
"6267",10,15,0,"White",1,2,1,2,1,1,2,3,1,2,3,21
"6268",10,16,0,"White",2,2,1,2,1,1,2,1,2,2,2,21
"6269",10,16,1,"White",1,2,2,3,1,1,3,3,2,2,2,21
"6270",NA,NA,NA,NA,NA,NA,NA,NA,NA,NA,NA,NA,NA,NA,NA,21
"6271",11,16,0,"White",NA,NA,NA,NA,NA,NA,NA,NA,NA,NA,NA,21
"6272",9,16,0,"White",NA,NA,NA,NA,NA,NA,NA,NA,NA,NA,NA,21
"6273",10,17,1,"White",NA,NA,NA,NA,NA,NA,NA,NA,NA,NA,NA,21
"6274",10,17,1,"White",2,1,3,1,1,1,2,1,1,2,1,21
"6275",10,16,1,"White",NA,NA,NA,NA,NA,NA,NA,NA,NA,NA,NA,21
"6276",10,16,1,"Black",2,2,3,3,2,2,3,2,3,2,3,21
"6277",11,16,0,"White",NA,NA,NA,NA,NA,NA,NA,NA,NA,NA,NA,21
"6278",10,16,0,"White",2,2,2,2,1,2,2,1,2,1,2,21
"6279",12,17,0,"White",NA,NA,NA,NA,NA,NA,NA,NA,NA,NA,NA,21
"6280",10,15,1,"White",1,2,2,3,2,1,3,3,3,2,2,21
"6281",11,17,1,"White",1,1,1,2,1,2,3,1,1,2,2,21
"6282",12,17,0,"Black",1,1,2,1,1,1,1,1,1,1,1,22
"6283",12,17,1,"Black",2,2,2,3,3,2,3,3,2,2,2,22
"6284",12,18,0,"Black",2,1,3,2,1,1,3,2,2,2,1,22
"6285",11,17,0,"Black",1,2,3,2,2,1,2,1,1,2,1,22
"6286",12,18,0,"Black",1,2,3,1,1,2,1,1,1,1,2,22
"6287",12,18,0,"Black",3,2,2,1,1,3,2,1,3,2,2,22
"6288",12,18,1,"Black",3,3,2,2,2,3,3,1,1,2,2,22
"6289",11,17,0,"Black",2,2,3,2,1,2,2,1,1,2,2,22
"6290",11,16,0,"Black",2,2,3,2,1,2,2,2,1,2,2,22
"6291",11,18,0,"Black",1,1,2,1,1,1,1,1,1,1,1,22
"6292",12,17,1,"Black",3,1,3,2,1,2,3,3,3,2,1,22
"6293",10,16,1,"Black",3,2,3,3,2,3,3,2,3,2,3,22
"6294",10,15,1,"White",2,3,2,3,2,2,3,3,3,2,3,22
"6295",11,17,1,"Black",2,3,2,3,1,2,3,3,1,3,1,22
"6296",12,17,0,"Black",1,2,2,2,3,1,2,1,1,2,2,22
"6297",10,16,0,"White",2,2,3,1,2,1,2,1,2,1,2,22
"6298",10,15,0,"Black",1,1,1,1,1,1,1,1,1,1,2,22
"6299",12,18,0,"Black",2,2,3,1,1,1,2,1,2,3,2,22
"6300",12,17,0,"Black",2,2,2,1,1,2,2,1,1,3,3,22
"6301",9,15,0,"White",2,2,2,2,1,2,2,1,1,2,2,22
"6302",9,14,1,"Black",1,2,3,2,1,1,3,1,2,1,2,22
"6303",12,18,1,"Black",1,2,3,2,1,3,2,1,1,3,1,22
"6304",12,18,0,"Black",3,3,3,3,2,3,3,3,3,3,2,22
"6305",10,15,0,"Black",2,3,3,3,1,2,2,2,1,3,1,22
"6306",10,15,0,"Black",3,2,3,2,2,1,3,1,2,3,2,22
"6307",10,16,0,"Black",1,2,1,2,1,2,2,2,1,1,2,22
"6308",12,18,1,"Black",1,2,2,3,2,2,3,3,3,3,2,22
"6309",10,16,1,"White",2,2,1,2,1,2,3,3,3,3,1,22
"6310",10,16,0,"Black",2,2,2,1,3,2,2,2,1,3,3,22
"6311",10,15,1,"Black",1,2,1,2,1,1,3,2,1,1,1,22
"6312",12,18,1,"Black",3,2,3,2,3,2,3,3,3,2,3,22
"6313",12,18,1,"White",2,2,3,3,1,3,3,3,2,2,2,22
"6314",10,15,0,"Black",NA,NA,NA,NA,NA,NA,NA,NA,NA,NA,NA,22
"6315",9,14,0,"Black",3,2,3,2,3,1,3,1,3,2,1,22
"6316",9,15,0,"Black",3,2,3,3,3,3,3,2,2,3,3,22
"6317",12,18,1,"Black",1,1,3,2,3,2,1,2,1,3,1,22
"6318",10,16,1,"Black",1,2,2,2,1,1,3,1,1,3,2,22
"6319",10,16,1,"Black",3,2,3,2,1,1,3,2,3,2,3,22
"6320",9,16,0,"White",3,NA,NA,NA,3,NA,NA,NA,3,NA,NA,22
"6321",9,17,1,"White",3,3,3,3,2,2,3,3,2,2,3,22
"6322",10,16,0,"Black",3,3,3,2,3,2,3,1,3,2,2,22
"6323",12,18,1,"Black",2,1,1,1,1,2,3,2,1,3,1,22
"6324",12,17,0,"Black",1,1,2,1,1,2,2,1,2,1,1,22
"6325",9,15,1,"White",3,2,3,3,3,3,3,2,1,3,2,22
"6326",9,14,1,"Black",1,2,1,2,1,2,2,1,1,3,2,22
"6327",9,15,0,"Black",3,2,3,2,2,3,2,2,2,3,2,22
"6328",12,18,0,"Black",2,2,2,NA,2,2,NA,2,2,NA,NA,22
"6329",12,18,0,"Black",1,2,1,2,2,1,1,2,2,3,2,22
"6330",12,18,1,"Other",3,2,3,2,1,2,3,2,1,2,1,22
"6331",9,16,1,"Black",2,3,2,2,1,1,2,1,3,2,2,22
"6332",10,15,1,"Other",2,2,2,3,2,2,3,2,3,2,1,22
"6333",10,15,0,"Black",1,1,2,1,1,2,1,1,3,2,1,22
"6334",9,14,0,"Black",2,1,2,1,1,1,3,1,1,1,1,22
"6335",12,17,1,"Black",2,2,2,1,1,1,2,2,2,3,2,22
"6336",9,16,0,"Black",1,1,1,1,3,1,3,3,1,1,1,22
"6337",9,15,1,"Black",3,2,2,2,1,2,2,1,1,2,1,22
"6338",9,14,1,"Black",2,2,3,3,2,2,3,3,2,3,2,22
"6339",9,14,0,"White",3,1,3,2,3,3,3,2,3,2,2,22
"6340",9,15,0,"Black",1,1,2,3,2,2,3,1,2,3,3,22
"6341",9,14,0,"Black",2,1,2,2,2,2,3,2,1,2,2,22
"6342",10,15,0,"Black",3,2,3,1,1,1,1,2,1,2,1,22
"6343",9,15,1,"Black",1,1,2,2,1,1,2,2,2,3,2,22
"6344",9,15,1,"Black",3,2,2,2,1,2,2,1,2,2,2,22
"6345",9,15,1,"White",2,2,3,3,1,2,3,2,1,2,2,22
"6346",9,15,0,"Black",3,2,2,1,3,1,1,1,3,2,1,22
"6347",9,15,1,"Black",1,2,2,2,1,1,1,1,2,3,2,22
"6348",9,14,1,"White",2,2,3,3,2,1,3,2,2,3,2,22
"6349",9,14,0,"Black",1,1,1,1,1,1,1,1,1,1,1,22
"6350",9,15,0,"Black",1,1,2,3,1,1,3,2,1,1,1,22
"6351",9,15,0,"Black",3,2,2,2,1,2,3,3,2,3,3,22
"6352",9,15,0,"White",3,2,2,1,2,2,2,1,2,3,2,22
"6353",11,16,1,"Black",2,1,3,3,3,2,2,3,3,3,1,22
"6354",11,16,1,"Black",2,3,2,3,1,2,3,3,1,3,2,22
"6355",9,14,0,"Black",1,2,3,2,1,2,3,1,2,2,2,22
"6356",11,16,1,"White",1,3,2,1,1,1,2,2,2,2,2,22
"6357",12,17,0,"Black",1,1,1,1,2,2,2,2,1,2,2,22
"6358",11,17,1,"Hispanic",2,3,3,3,1,2,3,2,2,2,2,22
"6359",11,17,0,"White",2,2,1,2,1,2,3,2,1,2,2,22
"6360",12,17,0,"Black",3,2,2,1,1,2,3,1,1,2,2,22
"6361",12,17,1,"White",1,1,3,2,1,1,3,1,1,3,2,22
"6362",9,14,0,"Black",2,2,2,1,1,2,2,1,2,2,1,22
"6363",12,18,0,"Black",2,2,1,2,1,1,3,1,1,1,1,22
"6364",12,19,0,"Black",1,1,3,1,1,2,2,1,1,3,1,22
"6365",12,19,0,"Black",2,2,1,3,2,2,3,2,2,2,3,22
"6366",12,19,1,"Other",2,1,3,1,1,1,1,1,3,2,1,22
"6367",12,18,0,"White",1,2,3,2,1,1,2,1,3,1,2,22
"6368",11,16,1,"Black",3,2,3,3,2,2,3,3,2,3,2,22
"6369",9,14,1,"Black",3,1,1,2,1,1,2,1,1,2,1,22
"6370",12,17,1,"Black",2,1,2,2,1,2,2,1,2,2,2,22
"6371",11,17,0,"Black",2,2,3,2,1,2,2,1,2,2,2,22
"6372",12,18,1,"Black",3,3,3,3,3,2,3,3,3,3,3,22
"6373",12,18,0,"Black",2,3,3,2,2,1,3,2,3,3,2,22
"6374",11,17,0,"Black",1,3,2,3,1,1,1,1,1,1,2,22
"6375",11,18,0,"Black",2,2,2,2,2,2,3,2,2,2,1,22
"6376",10,16,1,"Black",2,1,3,3,3,3,3,3,3,2,1,22
"6377",10,16,0,"Black",3,2,3,2,1,2,2,1,3,2,2,22
"6378",10,16,0,"Other",3,1,2,2,3,3,3,3,3,3,2,22
"6379",10,15,0,"White",2,2,3,3,2,3,3,1,2,3,1,22
"6380",11,16,1,"Hispanic",3,1,1,1,1,2,3,1,1,2,1,22
"6381",12,18,0,"Black",3,1,3,2,2,2,3,1,1,3,3,22
"6382",9,16,0,"Black",2,1,2,1,1,1,2,1,2,2,1,22
"6383",11,16,1,"Black",2,3,3,3,2,1,3,1,2,3,3,22
"6384",12,17,1,"Black",3,1,3,1,1,1,2,2,3,2,1,22
"6385",9,16,1,"White",2,1,3,2,1,2,2,2,2,2,2,22
"6386",10,16,1,"Black",2,1,3,2,2,2,2,3,3,2,1,22
"6387",10,15,0,"White",2,1,3,3,1,2,3,3,3,2,3,22
"6388",9,15,1,"White",2,2,2,3,1,2,2,3,3,2,1,22
"6389",10,15,1,"Black",1,2,1,1,1,1,2,2,2,1,1,22
"6390",10,17,1,"White",3,3,3,3,2,3,3,2,3,1,2,22
"6391",10,16,1,"Black",2,1,1,2,1,1,3,3,2,1,3,22
"6392",10,16,1,"Black",2,3,2,2,1,1,2,3,2,2,1,22
"6393",10,15,0,"Black",3,2,3,1,2,2,3,1,3,2,1,22
"6394",11,16,0,"White",1,1,2,1,1,1,2,1,2,1,2,22
"6395",10,18,1,"Black",3,2,3,3,1,3,3,3,2,3,2,22
"6396",10,17,0,"Black",2,2,2,1,1,1,3,1,1,2,2,22
"6397",10,16,0,"Black",3,2,2,1,1,2,2,1,3,2,3,22
"6398",12,18,0,"Black",3,3,3,2,2,3,3,2,2,2,3,22
"6399",10,15,0,"White",2,1,2,1,1,2,1,1,2,1,2,22
"6400",12,18,1,"Black",2,1,3,3,1,1,3,2,3,3,2,22
"6401",12,17,0,"Black",2,2,1,2,1,2,2,1,1,2,1,22
"6402",10,16,0,"Hispanic",2,1,2,1,1,1,1,1,2,2,2,22
"6403",12,17,0,"White",2,1,2,2,1,2,1,1,2,2,1,22
"6404",11,16,1,"White",2,1,1,2,1,1,2,2,2,2,1,22
"6405",12,17,0,"Black",2,2,2,3,3,2,3,2,1,3,3,22
"6406",11,16,0,"White",1,1,2,3,2,2,2,1,3,3,2,22
"6407",12,17,0,"Black",2,2,3,3,3,2,3,3,2,3,2,22
"6408",12,17,0,"Black",2,2,2,3,2,1,2,1,2,2,1,22
"6409",12,18,1,"Black",3,2,2,3,1,3,3,3,1,3,1,22
"6410",12,18,0,"White",3,2,3,2,3,2,2,1,1,2,2,22
"6411",11,17,0,"White",1,2,2,1,1,2,2,1,3,3,1,22
"6412",11,16,1,"Black",2,2,2,2,1,2,3,2,3,3,2,22
"6413",10,15,0,"Other",1,1,2,1,1,1,2,1,1,1,1,22
"6414",11,17,1,"Black",1,1,2,2,1,2,1,2,3,2,1,22
"6415",11,17,0,"Black",3,2,2,3,2,2,3,2,2,2,2,22
"6416",11,16,1,"Black",3,2,3,2,2,2,3,3,2,3,3,22
"6417",11,16,0,"Black",1,2,3,1,2,2,2,1,3,2,2,22
"6418",10,15,0,"Black",2,1,3,2,2,2,2,2,2,2,2,22
"6419",12,18,1,"Black",1,1,1,2,1,1,2,3,1,2,1,22
"6420",11,16,0,"Black",2,2,3,2,3,2,3,2,1,2,2,22
"6421",10,15,1,"Black",2,3,2,3,1,1,2,2,1,3,2,22
"6422",12,18,1,"Black",1,1,3,1,1,1,3,1,3,2,1,22
"6423",10,16,0,"White",2,2,3,1,1,2,3,2,3,2,2,22
"6424",10,16,1,"Black",1,2,3,3,1,1,1,2,1,2,2,22
"6425",10,16,1,"Black",2,2,3,3,2,3,3,3,3,3,1,22
"6426",10,16,1,"Black",2,2,3,2,2,3,3,2,2,3,3,22
"6427",11,17,1,"Other",2,1,2,3,1,2,2,2,3,3,2,22
"6428",12,17,0,"Black",1,1,1,1,1,1,3,1,1,1,3,22
"6429",10,16,1,"Black",1,1,2,2,1,1,3,1,2,2,1,22
"6430",12,18,1,"Black",3,2,3,3,2,3,2,2,3,3,2,22
"6431",10,15,1,"Black",2,3,3,3,2,2,3,3,3,2,3,22
"6432",12,18,0,"Black",2,2,3,2,3,2,3,1,1,2,1,22
"6433",10,15,1,"Black",3,1,2,2,1,2,3,2,2,1,2,22
"6434",10,16,1,"Black",3,3,3,2,2,2,2,2,1,2,2,22
"6435",12,18,0,"White",2,2,3,2,1,1,2,1,3,2,3,22
"6436",12,18,1,"Hispanic",1,2,3,2,1,2,3,2,1,2,3,22
"6437",11,16,1,"Black",3,2,3,2,1,2,2,2,2,3,2,22
"6438",10,16,1,"Black",2,2,3,3,1,2,2,2,3,3,2,22
"6439",10,16,1,"White",3,2,3,3,2,2,3,3,3,2,3,22
"6440",10,15,0,"Black",3,1,2,1,2,2,2,1,3,2,1,22
"6441",10,16,0,"Black",3,2,3,2,1,1,1,2,3,3,2,22
"6442",10,16,0,"Other",1,1,2,1,1,1,2,1,2,2,1,22
"6443",12,17,1,"Black",1,1,1,2,1,1,2,1,1,3,1,22
"6444",10,15,1,"Black",3,3,3,2,2,2,2,3,3,3,2,22
"6445",10,15,0,"Black",2,2,2,2,1,2,3,1,1,1,3,22
"6446",10,16,1,"Black",3,3,3,3,3,3,3,3,3,3,3,22
"6447",10,15,1,"Black",2,1,3,2,2,3,3,1,1,3,3,22
"6448",10,15,0,"Black",2,3,2,2,1,3,3,3,2,2,1,22
"6449",10,17,0,"Black",2,2,2,2,1,1,3,2,1,3,2,22
"6450",10,15,0,"Black",2,2,2,1,1,2,1,2,2,2,3,22
"6451",10,17,0,"Black",2,1,1,1,1,3,2,1,2,1,1,22
"6452",10,15,1,"Black",1,1,2,2,3,1,3,3,3,3,3,22
"6453",10,15,1,"White",2,2,3,3,3,2,3,2,3,3,3,22
"6454",11,17,0,"Black",3,2,3,3,2,2,3,2,1,2,2,22
"6455",11,16,1,"White",2,2,2,2,1,2,3,2,2,3,2,22
"6456",11,17,1,"White",3,2,3,3,2,3,3,3,3,3,2,22
"6457",11,17,1,"Black",3,1,3,2,1,2,2,2,3,2,2,22
"6458",11,17,1,"White",3,2,3,3,2,2,3,3,3,3,2,22
"6459",11,17,0,"Black",2,2,2,1,1,2,2,1,1,2,2,22
"6460",11,17,1,"Black",3,2,3,3,2,2,3,2,1,2,1,22
"6461",11,17,1,"Black",3,2,3,3,1,1,2,3,2,2,1,22
"6462",11,16,1,"Black",3,2,3,2,3,2,3,3,2,3,2,22
"6463",11,16,0,"Black",2,1,1,2,1,1,2,2,1,3,2,22
"6464",11,17,1,"Asian",3,2,3,2,3,3,3,1,1,2,1,22
"6465",11,16,0,"White",2,1,3,2,1,1,2,1,2,1,2,22
"6466",11,16,1,"Black",3,3,3,2,2,3,2,3,3,3,2,22
"6467",11,16,0,"Black",3,2,3,2,2,2,2,1,1,2,2,22
"6468",11,16,0,"Black",1,2,2,3,2,1,2,2,2,2,2,22
"6469",11,16,1,"White",2,2,2,2,2,1,3,3,1,2,2,22
"6470",11,16,1,"Hispanic",2,1,3,3,2,2,3,3,1,3,2,22
"6471",11,16,0,"Black",3,2,3,1,1,1,2,1,2,3,3,22
"6472",11,16,0,"Black",3,3,3,3,3,3,3,2,3,3,3,22
"6473",11,16,1,"Black",3,2,3,3,2,1,2,3,1,1,2,22
"6474",11,17,0,"Hispanic",2,1,3,2,1,2,2,1,3,3,1,22
"6475",11,16,0,"White",2,3,3,2,3,3,2,1,3,2,3,22
"6476",11,16,0,"Black",2,2,3,2,2,1,2,2,3,2,1,22
"6477",10,15,1,"Black",1,1,1,1,1,1,2,2,1,1,1,22
"6478",10,15,1,"Black",1,1,1,2,1,1,1,3,1,3,1,22
"6479",11,17,1,"Black",1,2,1,2,1,1,1,1,2,2,2,22
"6480",10,15,0,"Black",3,2,2,2,1,1,3,2,1,1,1,22
"6481",10,16,0,"White",1,1,2,2,1,2,2,1,2,1,2,22
"6482",10,16,1,"White",3,1,3,3,1,3,3,3,3,3,3,22
"6483",11,17,1,"Black",1,2,2,2,1,2,2,2,1,2,1,22
"6484",10,15,0,"White",1,2,3,2,3,3,3,1,2,3,2,22
"6485",10,15,0,"Black",1,2,1,2,1,2,2,1,1,2,3,22
"6486",10,16,0,"Other",2,2,3,3,1,1,2,1,2,2,1,22
"6487",10,16,1,"Black",3,1,1,1,1,1,2,1,1,3,1,22
"6488",11,17,0,"Black",3,2,1,2,1,3,1,1,1,2,1,22
"6489",11,17,1,"Black",1,2,2,2,2,2,2,2,3,2,2,22
"6490",10,15,1,"Black",1,1,2,1,1,1,2,1,1,1,1,22
"6491",12,17,1,"Black",1,2,2,2,1,1,3,1,2,3,2,22
"6492",10,17,0,"White",2,1,1,2,2,2,2,1,1,1,1,22
"6493",12,18,1,"Black",3,2,2,3,3,2,3,3,3,3,1,22
"6494",12,18,1,"Black",NA,1,2,2,1,2,3,3,1,3,2,22
"6495",11,16,0,"Black",2,1,1,3,1,2,2,1,1,1,1,22
"6496",11,17,0,"White",3,3,2,3,3,3,3,2,3,3,3,22
"6497",9,15,1,"Black",3,3,3,3,2,2,3,3,3,3,2,22
"6498",10,15,1,"Black",2,2,3,1,3,2,2,3,1,3,2,22
"6499",9,15,0,"White",3,2,3,2,2,1,2,1,1,2,NA,22
"6500",9,15,0,"Black",2,1,2,1,1,1,1,1,1,2,2,22
"6501",9,14,1,"White",2,2,3,3,2,2,3,3,3,2,3,22
"6502",9,14,1,"Black",3,2,3,2,2,2,3,3,3,3,3,22
"6503",9,15,1,"Black",2,1,3,3,1,3,2,3,2,3,2,22
"6504",9,14,1,"Black",3,2,3,3,2,3,3,2,1,2,3,22
"6505",9,15,1,"Black",2,2,2,2,1,1,1,2,1,2,2,22
"6506",10,16,0,"White",1,2,1,2,1,1,2,1,1,1,2,22
"6507",10,17,1,"Black",1,1,3,2,3,1,3,1,3,3,2,22
"6508",9,15,0,"Black",1,1,2,1,1,1,2,1,3,3,1,22
"6509",9,14,0,"Black",2,2,3,3,2,3,2,3,2,3,2,22
"6510",10,16,1,"Black",1,1,1,1,1,1,1,1,1,1,1,22
"6511",10,16,1,"Black",1,1,2,1,1,2,1,1,2,1,1,22
"6512",9,14,1,"White",2,2,1,2,1,1,3,3,1,2,2,22
"6513",10,16,0,"Black",3,2,3,2,1,3,2,1,2,3,1,22
"6514",10,17,1,"White",2,1,3,1,1,2,3,3,2,3,2,22
"6515",10,17,0,"Black",1,2,3,1,2,2,2,1,3,1,1,22
"6516",10,16,0,"White",3,2,2,2,2,2,2,1,3,2,2,22
"6517",10,16,0,"Black",1,1,2,1,1,2,2,1,1,1,1,22
"6518",9,15,0,"Black",2,1,2,2,2,2,2,1,1,3,2,22
"6519",9,14,1,"Hispanic",2,3,2,3,2,2,3,3,3,2,3,22
"6520",10,16,0,"Black",2,1,1,3,1,2,3,3,1,2,1,22
"6521",10,15,1,"Black",2,2,2,2,2,2,2,3,3,2,2,22
"6522",9,15,1,"Other",2,2,1,2,1,1,2,3,3,3,3,22
"6523",9,14,1,"Black",2,1,3,2,1,2,2,2,2,2,3,22
"6524",9,15,0,"Black",2,1,2,2,2,3,2,1,1,3,2,22
"6525",9,14,1,"Black",3,2,2,NA,1,3,3,2,1,3,1,22
"6526",10,17,0,"White",2,2,3,2,1,2,3,1,2,2,3,22
"6527",10,16,1,"Black",2,1,3,3,1,2,3,2,2,1,2,22
"6528",10,16,1,"Other",2,1,2,2,1,1,3,2,3,2,2,22
"6529",9,14,1,"Other",2,3,3,3,1,2,3,3,3,3,2,22
"6530",9,14,1,"White",3,3,3,3,2,2,3,3,3,2,3,22
"6531",10,15,1,"Other",1,1,3,1,1,1,3,1,3,1,1,22
"6532",9,15,1,"Black",3,2,1,2,2,2,3,2,1,3,3,22
"6533",9,15,0,"Black",2,1,3,3,2,2,3,1,2,3,2,22
"6534",10,16,0,"Black",1,1,1,1,1,1,1,1,1,1,1,22
"6535",9,15,0,"White",2,2,2,2,2,2,3,1,3,2,1,22
"6536",9,14,1,"Hispanic",2,3,3,2,2,3,3,2,3,3,2,22
"6537",9,14,1,"Other",3,3,3,3,1,2,3,3,3,3,2,22
"6538",9,15,0,"Black",3,2,3,2,1,3,2,1,2,3,3,22
"6539",9,15,1,"Black",3,3,3,3,2,2,3,NA,2,2,3,22
"6540",9,14,1,"Black",1,1,2,3,3,2,3,2,3,2,2,22
"6541",10,15,0,"Black",3,2,3,2,1,2,3,1,1,2,3,22
"6542",9,15,0,"Black",2,2,3,1,2,2,3,1,2,2,2,22
"6543",10,16,1,"Hispanic",2,2,2,1,1,1,2,1,1,2,2,22
"6544",9,15,0,"Black",3,2,3,2,2,3,3,1,2,2,1,22
"6545",9,14,1,"Hispanic",3,2,2,2,1,2,2,1,1,1,1,22
"6546",10,17,0,"Black",2,2,2,1,1,1,2,1,1,2,1,22
"6547",12,18,0,"White",3,2,2,2,2,1,2,1,2,2,2,22
"6548",12,17,0,"Black",2,2,1,1,1,1,1,1,1,1,2,22
"6549",9,15,0,"Black",3,2,3,2,1,2,2,1,2,2,2,22
"6550",12,17,0,"Black",2,2,3,3,2,1,3,1,3,3,2,22
"6551",12,17,0,"White",2,1,1,2,1,2,2,1,2,1,2,22
"6552",11,16,1,"Black",2,1,2,3,2,2,2,3,1,3,2,22
"6553",11,17,1,"Black",1,2,2,2,1,3,2,3,1,2,2,22
"6554",12,17,0,"Black",3,2,3,2,1,2,1,2,1,3,2,22
"6555",12,18,0,"Black",2,1,2,1,1,2,2,1,2,2,2,22
"6556",11,16,0,"Black",1,2,2,3,1,1,2,1,2,2,3,22
"6557",11,17,0,"White",3,1,3,1,1,2,2,1,2,2,2,22
"6558",12,17,1,"Asian",2,2,3,2,2,1,3,1,2,3,1,22
"6559",12,17,0,"White",1,2,3,2,1,2,1,1,2,2,2,22
"6560",11,17,0,"Black",2,2,3,2,2,3,3,1,2,3,2,22
"6561",9,14,1,"Black",2,3,3,3,1,1,1,3,1,2,2,22
"6562",11,16,0,"White",3,2,3,3,1,2,1,2,3,2,2,22
"6563",10,17,0,"Hispanic",1,1,2,2,1,2,1,1,1,2,1,22
"6564",10,15,1,"Black",3,2,2,2,1,2,3,2,2,2,2,22
"6565",11,16,1,"Black",2,1,2,1,1,2,1,1,1,1,1,22
"6566",12,17,1,"White",1,1,1,1,1,1,1,1,1,1,1,22
"6567",10,16,0,"Black",1,1,3,2,1,2,3,1,3,1,2,22
"6568",11,16,1,"Black",3,2,3,3,2,3,3,3,2,3,3,22
"6569",12,18,0,"Black",1,1,2,1,1,1,3,2,1,2,3,22
"6570",10,17,1,"Black",3,1,1,1,1,2,1,2,1,1,1,22
"6571",12,18,1,"Black",2,2,1,3,1,3,1,3,1,3,1,22
"6572",10,15,0,"Black",3,2,3,3,1,2,3,1,2,1,3,22
"6573",11,17,1,"White",2,2,2,3,3,2,3,3,2,2,1,22
"6574",10,15,1,"Black",3,2,2,2,1,3,2,3,2,2,2,22
"6575",10,15,1,"Black",3,1,3,2,2,3,3,3,3,3,1,22
"6576",NA,NA,NA,NA,NA,NA,NA,NA,NA,NA,NA,NA,NA,NA,NA,22
"6577",10,15,0,"Black",NA,NA,NA,NA,NA,NA,NA,NA,NA,NA,NA,22
"6578",10,15,1,"Black",NA,NA,NA,NA,NA,NA,NA,NA,NA,NA,NA,22
"6579",10,16,1,"Black",NA,NA,NA,NA,NA,NA,NA,NA,NA,NA,NA,22
"6580",9,14,1,"Black",NA,NA,NA,NA,NA,NA,NA,NA,NA,NA,NA,22
"6581",9,15,0,"Black",NA,NA,NA,NA,NA,NA,NA,NA,NA,NA,NA,22
"6582",9,14,0,"Black",NA,NA,NA,NA,NA,NA,NA,NA,NA,NA,NA,22
"6583",10,16,1,"Black",NA,NA,NA,NA,NA,NA,NA,NA,NA,NA,NA,22
"6584",9,14,1,"Black",NA,NA,NA,NA,NA,NA,NA,NA,NA,NA,NA,22
"6585",9,14,1,"Black",NA,NA,NA,NA,NA,NA,NA,NA,NA,NA,NA,22
"6586",9,14,0,"Black",NA,NA,NA,NA,NA,NA,NA,NA,NA,NA,NA,22
"6587",9,14,1,"Black",NA,NA,NA,NA,NA,NA,NA,NA,NA,NA,NA,22
"6588",9,14,0,"Black",2,3,1,3,1,1,3,2,1,1,3,22
"6589",10,15,1,"Black",2,2,3,3,2,2,2,3,2,2,3,22
"6590",10,16,0,"Black",NA,NA,NA,NA,NA,NA,NA,NA,NA,NA,NA,22
"6591",10,15,1,"Black",NA,NA,NA,NA,NA,NA,NA,NA,NA,NA,NA,22
"6592",9,14,1,"Black",2,2,2,3,1,1,1,3,1,2,1,22
"6593",NA,NA,NA,NA,NA,NA,NA,NA,NA,NA,NA,NA,NA,NA,NA,22
"6594",10,16,1,"Black",NA,NA,NA,NA,NA,NA,NA,NA,NA,NA,NA,22
"6595",10,16,1,"Black",3,3,3,3,3,3,3,3,3,3,3,22
"6596",11,16,1,"Black",NA,NA,NA,NA,NA,NA,NA,NA,NA,NA,NA,22
"6597",11,17,0,"Black",NA,NA,NA,NA,NA,NA,NA,NA,NA,NA,NA,22
"6598",12,18,0,"Black",1,1,2,3,1,1,1,1,1,1,1,22
"6599",7,12,0,"Hispanic",1,2,3,1,2,3,1,2,3,1,2,23
"6600",7,12,1,"Black",2,2,3,3,2,2,3,3,3,2,3,23
"6601",7,13,1,"White",2,1,3,2,2,2,2,1,2,2,1,23
"6602",7,13,1,"White",2,2,2,2,2,2,2,2,2,3,1,23
"6603",7,12,1,"Hispanic",2,3,2,1,1,1,1,2,3,2,1,23
"6604",7,12,1,"White",2,1,1,2,1,1,3,3,2,2,2,23
"6605",7,13,1,"Black",2,3,3,3,1,1,3,3,2,3,3,23
"6606",7,13,0,"White",2,2,2,2,3,2,3,1,2,1,1,23
"6607",7,13,0,"White",2,2,3,2,2,2,3,2,1,3,3,23
"6608",7,12,0,"White",2,2,2,2,3,2,3,2,3,2,3,23
"6609",7,12,1,"Hispanic",2,2,3,2,1,2,2,1,2,3,3,23
"6610",7,13,1,"Black",2,2,1,2,2,2,2,1,1,2,2,23
"6611",7,12,0,"White",2,2,2,2,2,2,3,2,3,2,2,23
"6612",7,13,0,"Hispanic",2,1,3,2,3,1,1,1,3,3,2,23
"6613",7,13,0,"White",3,2,3,3,3,3,3,2,2,3,2,23
"6614",7,13,0,"Black",2,2,3,2,1,2,2,1,2,2,3,23
"6615",7,13,1,"Hispanic",1,2,2,3,2,1,3,3,2,2,2,23
"6616",7,12,1,"Hispanic",2,3,3,3,2,3,3,3,2,3,2,23
"6617",7,12,0,"White",2,2,3,2,3,3,3,2,2,3,3,23
"6618",7,13,0,"White",1,2,1,2,2,1,3,2,1,3,2,23
"6619",7,13,0,"White",2,3,3,3,1,2,2,1,2,2,3,23
"6620",7,13,1,"Black",1,1,2,1,1,1,1,2,1,2,1,23
"6621",7,12,0,"Other",3,3,3,2,3,3,2,3,3,3,3,23
"6622",7,13,0,"White",2,2,3,2,1,1,3,1,2,3,2,23
"6623",7,12,1,"Other",3,3,3,3,2,2,2,2,3,2,2,23
"6624",7,12,1,"Other",2,2,3,3,2,2,3,3,2,3,3,23
"6625",7,12,1,"Hispanic",1,2,3,2,2,3,2,2,3,3,2,23
"6626",7,13,1,"White",2,2,2,2,1,2,3,3,2,2,3,23
"6627",7,13,0,"White",3,2,3,2,1,2,3,2,1,3,2,23
"6628",7,13,0,"White",2,1,2,3,3,2,3,2,2,2,3,23
"6629",7,12,1,"Black",2,3,2,2,3,2,2,2,3,2,2,23
"6630",7,13,1,"White",2,2,2,2,1,1,2,1,2,2,2,23
"6631",7,12,0,"White",3,1,3,3,2,3,3,2,2,NA,2,23
"6632",7,12,1,"Other",3,3,3,3,3,2,3,3,3,3,2,23
"6633",7,12,1,"Black",3,2,2,3,1,1,3,3,3,2,2,23
"6634",7,12,0,"Hispanic",3,2,2,3,2,2,2,1,1,1,3,23
"6635",7,12,0,"White",3,2,2,2,2,2,2,2,3,3,2,23
"6636",7,12,0,"White",2,2,2,2,2,2,2,2,2,2,2,23
"6637",7,12,0,NA,3,2,3,2,3,3,3,2,3,3,2,23
"6638",7,13,0,"White",3,2,2,1,2,2,3,1,3,3,2,23
"6639",7,13,1,"White",3,2,3,2,2,3,3,2,3,3,3,23
"6640",7,12,0,"Black",1,3,2,2,3,3,3,1,1,2,2,23
"6641",7,12,1,"White",3,3,3,3,3,3,3,3,2,3,2,23
"6642",7,12,0,"White",3,2,3,3,2,3,3,2,3,3,2,23
"6643",7,12,0,"White",3,3,3,3,2,2,3,3,3,2,2,23
"6644",7,13,1,"Hispanic",3,1,3,3,2,3,3,3,2,3,3,23
"6645",7,12,0,"White",1,2,2,1,2,2,3,2,3,2,2,23
"6646",7,12,1,"White",3,2,3,3,2,3,2,2,2,3,2,23
"6647",7,12,0,"White",1,2,1,2,1,2,3,1,3,3,2,23
"6648",7,12,1,"Other",2,2,3,3,2,1,3,2,2,3,3,23
"6649",7,13,1,"White",3,3,2,3,2,2,3,3,1,2,2,23
"6650",7,12,1,"White",3,2,3,3,3,3,3,3,3,2,3,23
"6651",7,13,1,"Other",2,1,2,NA,1,2,1,1,2,1,1,23
"6652",7,13,0,"Black",2,2,2,2,2,2,2,1,3,1,3,23
"6653",7,12,1,"Other",2,1,3,3,2,3,3,3,2,3,3,23
"6654",7,12,0,"Hispanic",NA,NA,NA,NA,NA,NA,NA,NA,NA,NA,NA,23
"6655",7,13,0,"Black",NA,NA,NA,NA,NA,NA,NA,NA,NA,NA,NA,23
"6656",7,12,0,"Black",2,2,3,1,1,2,1,1,3,1,2,23
"6657",7,13,0,"Hispanic",1,3,2,1,2,3,1,3,1,2,3,23
"6658",7,13,1,"White",1,1,3,1,1,1,1,1,2,1,2,23
"6659",7,12,1,"Other",2,2,3,3,3,2,3,3,3,3,3,23
"6660",7,13,0,"White",3,2,3,3,3,3,3,2,3,3,2,23
"6661",7,14,0,"White",3,2,3,3,2,3,2,1,3,2,3,23
"6662",7,13,0,"White",2,2,2,1,2,2,3,1,3,1,1,23
"6663",7,12,1,"Hispanic",2,2,3,1,2,1,3,3,3,3,3,23
"6664",7,13,1,"Hispanic",2,3,3,2,2,3,3,3,2,3,2,23
"6665",7,12,0,NA,2,3,3,3,1,2,2,2,3,2,2,23
"6666",7,13,1,"White",3,1,3,2,2,2,3,2,2,2,NA,23
"6667",7,13,1,"Asian",3,3,3,3,2,3,3,2,3,3,2,23
"6668",NA,NA,NA,NA,NA,NA,NA,NA,NA,NA,NA,NA,NA,NA,NA,23
"6669",7,13,0,"White",2,3,3,3,1,2,3,1,3,3,2,23
"6670",7,12,1,"White",2,2,3,3,2,3,3,3,3,3,2,23
"6671",7,12,1,"Black",2,2,3,2,2,2,3,2,3,2,2,23
"6672",7,12,1,"White",3,2,3,3,3,2,3,3,3,3,3,23
"6673",6,22,1,"Other",3,2,3,1,1,2,1,1,3,1,1,23
"6674",7,13,0,"White",3,1,1,3,1,1,2,NA,3,1,1,23
"6675",7,12,0,"White",2,2,3,1,2,1,2,1,3,2,2,23
"6676",7,11,0,"White",1,1,1,1,1,1,1,1,1,1,1,23
"6677",7,15,0,"Other",2,1,2,3,1,1,2,2,1,3,3,23
"6678",7,12,1,"White",3,2,3,2,3,2,2,2,3,3,2,23
"6679",7,12,0,"Asian",3,2,3,3,3,3,3,2,3,3,3,23
"6680",7,12,1,"White",3,3,2,3,3,2,3,2,3,2,2,23
"6681",7,12,1,"White",2,3,3,3,2,2,3,3,2,2,3,23
"6682",7,12,1,"Other",3,3,3,3,2,3,3,3,3,3,3,23
"6683",7,12,1,"White",3,1,3,3,3,3,3,3,3,3,3,23
"6684",7,13,0,"White",2,2,3,2,3,1,3,1,2,3,3,23
"6685",7,12,0,"White",2,1,3,1,1,2,2,1,3,3,2,23
"6686",7,12,1,"White",2,2,3,1,1,2,1,1,3,1,2,23
"6687",7,13,1,"White",3,3,3,3,2,3,3,3,3,3,3,23
"6688",7,12,1,"Other",3,3,3,3,2,1,3,3,3,2,1,23
"6689",7,12,1,"Other",2,1,3,3,2,1,3,3,3,2,3,23
"6690",7,13,0,"Black",1,1,2,1,2,1,3,2,2,2,2,23
"6691",7,13,0,"White",3,2,2,2,2,1,2,1,1,1,1,23
"6692",7,12,0,"Other",2,2,3,2,1,2,2,1,3,3,2,23
"6693",7,13,1,"Black",2,3,3,3,3,2,3,3,2,2,2,23
"6694",7,12,1,"White",2,2,2,1,2,2,3,1,3,1,1,23
"6695",7,12,0,"White",3,3,3,3,1,3,3,2,2,3,3,23
"6696",7,12,0,"Other",3,3,2,2,1,2,3,2,1,1,2,23
"6697",7,14,0,"Black",2,2,3,3,1,2,3,2,3,2,3,23
"6698",7,12,0,"White",3,3,3,3,2,3,2,1,2,2,1,23
"6699",7,13,0,"White",2,3,3,3,3,2,3,2,3,3,3,23
"6700",7,13,0,"White",2,3,2,3,3,1,2,1,3,3,1,23
"6701",7,12,1,NA,2,2,3,2,2,1,2,2,3,2,2,23
"6702",7,13,1,"White",2,1,3,2,2,1,3,2,1,3,2,23
"6703",7,13,1,"White",3,2,3,3,3,3,3,3,3,3,2,23
"6704",7,12,0,NA,1,2,3,3,3,2,3,1,2,2,3,23
"6705",7,13,1,"Hispanic",3,2,2,1,2,3,3,1,2,2,3,23
"6706",7,13,0,"White",2,1,3,1,2,1,3,2,3,3,2,23
"6707",7,12,1,"White",3,2,3,3,3,3,3,3,2,2,1,23
"6708",7,12,0,"White",2,2,3,2,2,3,3,2,2,3,3,23
"6709",7,12,0,"White",2,2,3,2,2,2,2,1,2,2,2,23
"6710",7,13,0,"White",2,2,2,1,1,1,2,1,1,2,1,23
"6711",7,12,1,"White",2,1,3,2,2,3,2,3,2,3,1,23
"6712",7,12,1,"White",2,2,3,2,1,2,3,2,3,2,2,23
"6713",7,13,1,"Black",3,2,2,3,2,3,2,1,1,3,2,23
"6714",7,13,1,"Black",3,3,3,3,2,1,3,3,3,3,3,23
"6715",7,13,1,"White",3,1,2,2,2,3,3,2,3,2,3,23
"6716",7,13,1,"Other",3,2,3,2,1,1,2,1,3,2,2,23
"6717",7,12,1,"White",3,2,3,1,3,2,3,1,3,1,2,23
"6718",NA,NA,NA,NA,NA,NA,NA,NA,NA,NA,NA,NA,NA,NA,NA,23
"6719",NA,NA,NA,NA,NA,NA,NA,NA,NA,NA,NA,NA,NA,NA,NA,23
"6720",7,12,1,"White",NA,NA,NA,NA,NA,NA,NA,NA,NA,NA,NA,23
"6721",7,12,1,"White",2,1,3,3,2,2,3,2,2,2,2,23
"6722",NA,NA,NA,NA,NA,NA,NA,NA,NA,NA,NA,NA,NA,NA,NA,23
"6723",NA,NA,NA,NA,NA,NA,NA,NA,NA,NA,NA,NA,NA,NA,NA,23
"6724",7,13,1,"Other",2,2,2,1,1,2,2,1,2,1,1,23
"6725",7,12,1,"Other",NA,NA,NA,NA,NA,NA,NA,NA,NA,NA,NA,23
"6726",7,12,1,"Other",NA,NA,NA,NA,NA,NA,NA,NA,NA,NA,NA,23
"6727",7,14,0,"White",NA,NA,NA,NA,NA,NA,NA,NA,NA,NA,NA,23
"6728",7,13,0,"Hispanic",NA,NA,NA,NA,NA,NA,NA,NA,NA,NA,NA,23
"6729",7,12,0,"Hispanic",3,2,2,2,3,2,3,2,3,2,2,23
"6730",7,13,0,"Black",2,1,3,2,1,3,3,3,2,3,3,23
"6731",NA,NA,NA,NA,NA,NA,NA,NA,NA,NA,NA,NA,NA,NA,NA,23
"6732",7,13,0,"Hispanic",3,2,3,2,3,2,3,1,3,2,3,23
"6733",NA,NA,NA,NA,NA,NA,NA,NA,NA,NA,NA,NA,NA,NA,NA,23
"6734",7,12,0,"Other",NA,NA,NA,NA,NA,NA,NA,NA,NA,NA,NA,23
"6735",7,13,0,"Black",1,1,2,2,1,1,3,1,2,2,2,23
"6736",NA,NA,NA,NA,NA,NA,NA,NA,NA,NA,NA,NA,NA,NA,NA,23
"6737",NA,NA,NA,NA,NA,NA,NA,NA,NA,NA,NA,NA,NA,NA,NA,23
"6738",7,12,1,"White",2,2,3,3,3,1,3,3,3,2,2,23
"6739",7,12,1,"White",3,2,3,2,3,2,3,1,3,1,1,23
"6740",NA,NA,NA,NA,NA,NA,NA,NA,NA,NA,NA,NA,NA,NA,NA,23
"6741",NA,NA,NA,NA,NA,NA,NA,NA,NA,NA,NA,NA,NA,NA,NA,23
"6742",6,11,0,"White",3,2,3,2,2,3,3,3,1,2,2,23
"6743",6,12,1,"White",3,3,3,2,2,3,3,2,3,2,3,23
"6744",6,11,0,"White",3,2,2,1,2,1,3,1,2,3,2,23
"6745",6,11,1,"White",3,1,3,1,1,3,2,1,3,2,1,23
"6746",6,11,1,"White",3,2,3,2,3,2,3,2,3,2,3,23
"6747",6,12,1,"White",2,3,1,3,3,2,3,1,3,1,2,23
"6748",6,12,1,"White",3,1,2,3,1,3,2,1,3,3,2,23
"6749",6,11,0,"White",3,2,2,2,3,1,3,2,3,2,3,23
"6750",6,12,0,"Black",2,2,2,2,2,2,2,2,2,2,2,23
"6751",6,11,1,"White",3,2,3,2,3,3,3,3,2,2,2,23
"6752",6,12,1,"White",2,2,3,2,2,2,3,2,3,2,2,23
"6753",6,12,0,"Black",2,2,1,2,2,2,3,1,3,2,2,23
"6754",6,11,0,"White",2,2,3,1,3,2,1,1,3,1,2,23
"6755",6,11,1,"Other",2,2,3,2,2,2,3,1,2,3,2,23
"6756",6,11,0,"White",3,2,3,2,2,2,3,1,2,3,2,23
"6757",6,11,1,"Black",3,2,3,3,2,2,3,2,3,2,2,23
"6758",6,11,1,"Other",3,2,3,2,2,2,3,1,2,2,3,23
"6759",6,12,0,"Other",3,1,3,3,3,3,3,3,3,3,3,23
"6760",6,12,1,"White",3,3,3,3,3,3,3,3,3,2,2,23
"6761",6,12,0,"Other",1,2,2,NA,1,2,2,1,1,2,2,23
"6762",6,11,1,"White",2,1,2,3,1,1,2,2,2,3,3,23
"6763",6,11,0,"Black",1,1,2,1,1,1,2,1,2,1,2,23
"6764",6,11,0,"White",3,2,3,3,2,3,2,1,3,2,2,23
"6765",6,12,1,"White",3,2,3,2,1,1,3,3,3,2,2,23
"6766",6,12,0,"White",2,3,2,3,2,3,3,3,2,2,3,23
"6767",6,12,0,"White",3,2,3,2,2,3,3,1,1,2,3,23
"6768",6,11,1,"White",3,2,3,2,3,3,3,2,3,2,3,23
"6769",6,12,1,"Hispanic",3,2,3,2,2,3,3,2,2,3,2,23
"6770",6,11,1,"White",3,1,3,2,2,3,3,2,2,1,3,23
"6771",6,12,1,NA,2,2,3,2,2,2,3,1,2,1,2,23
"6772",6,11,1,"White",2,2,3,3,2,3,3,3,3,2,2,23
"6773",6,11,0,"Black",3,2,2,3,NA,NA,NA,NA,NA,NA,NA,23
"6774",6,11,1,"Other",3,2,2,3,2,2,3,3,3,2,3,23
"6775",6,12,1,"Other",2,2,3,3,2,1,3,3,3,2,3,23
"6776",6,11,1,"White",3,2,2,3,1,2,2,1,2,3,2,23
"6777",6,12,0,"White",3,1,3,3,3,3,3,2,3,3,3,23
"6778",6,13,0,"Black",3,2,1,2,1,1,1,1,3,1,1,23
"6779",6,12,0,"Other",2,1,2,1,1,3,3,1,2,1,2,23
"6780",6,12,0,"White",2,2,3,2,2,2,2,1,2,1,2,23
"6781",6,11,1,"Hispanic",2,2,3,2,1,2,3,1,2,1,2,23
"6782",6,12,0,"White",3,2,3,3,2,2,3,2,3,3,3,23
"6783",6,11,1,"Asian",2,1,3,3,2,3,3,2,3,2,2,23
"6784",6,12,1,"Other",2,2,2,1,1,1,2,1,3,2,1,23
"6785",6,12,0,"White",3,2,3,3,2,2,3,1,3,2,2,23
"6786",6,11,1,"Other",3,3,3,3,3,3,3,3,3,3,3,23
"6787",6,11,0,"White",3,3,3,3,3,3,3,3,3,3,3,23
"6788",6,11,1,"White",2,3,3,3,3,3,3,3,3,3,3,23
"6789",6,11,1,"Asian",2,2,3,2,1,3,3,3,2,3,2,23
"6790",6,12,1,"White",3,1,3,2,1,3,2,1,3,2,2,23
"6791",6,12,0,"Hispanic",3,2,2,3,2,3,3,2,1,2,3,23
"6792",6,11,0,"White",2,2,2,2,1,2,3,1,1,2,3,23
"6793",6,13,0,"Black",2,1,3,1,2,3,2,2,3,1,3,23
"6794",6,11,0,"Black",1,2,2,3,1,2,3,1,3,1,1,23
"6795",6,11,1,"Hispanic",3,2,3,2,2,2,3,3,2,2,3,23
"6796",6,14,0,"White",1,1,1,1,1,1,1,1,2,1,1,23
"6797",6,11,0,"Other",2,2,1,1,1,2,3,1,1,1,1,23
"6798",6,12,0,"Hispanic",2,2,3,3,1,3,3,2,2,3,2,23
"6799",6,12,1,"Hispanic",2,1,2,3,2,2,3,3,2,3,2,23
"6800",NA,NA,NA,NA,NA,NA,NA,NA,NA,NA,NA,NA,NA,NA,NA,23
"6801",6,11,1,"Hispanic",2,2,2,2,2,2,3,2,3,2,1,23
"6802",6,11,1,"Other",2,2,3,2,3,2,1,2,3,2,2,23
"6803",6,11,0,"White",2,1,3,2,2,3,2,1,3,2,2,23
"6804",6,11,1,"Hispanic",3,1,3,3,2,3,3,3,2,3,3,23
"6805",6,13,1,"Other",2,1,2,2,2,2,3,3,3,3,2,23
"6806",6,11,0,"Hispanic",3,2,3,2,2,3,2,1,2,3,2,23
"6807",6,12,1,"Hispanic",NA,NA,NA,NA,NA,NA,NA,NA,NA,NA,NA,23
"6808",6,12,0,"White",3,3,3,3,2,3,3,3,2,3,2,23
"6809",6,11,1,"Hispanic",2,3,3,3,2,2,3,3,2,2,3,23
"6810",6,11,0,"Hispanic",2,2,2,2,1,2,3,2,2,3,2,23
"6811",6,11,1,"White",2,2,3,3,2,1,3,2,2,3,2,23
"6812",6,12,1,"White",3,2,3,3,2,3,3,3,3,3,3,23
"6813",6,11,1,"Other",3,2,3,2,1,1,2,1,2,1,2,23
"6814",8,22,1,"Hispanic",3,3,3,3,3,3,3,3,3,3,3,23
"6815",6,11,1,"White",3,2,3,3,2,3,3,3,2,2,3,23
"6816",6,11,0,"White",3,1,2,1,1,1,2,1,1,3,3,23
"6817",6,12,1,"White",3,2,3,3,2,3,3,2,3,3,2,23
"6818",6,12,1,"Hispanic",2,2,2,2,2,3,3,2,2,1,2,23
"6819",6,11,0,"White",3,2,2,2,1,1,2,1,2,1,1,23
"6820",6,11,1,"Other",2,2,3,1,2,1,3,1,3,2,2,23
"6821",6,12,1,"Black",3,2,3,2,1,2,3,2,2,2,2,23
"6822",6,11,1,"Black",3,2,3,1,2,2,3,1,3,3,2,23
"6823",6,13,0,"Other",2,1,2,1,1,3,2,1,3,3,2,23
"6824",6,12,0,"Black",2,2,2,2,2,1,2,2,1,2,2,23
"6825",6,12,0,"Hispanic",1,1,2,1,1,1,1,1,2,1,1,23
"6826",6,12,0,NA,3,2,3,2,2,3,3,1,3,2,1,23
"6827",6,11,1,"White",2,2,3,3,2,2,3,2,2,3,3,23
"6828",6,12,1,"Black",3,2,3,3,3,2,3,2,2,3,3,23
"6829",6,12,1,NA,3,2,2,2,2,3,3,3,2,3,2,23
"6830",6,11,0,"White",2,2,2,2,2,3,3,1,1,2,3,23
"6831",6,12,1,"White",2,2,3,1,2,2,2,2,3,2,3,23
"6832",6,12,0,"White",2,2,2,2,1,2,3,1,2,3,2,23
"6833",6,11,0,"White",3,2,3,3,3,2,3,3,2,3,3,23
"6834",6,12,1,"Black",3,2,3,3,3,2,3,3,3,3,3,23
"6835",6,11,0,"White",2,2,2,2,2,2,3,2,3,2,2,23
"6836",6,11,0,"Other",3,2,3,2,1,2,3,1,1,2,3,23
"6837",6,11,1,"White",3,2,3,3,2,2,3,2,2,3,2,23
"6838",6,11,1,"Other",2,2,3,2,2,1,3,3,1,2,3,23
"6839",6,11,0,"White",3,2,3,3,2,3,3,3,2,2,2,23
"6840",6,11,1,"White",3,1,3,1,2,1,3,3,2,3,3,23
"6841",6,11,1,"White",3,1,2,3,3,3,3,2,3,2,2,23
"6842",6,NA,1,"White",3,3,3,3,2,2,3,2,3,3,2,23
"6843",6,12,1,"Other",3,3,3,2,2,1,3,2,3,2,2,23
"6844",6,12,0,"White",2,2,3,2,2,1,2,1,3,2,2,23
"6845",6,11,1,"Other",2,3,2,3,2,1,3,3,2,3,1,23
"6846",6,12,0,"Hispanic",3,3,3,2,2,3,3,NA,2,3,3,23
"6847",6,13,0,"Other",NA,NA,NA,NA,NA,NA,NA,NA,NA,NA,NA,23
"6848",6,12,0,"White",2,2,3,2,1,2,3,1,3,3,2,23
"6849",6,11,1,"Black",1,2,1,1,1,1,1,1,1,2,2,23
"6850",6,12,0,"Black",NA,NA,NA,NA,NA,NA,NA,NA,NA,NA,NA,23
"6851",6,12,1,"Black",3,2,3,2,2,2,3,3,3,3,3,23
"6852",6,12,0,"Black",2,2,3,3,1,1,2,NA,2,3,3,23
"6853",6,11,1,"Hispanic",2,1,3,2,2,2,3,3,3,2,3,23
"6854",6,12,1,"White",1,3,2,3,2,1,3,3,1,2,2,23
"6855",6,12,0,"Other",3,3,2,3,1,1,2,1,2,1,1,23
"6856",6,11,0,"Hispanic",3,1,2,2,1,1,2,1,2,2,2,23
"6857",6,11,1,"Asian",3,2,3,2,2,3,3,2,2,2,2,23
"6858",6,11,1,"Black",3,2,3,3,3,2,2,2,3,3,3,23
"6859",6,12,0,"White",2,3,2,1,3,2,2,1,3,2,1,23
"6860",6,12,1,"Hispanic",2,2,2,2,3,3,3,3,2,2,3,23
"6861",6,12,1,"Other",3,2,2,3,3,2,3,3,2,2,3,23
"6862",6,11,1,"White",1,3,3,3,1,3,2,3,3,3,2,23
"6863",6,11,1,"Hispanic",3,2,3,2,1,3,3,2,3,2,2,23
"6864",6,11,1,"White",3,1,3,3,1,2,3,3,2,3,2,23
"6865",6,11,0,"Black",2,1,1,1,1,1,1,1,2,1,1,23
"6866",6,11,0,"White",2,2,2,1,2,1,3,1,2,2,2,23
"6867",6,11,1,"White",3,2,2,3,2,2,3,2,3,3,3,23
"6868",6,11,0,"White",3,2,3,3,NA,NA,NA,NA,NA,NA,NA,23
"6869",6,13,0,"White",NA,NA,NA,NA,NA,NA,NA,NA,NA,NA,NA,23
"6870",6,12,0,"White",2,2,1,1,1,1,1,1,1,2,2,23
"6871",6,12,0,"Black",NA,NA,NA,NA,NA,NA,NA,NA,NA,NA,NA,23
"6872",6,12,1,"White",3,2,3,3,2,2,3,3,2,3,3,23
"6873",6,11,0,"White",NA,NA,NA,NA,NA,NA,NA,NA,NA,NA,NA,23
"6874",6,11,1,"White",3,3,3,3,2,3,3,2,2,2,1,23
"6875",6,12,1,"Other",2,2,2,3,2,2,3,3,2,2,3,23
"6876",NA,NA,NA,NA,NA,NA,NA,NA,NA,NA,NA,NA,NA,NA,NA,23
"6877",6,NA,NA,NA,NA,NA,NA,NA,NA,NA,NA,NA,NA,NA,NA,23
"6878",6,11,1,"Black",3,3,3,2,2,3,3,1,3,2,2,23
"6879",NA,NA,NA,NA,NA,NA,NA,NA,NA,NA,NA,NA,NA,NA,NA,23
"6880",6,11,1,"Hispanic",NA,NA,NA,NA,NA,NA,NA,NA,NA,NA,NA,23
"6881",6,12,0,"White",NA,NA,NA,NA,NA,NA,NA,NA,NA,NA,NA,23
"6882",NA,NA,NA,NA,NA,NA,NA,NA,NA,NA,NA,NA,NA,NA,NA,23
"6883",6,11,1,"Hispanic",2,2,3,3,1,2,3,3,2,3,1,23
"6884",NA,NA,NA,NA,NA,NA,NA,NA,NA,NA,NA,NA,NA,NA,NA,23
"6885",6,12,1,NA,NA,NA,NA,NA,NA,NA,NA,NA,NA,NA,NA,23
"6886",6,12,1,"Hispanic",NA,NA,NA,NA,NA,NA,NA,NA,NA,NA,NA,23
"6887",6,11,1,"Other",2,3,2,2,2,2,2,2,3,3,2,23
"6888",6,12,1,"Hispanic",NA,NA,NA,NA,NA,NA,NA,NA,NA,NA,NA,23
"6889",NA,NA,NA,NA,NA,NA,NA,NA,NA,NA,NA,NA,NA,NA,NA,23
"6890",NA,NA,NA,NA,NA,NA,NA,NA,NA,NA,NA,NA,NA,NA,NA,23
"6891",12,15,1,"Other",NA,NA,NA,NA,NA,NA,NA,NA,NA,NA,NA,23
"6892",6,11,0,"White",1,1,1,1,1,2,3,1,2,1,2,23
"6893",NA,NA,NA,NA,NA,NA,NA,NA,NA,NA,NA,NA,NA,NA,NA,23
"6894",6,12,0,"Hispanic",NA,NA,NA,NA,NA,NA,NA,NA,NA,NA,NA,23
"6895",6,12,1,"Black",NA,NA,NA,NA,NA,NA,NA,NA,NA,NA,NA,23
"6896",6,12,NA,NA,NA,NA,NA,NA,NA,NA,NA,NA,NA,NA,NA,23
"6897",NA,NA,NA,NA,NA,NA,NA,NA,NA,NA,NA,NA,NA,NA,NA,23
"6898",NA,NA,NA,NA,NA,NA,NA,NA,NA,NA,NA,NA,NA,NA,NA,23
"6899",6,11,0,"White",NA,NA,NA,NA,NA,NA,NA,NA,NA,NA,NA,23
"6900",NA,NA,NA,NA,NA,NA,NA,NA,NA,NA,NA,NA,NA,NA,NA,23
"6901",6,11,1,"White",2,1,3,3,1,2,3,3,2,3,2,23
"6902",6,12,1,"Black",NA,NA,NA,NA,NA,NA,NA,NA,NA,NA,NA,23
"6903",9,NA,0,"White",NA,NA,NA,NA,NA,NA,NA,NA,NA,NA,NA,23
"6904",9,NA,0,"Other",NA,NA,NA,NA,NA,NA,NA,NA,NA,NA,NA,23
"6905",NA,NA,NA,NA,NA,NA,NA,NA,NA,NA,NA,NA,NA,NA,NA,23
"6906",8,14,0,"Hispanic",2,2,2,2,1,1,1,1,1,2,1,24
"6907",8,14,1,"Black",2,2,3,3,3,3,3,2,3,2,2,24
"6908",8,14,0,"Hispanic",2,3,3,2,1,1,2,2,2,2,2,24
"6909",8,13,1,"Hispanic",2,2,3,2,2,3,3,2,2,2,2,24
"6910",8,14,0,"Hispanic",2,3,3,3,1,2,3,2,1,2,1,24
"6911",8,13,0,"White",1,1,1,2,1,2,3,2,1,1,1,24
"6912",8,14,1,"White",1,2,3,3,2,1,3,2,1,1,2,24
"6913",8,13,0,"Hispanic",2,2,3,2,1,2,3,1,2,3,2,24
"6914",8,14,0,"Hispanic",3,3,3,3,3,3,3,3,3,2,2,24
"6915",8,14,1,"Hispanic",2,3,2,1,2,2,2,1,3,1,1,24
"6916",8,13,0,"White",2,3,1,2,2,1,3,3,1,2,3,24
"6917",8,13,1,"Hispanic",2,3,3,3,3,3,3,2,3,3,2,24
"6918",8,14,1,"Hispanic",2,3,3,3,2,3,2,3,2,3,3,24
"6919",8,14,0,"Hispanic",2,3,2,2,3,2,1,1,1,2,1,24
"6920",8,14,0,"Hispanic",2,1,2,3,2,1,3,3,1,2,3,24
"6921",8,13,1,"White",3,2,2,3,2,3,3,3,3,2,3,24
"6922",8,14,0,"Hispanic",2,2,2,2,1,2,1,2,2,2,1,24
"6923",8,13,1,"Hispanic",3,2,2,3,3,2,3,3,3,2,3,24
"6924",8,13,1,"White",3,2,3,3,2,2,3,3,3,2,3,24
"6925",8,13,0,"Other",2,2,3,3,2,3,3,3,3,2,2,24
"6926",8,13,1,"Other",2,2,3,3,2,2,3,3,2,3,2,24
"6927",8,13,1,"Hispanic",1,1,3,2,1,2,3,2,1,2,3,24
"6928",8,13,1,"White",2,2,3,3,3,2,3,2,3,2,2,24
"6929",8,13,0,"Hispanic",2,1,3,2,2,1,2,3,1,2,3,24
"6930",8,13,1,"Hispanic",3,2,2,2,1,1,2,1,3,1,2,24
"6931",8,13,1,"Hispanic",1,2,1,1,1,1,2,2,1,3,3,24
"6932",8,14,1,"Hispanic",1,2,1,1,1,1,1,2,3,1,1,24
"6933",8,13,1,"Hispanic",3,1,3,1,2,3,3,3,2,2,2,24
"6934",8,13,1,"Black",3,2,3,3,1,2,3,3,1,3,2,24
"6935",8,13,1,"Hispanic",1,2,2,3,2,1,3,3,3,2,2,24
"6936",8,14,1,"Hispanic",1,1,2,2,2,2,2,1,2,2,2,24
"6937",8,13,1,"Hispanic",3,2,2,2,1,1,2,3,1,3,2,24
"6938",8,13,1,"Hispanic",2,2,3,3,3,1,2,3,3,2,2,24
"6939",8,13,1,"Hispanic",2,2,1,2,1,1,3,3,1,1,1,24
"6940",8,13,1,"White",2,2,3,2,2,2,2,2,3,NA,3,24
"6941",8,14,1,"Hispanic",2,2,3,2,2,1,2,3,2,3,2,24
"6942",8,13,1,"Hispanic",2,2,1,2,1,2,2,3,3,2,1,24
"6943",8,14,1,"Hispanic",2,1,2,2,2,2,2,2,1,2,1,24
"6944",8,14,1,"Hispanic",3,2,3,2,3,NA,3,2,3,2,2,24
"6945",8,14,1,"Hispanic",3,2,3,2,1,2,3,1,1,2,2,24
"6946",8,13,1,"Hispanic",3,2,3,3,3,3,3,3,3,2,1,24
"6947",8,13,1,"White",3,3,3,3,2,3,3,3,2,3,3,24
"6948",8,13,1,"Other",3,2,3,3,3,3,3,3,3,3,3,24
"6949",8,14,1,"Hispanic",3,2,2,3,2,2,3,2,3,3,3,24
"6950",8,14,1,"Hispanic",2,2,1,2,2,1,3,3,3,3,3,24
"6951",8,14,1,"Hispanic",2,2,2,3,2,2,3,3,3,2,3,24
"6952",8,14,1,"Hispanic",3,2,2,3,2,2,3,3,3,3,3,24
"6953",8,NA,NA,NA,NA,NA,NA,NA,NA,NA,NA,NA,NA,NA,NA,24
"6954",6,11,1,"White",3,1,3,2,2,1,3,2,2,3,1,24
"6955",6,12,0,"Other",1,1,1,1,1,1,1,1,1,1,1,24
"6956",6,11,1,"Hispanic",2,1,3,1,3,2,3,2,3,3,2,24
"6957",6,12,0,"Hispanic",2,1,3,2,1,3,1,1,3,1,2,24
"6958",6,11,1,"Hispanic",2,1,3,1,2,1,3,3,1,3,2,24
"6959",6,11,0,"Hispanic",2,2,1,2,3,2,3,2,3,2,3,24
"6960",6,11,1,"Hispanic",2,NA,3,2,1,2,1,3,2,1,1,24
"6961",6,11,0,"Other",2,2,3,2,3,3,NA,1,3,2,2,24
"6962",6,12,1,"Hispanic",3,2,3,3,2,3,3,2,3,3,3,24
"6963",6,12,1,"Hispanic",2,2,1,1,1,1,2,1,3,3,2,24
"6964",6,11,1,"Hispanic",2,2,1,2,1,2,3,1,3,2,3,24
"6965",6,11,1,"Hispanic",2,2,3,1,1,2,2,1,1,2,2,24
"6966",6,12,1,"Hispanic",3,2,3,2,3,3,3,2,1,3,2,24
"6967",6,11,1,"White",3,2,3,2,2,3,3,3,3,2,2,24
"6968",6,11,1,"Hispanic",3,2,3,3,1,3,3,3,3,3,2,24
"6969",6,11,1,"Hispanic",1,2,2,1,3,1,3,1,2,1,1,24
"6970",6,11,1,"Hispanic",2,2,3,3,2,3,3,2,3,3,3,24
"6971",6,12,0,"Other",3,2,1,1,3,3,3,1,2,3,2,24
"6972",6,11,1,"Hispanic",2,1,2,NA,2,2,2,2,2,3,3,24
"6973",6,12,0,"Hispanic",2,1,3,3,2,2,3,1,2,2,2,24
"6974",8,15,0,"Hispanic",2,1,1,3,1,1,2,2,2,2,2,24
"6975",8,13,0,"Hispanic",2,1,1,1,1,1,3,1,1,1,1,24
"6976",8,14,0,"Hispanic",1,1,1,1,1,1,1,1,1,1,1,24
"6977",6,11,1,"Hispanic",2,1,3,1,2,3,3,3,3,2,1,24
"6978",8,14,0,"Hispanic",2,1,2,3,1,1,3,1,1,3,2,24
"6979",8,14,0,"Hispanic",3,1,1,1,1,1,NA,NA,1,1,1,24
"6980",8,14,0,"Hispanic",3,1,2,1,1,2,3,2,1,3,1,24
"6981",8,13,0,"Hispanic",1,2,2,2,1,2,2,1,1,2,2,24
"6982",8,14,0,"Hispanic",1,2,1,2,2,3,3,1,3,2,2,24
"6983",6,12,0,"Other",2,1,2,2,2,2,2,1,3,1,1,24
"6984",8,15,0,"Hispanic",2,2,2,1,2,1,2,1,2,2,2,24
"6985",8,15,0,"Hispanic",2,1,1,2,1,1,3,2,1,1,3,24
"6986",8,14,0,"Hispanic",3,1,3,1,1,3,2,2,2,3,1,24
"6987",8,13,0,"Hispanic",3,2,1,1,1,1,3,1,2,3,3,24
"6988",6,13,1,"Hispanic",3,2,2,1,3,2,2,2,2,3,2,24
"6989",8,13,0,"Hispanic",2,1,1,2,1,2,3,1,1,3,1,24
"6990",6,12,1,"Hispanic",2,1,2,1,1,1,3,2,1,2,1,24
"6991",6,11,1,"White",3,2,3,2,2,3,3,1,2,2,2,24
"6992",8,15,0,"Hispanic",2,1,1,1,1,1,3,1,1,1,1,24
"6993",8,14,0,"Hispanic",2,3,2,3,3,2,2,1,1,2,2,24
"6994",6,11,1,"Hispanic",2,1,3,1,3,2,3,2,2,3,1,24
"6995",6,11,1,"Hispanic",NA,NA,NA,NA,NA,NA,NA,NA,NA,NA,NA,24
"6996",6,12,0,"Hispanic",2,2,3,2,2,3,3,2,3,3,2,24
"6997",6,12,1,"Hispanic",2,2,3,1,1,2,2,1,2,2,3,24
"6998",6,11,0,"Hispanic",2,1,2,3,2,3,3,1,2,2,2,24
"6999",6,12,1,"Hispanic",3,1,1,1,3,3,3,3,1,2,3,24
"7000",8,14,0,"Hispanic",3,2,3,2,1,1,3,3,2,3,3,24
"7001",6,11,1,"Hispanic",3,1,2,3,2,3,3,3,3,2,2,24
"7002",8,13,0,"Hispanic",2,2,2,2,2,2,2,2,2,2,2,24
"7003",6,11,0,"Hispanic",NA,NA,NA,NA,NA,NA,NA,1,NA,NA,NA,24
"7004",6,12,1,"Hispanic",3,3,3,3,3,3,3,3,3,3,3,24
"7005",6,11,1,"Hispanic",1,2,3,1,2,3,3,3,1,3,1,24
"7006",6,12,1,"White",1,2,3,2,1,2,3,3,3,2,1,24
"7007",6,11,0,"White",2,2,2,2,2,2,2,1,2,1,1,24
"7008",6,12,1,"White",2,1,3,3,1,3,2,1,2,3,2,24
"7009",6,12,1,"Hispanic",3,2,3,2,3,2,3,2,2,2,2,24
"7010",6,11,1,"Other",3,2,3,2,2,2,3,3,3,3,2,24
"7011",6,12,0,"White",1,2,3,2,2,1,2,3,1,2,3,24
"7012",8,15,1,"Hispanic",1,2,1,3,1,3,3,3,1,2,1,24
"7013",6,12,1,"Hispanic",2,1,2,2,2,2,3,3,2,2,3,24
"7014",8,15,0,"Hispanic",2,3,1,3,2,2,2,2,2,1,1,24
"7015",8,14,0,"Hispanic",2,2,2,1,1,3,2,1,1,2,3,24
"7016",8,14,1,"Hispanic",2,2,2,1,1,2,3,1,3,3,1,24
"7017",8,15,1,"Hispanic",3,1,2,1,1,2,3,3,3,1,2,24
"7018",8,15,0,"Hispanic",2,2,3,3,2,2,2,2,3,2,1,24
"7019",8,14,1,"Hispanic",3,1,2,3,1,2,3,2,3,3,1,24
"7020",6,12,1,"Hispanic",1,1,1,1,1,1,1,1,3,1,1,24
"7021",8,14,1,"Hispanic",1,1,1,2,1,2,1,2,1,2,2,24
"7022",8,15,1,"Hispanic",2,2,3,2,1,3,3,2,1,3,2,24
"7023",6,11,0,"Hispanic",2,1,2,2,1,3,2,3,3,3,1,24
"7024",6,11,0,"White",2,2,1,1,1,1,2,1,1,3,2,24
"7025",6,12,1,"Hispanic",3,2,2,1,1,2,1,1,1,1,2,24
"7026",8,13,0,"Hispanic",3,1,1,1,1,3,2,1,1,1,1,24
"7027",8,14,1,"Hispanic",2,2,3,3,2,2,3,3,2,2,3,24
"7028",6,12,0,"Hispanic",3,3,1,1,1,3,3,1,1,2,2,24
"7029",8,15,1,"Hispanic",1,1,1,3,1,1,3,3,1,1,1,24
"7030",8,13,1,"Hispanic",2,1,3,1,3,1,3,3,1,3,1,24
"7031",8,NA,0,"Hispanic",1,1,1,2,2,2,2,1,1,2,2,24
"7032",6,12,0,"Hispanic",2,NA,2,3,3,1,3,2,2,3,3,24
"7033",6,12,1,"Hispanic",3,2,3,3,3,2,3,2,3,3,3,24
"7034",8,14,1,"Hispanic",3,1,3,2,2,3,3,3,3,3,2,24
"7035",6,11,0,"White",2,3,3,3,2,2,2,1,3,2,2,24
"7036",6,11,1,"Hispanic",2,1,2,1,1,2,3,3,1,3,2,24
"7037",6,12,0,"Hispanic",3,1,2,3,2,3,3,2,1,3,3,24
"7038",8,14,1,"Hispanic",2,2,3,1,1,3,3,2,3,2,2,24
"7039",8,14,1,"Hispanic",2,1,1,2,2,2,2,2,3,3,3,24
"7040",6,11,1,"Hispanic",2,2,3,1,2,2,2,1,3,2,2,24
"7041",6,11,1,"Hispanic",2,1,2,1,1,2,2,1,2,2,1,24
"7042",6,13,1,"Hispanic",2,1,3,2,1,2,2,2,3,2,2,24
"7043",6,11,1,"Other",2,3,3,3,2,3,3,2,3,3,2,24
"7044",6,12,1,"White",3,1,3,3,2,3,3,3,1,2,2,24
"7045",6,12,0,"Hispanic",3,1,1,1,1,1,1,1,2,2,2,24
"7046",6,11,1,"Hispanic",3,3,3,3,1,3,3,3,1,3,3,24
"7047",6,12,1,"Black",3,2,3,2,2,3,3,2,2,2,2,24
"7048",6,12,1,"Hispanic",3,1,1,3,1,2,3,2,3,2,1,24
"7049",6,11,1,"Hispanic",1,2,3,1,1,2,3,2,3,2,1,24
"7050",6,11,1,"Hispanic",3,1,3,3,1,3,3,3,1,3,3,24
"7051",8,13,1,"Hispanic",2,1,3,2,3,3,2,2,3,3,1,24
"7052",8,13,1,"Hispanic",2,1,3,3,2,3,3,3,2,3,3,24
"7053",8,14,1,"Hispanic",2,2,3,2,2,3,2,1,2,2,3,24
"7054",7,NA,0,"White",3,3,3,3,2,3,3,2,3,2,2,24
"7055",7,12,1,"Hispanic",2,2,2,2,2,2,2,1,2,3,3,24
"7056",7,12,1,"Hispanic",3,1,2,2,1,2,2,3,2,2,2,24
"7057",7,13,0,"White",3,3,3,3,2,3,3,1,3,3,2,24
"7058",7,12,1,"Hispanic",2,2,3,3,2,3,3,3,3,3,2,24
"7059",7,12,0,"Hispanic",2,1,2,3,1,3,3,1,2,3,1,24
"7060",7,13,0,"Hispanic",2,1,2,3,2,3,3,1,2,3,1,24
"7061",7,14,1,"Hispanic",2,2,1,1,1,2,1,2,2,2,2,24
"7062",7,12,0,"Hispanic",3,1,3,3,2,3,3,3,3,3,2,24
"7063",7,13,0,"White",3,2,2,3,2,1,3,1,3,3,1,24
"7064",7,12,0,"Hispanic",3,2,3,2,3,2,2,1,1,1,2,24
"7065",7,12,1,"Hispanic",2,3,2,1,1,1,1,1,2,1,3,24
"7066",7,13,0,"Hispanic",3,2,3,2,1,2,3,1,3,2,2,24
"7067",7,12,0,"Hispanic",3,1,3,1,2,2,3,3,2,2,3,24
"7068",7,12,0,"Hispanic",3,2,2,2,1,1,1,1,1,2,2,24
"7069",7,13,0,"Hispanic",3,2,2,2,3,3,2,1,2,2,2,24
"7070",7,13,0,"White",2,3,3,2,2,2,3,1,2,2,2,24
"7071",7,13,0,"White",2,1,3,1,2,2,3,2,2,2,2,24
"7072",7,12,1,"Other",3,3,2,3,3,3,3,3,1,3,2,24
"7073",7,13,0,"White",1,2,1,1,1,2,2,1,1,2,1,24
"7074",7,12,1,"Other",2,2,1,2,2,1,2,2,2,2,2,24
"7075",7,14,0,"Hispanic",2,3,3,2,2,1,1,1,1,1,1,24
"7076",7,13,0,"Hispanic",2,2,3,1,1,3,3,1,1,3,2,24
"7077",7,12,0,"Hispanic",2,2,2,2,1,3,3,2,3,2,2,24
"7078",7,12,0,"Hispanic",2,2,2,2,2,2,2,2,2,2,2,24
"7079",7,12,1,"Other",2,1,2,2,2,1,2,1,2,1,1,24
"7080",7,12,1,"Hispanic",3,3,3,3,2,2,3,3,3,3,2,24
"7081",7,13,0,"Hispanic",2,1,2,2,1,3,2,1,2,3,2,24
"7082",7,12,1,"Hispanic",2,2,2,2,1,2,3,2,3,2,2,24
"7083",7,14,0,"Hispanic",2,3,2,1,1,3,3,1,2,2,1,24
"7084",7,12,1,"Hispanic",2,2,2,2,2,3,3,2,2,3,3,24
"7085",7,12,0,"Hispanic",3,2,3,3,3,3,3,3,3,3,3,24
"7086",7,13,1,"Hispanic",2,1,2,3,1,2,3,3,3,2,3,24
"7087",7,12,0,"Hispanic",1,1,2,1,1,2,3,2,1,2,2,24
"7088",7,12,1,"Hispanic",3,2,2,3,3,1,3,3,3,3,1,24
"7089",7,12,1,"Hispanic",2,3,1,3,3,2,3,3,1,3,2,24
"7090",7,12,0,NA,2,1,2,2,1,2,2,1,2,2,1,24
"7091",NA,12,0,"Other",3,2,3,3,3,2,3,2,2,3,2,24
"7092",7,12,1,"Hispanic",2,2,NA,2,2,2,2,2,2,2,2,24
"7093",7,13,0,"White",2,2,3,2,2,3,3,3,3,3,3,24
"7094",7,12,1,"Hispanic",2,2,2,2,3,1,3,3,3,3,1,24
"7095",7,13,1,"White",2,3,3,3,1,2,3,3,2,2,3,24
"7096",8,13,0,"Hispanic",3,2,3,2,2,2,3,2,3,2,2,24
"7097",8,13,1,"Hispanic",3,2,3,3,2,1,2,3,1,2,1,24
"7098",8,14,0,"Hispanic",2,2,2,1,1,1,2,2,1,1,2,24
"7099",8,14,0,"Hispanic",3,2,2,2,2,2,3,2,3,3,3,24
"7100",8,13,1,"Hispanic",2,1,2,3,3,3,3,3,2,3,2,24
"7101",8,13,1,"Hispanic",1,3,2,2,2,2,3,3,3,2,3,24
"7102",8,13,1,"Hispanic",3,2,1,2,1,2,3,3,1,2,2,24
"7103",8,13,1,"Hispanic",2,3,2,3,2,2,2,2,2,3,1,24
"7104",8,15,0,"Hispanic",3,2,3,3,3,1,2,1,1,3,1,24
"7105",8,14,0,"Hispanic",2,2,3,1,2,2,3,2,1,3,3,24
"7106",8,13,1,"Hispanic",2,3,3,1,1,3,3,3,3,2,1,24
"7107",8,13,1,"Hispanic",2,2,1,2,2,3,3,2,2,2,2,24
"7108",8,14,1,"Other",2,2,2,2,2,2,2,2,2,2,2,24
"7109",8,14,0,"Hispanic",2,3,1,3,1,2,2,3,2,3,1,24
"7110",8,14,0,"Hispanic",1,2,2,2,2,2,2,2,2,2,2,24
"7111",7,13,1,"Hispanic",2,3,3,3,1,2,3,3,3,3,1,24
"7112",7,12,1,"Hispanic",1,2,2,2,1,1,3,2,3,2,2,24
"7113",7,12,1,"Hispanic",2,3,3,2,1,3,2,1,3,3,2,24
"7114",7,13,0,"Hispanic",3,2,3,2,2,3,1,1,2,2,3,24
"7115",7,13,0,"Hispanic",1,2,1,1,1,2,1,1,1,1,2,24
"7116",7,13,1,"Hispanic",1,2,1,1,1,2,1,1,1,1,2,24
"7117",7,12,1,"Hispanic",1,1,2,3,NA,1,3,2,2,3,2,24
"7118",7,14,1,"Hispanic",3,1,2,1,1,1,2,2,1,1,2,24
"7119",7,13,0,"Hispanic",1,1,1,1,2,3,2,1,2,2,3,24
"7120",7,12,1,"White",3,1,3,3,2,3,3,3,2,3,3,24
"7121",7,12,1,"Hispanic",3,2,3,3,2,2,3,3,2,3,2,24
"7122",7,13,1,"Black",2,1,3,1,1,1,3,3,1,2,1,24
"7123",7,13,1,"Hispanic",2,2,3,2,2,2,3,3,3,3,1,24
"7124",7,12,1,"Hispanic",2,3,3,2,1,1,3,3,3,2,1,24
"7125",7,12,0,"Hispanic",2,2,3,2,3,2,3,1,1,3,3,24
"7126",7,12,1,"Hispanic",1,2,3,2,1,2,2,NA,3,2,2,24
"7127",7,12,1,"Hispanic",3,3,2,2,2,2,2,1,3,2,2,24
"7128",7,12,1,"Hispanic",3,3,3,3,3,3,3,3,3,3,2,24
"7129",7,12,1,"Other",3,1,3,1,3,2,2,NA,2,3,1,24
"7130",7,12,1,"Hispanic",2,1,2,2,1,3,3,3,1,2,1,24
"7131",7,12,0,"Hispanic",1,2,1,2,2,1,3,1,1,1,3,24
"7132",7,12,0,"Other",3,2,3,3,2,1,3,2,2,3,2,24
"7133",7,13,0,"Hispanic",2,2,3,2,2,2,3,1,3,3,2,24
"7134",7,13,0,"White",2,1,3,3,2,2,3,2,2,3,3,24
"7135",7,12,0,"Hispanic",3,2,2,3,2,2,3,2,3,3,2,24
"7136",8,14,1,"White",3,1,2,3,1,3,3,3,3,3,3,24
"7137",8,14,0,"Hispanic",1,1,2,1,1,1,1,1,2,1,1,24
"7138",7,12,1,"Hispanic",2,1,3,1,2,1,3,1,3,3,2,24
"7139",8,13,1,"Hispanic",2,2,2,2,2,2,2,3,2,2,2,24
"7140",7,12,0,"White",2,1,1,3,3,2,3,3,1,3,2,24
"7141",8,13,1,"Other",2,2,2,3,2,1,1,2,3,2,2,24
"7142",7,13,0,"Other",2,3,2,3,2,2,3,3,2,2,1,24
"7143",7,12,1,"Hispanic",2,2,3,3,2,3,3,2,3,2,1,24
"7144",7,12,1,"White",3,3,3,2,2,2,3,3,3,3,2,24
"7145",7,13,0,"Hispanic",3,2,3,2,1,2,3,2,3,3,3,24
"7146",7,12,0,"Hispanic",3,1,2,2,3,1,3,3,3,1,2,24
"7147",7,13,0,"Hispanic",3,2,3,3,2,2,3,1,3,3,3,24
"7148",7,14,0,"Hispanic",1,1,1,2,2,1,3,2,2,2,3,24
"7149",8,13,0,"White",3,2,3,3,3,3,3,2,3,3,3,24
"7150",8,14,0,"Hispanic",2,1,3,NA,2,1,3,2,2,2,1,24
"7151",8,14,0,"White",2,1,2,1,2,1,3,1,3,2,1,24
"7152",7,13,0,"Hispanic",2,2,3,2,2,2,3,2,2,3,2,24
"7153",8,13,1,"Hispanic",1,2,3,1,1,2,3,1,2,2,1,24
"7154",7,13,1,"White",2,3,2,2,1,1,3,2,3,3,2,24
"7155",7,12,1,"Hispanic",3,1,3,1,2,1,3,1,1,2,2,24
"7156",8,13,1,"Hispanic",2,1,1,2,1,3,3,NA,2,1,1,24
"7157",7,14,1,"Hispanic",1,2,1,1,1,1,2,2,2,3,3,24
"7158",8,14,1,"Hispanic",2,2,3,2,3,3,2,3,3,2,3,24
"7159",7,13,0,"Hispanic",3,2,2,3,2,2,2,1,2,3,2,24
"7160",8,22,0,"Hispanic",NA,NA,NA,NA,NA,NA,NA,NA,NA,NA,NA,24
"7161",8,14,0,"Hispanic",3,1,2,3,1,2,3,2,3,3,2,24
"7162",8,14,0,"Hispanic",2,2,2,3,1,2,2,1,2,3,3,24
"7163",8,14,1,"Hispanic",2,2,1,1,2,1,3,2,1,2,1,24
"7164",7,12,0,"Black",3,2,3,2,1,1,3,3,1,1,2,24
"7165",8,13,1,"Hispanic",3,2,2,3,3,2,3,3,3,2,2,24
"7166",8,14,0,"Hispanic",2,1,2,2,2,2,2,1,2,2,3,24
"7167",8,15,1,"White",3,2,3,3,3,3,3,3,1,3,2,24
"7168",8,14,1,"Hispanic",2,1,2,2,2,2,3,1,2,2,2,24
"7169",8,14,0,"Hispanic",3,1,1,1,1,1,1,1,1,1,1,24
"7170",8,13,1,"Hispanic",2,1,2,1,1,1,1,1,1,1,1,24
"7171",8,14,0,"Hispanic",3,1,2,2,2,1,3,1,2,3,2,24
"7172",8,13,0,"Hispanic",2,1,2,1,2,2,2,1,1,2,2,24
"7173",8,14,0,"Hispanic",2,1,2,1,1,1,2,1,1,1,2,24
"7174",7,12,1,"Hispanic",3,2,3,3,2,2,3,3,2,3,2,24
"7175",7,13,0,"Hispanic",2,1,1,1,1,1,1,1,1,2,3,24
"7176",7,12,0,"Other",2,2,2,1,1,1,2,1,1,1,1,24
"7177",7,14,0,"Hispanic",1,3,2,1,1,1,3,3,3,1,2,24
"7178",7,12,1,"Hispanic",2,1,3,1,1,1,2,2,2,1,2,24
"7179",7,13,0,"Hispanic",1,2,1,1,3,1,3,1,1,2,1,24
"7180",7,13,1,"Hispanic",2,3,3,3,2,2,3,2,3,3,3,24
"7181",7,12,1,"Hispanic",3,1,3,1,2,2,3,3,2,3,3,24
"7182",7,14,1,"Hispanic",2,1,2,1,1,2,2,2,2,2,2,24
"7183",7,13,1,"Hispanic",2,2,3,1,2,2,3,2,2,3,2,24
"7184",7,13,1,"White",1,1,3,2,3,1,3,3,3,3,3,24
"7185",7,13,0,"Hispanic",2,1,1,1,2,2,2,1,1,2,1,24
"7186",7,12,1,"Black",3,2,3,1,NA,1,2,2,3,3,3,24
"7187",7,12,1,"Hispanic",2,3,3,1,2,2,2,1,2,3,2,24
"7188",7,12,1,"Hispanic",2,2,2,3,3,3,3,3,3,3,3,24
"7189",7,12,0,"Hispanic",3,2,1,2,1,3,3,3,1,1,1,24
"7190",7,12,1,"Hispanic",2,3,2,1,2,3,3,1,2,1,2,24
"7191",7,12,0,"White",3,2,2,3,2,2,3,3,3,3,2,24
"7192",7,12,0,"Hispanic",3,2,3,2,2,3,3,1,3,2,2,24
"7193",7,13,0,"Hispanic",3,2,2,1,1,3,3,1,3,2,1,24
"7194",7,12,0,"White",1,3,2,2,1,2,2,1,1,2,3,24
"7195",7,13,0,"Hispanic",2,1,2,1,2,1,1,1,2,1,1,24
"7196",7,13,0,"White",1,2,1,2,1,3,3,1,2,2,1,24
"7197",7,13,1,"Other",2,2,2,2,2,2,3,2,2,2,2,24
"7198",7,12,1,"Hispanic",2,2,1,2,2,2,3,3,2,3,2,24
"7199",7,12,0,"Hispanic",2,1,3,3,1,3,3,1,1,3,1,24
"7200",7,12,1,"Hispanic",3,3,3,3,2,3,3,2,2,2,1,24
"7201",7,13,1,"Hispanic",2,1,2,2,2,2,3,3,1,3,2,24
"7202",7,12,1,"White",2,2,3,2,2,2,2,1,2,3,2,24
"7203",7,13,0,"Hispanic",2,1,2,3,2,2,3,3,2,3,3,24
"7204",7,12,1,"Hispanic",2,2,2,2,2,2,2,2,2,2,1,24
"7205",7,12,1,"Hispanic",3,2,3,3,2,3,3,3,3,2,2,24
"7206",7,13,1,"Hispanic",1,2,1,2,1,1,3,1,2,1,1,24
"7207",7,12,1,"Hispanic",2,3,2,2,2,2,3,2,1,3,2,24
"7208",7,12,1,"White",2,3,2,3,1,2,3,3,3,2,2,24
"7209",7,12,1,"White",2,2,3,2,2,2,2,1,2,2,1,24
"7210",8,13,0,"Hispanic",3,3,2,3,3,2,3,3,3,2,2,24
"7211",8,15,0,"Hispanic",1,1,3,1,2,1,3,3,1,3,3,24
"7212",6,12,0,"Hispanic",NA,2,3,1,1,NA,2,3,3,2,1,24
"7213",8,14,1,"Hispanic",1,2,2,1,2,1,2,1,2,1,1,24
"7214",6,11,0,"Hispanic",1,1,2,1,1,1,1,1,1,1,1,24
"7215",8,14,0,"Hispanic",2,2,3,2,3,3,3,2,3,3,3,24
"7216",8,13,0,"Hispanic",2,2,2,2,1,2,3,2,2,2,2,24
"7217",8,13,0,"Hispanic",2,2,2,2,2,3,2,1,1,2,2,24
"7218",8,13,1,"Hispanic",3,2,2,1,1,2,3,2,1,2,2,24
"7219",8,13,0,"Hispanic",NA,3,2,2,2,3,3,2,2,3,2,24
"7220",8,14,0,"Other",2,3,3,3,1,2,3,3,2,1,3,24
"7221",8,14,0,"Other",2,2,2,2,2,3,2,1,1,3,3,24
"7222",8,13,1,"Hispanic",2,2,1,2,1,2,3,3,3,2,3,24
"7223",8,14,0,"Hispanic",1,1,3,2,1,3,3,2,2,3,2,24
"7224",8,13,0,"Hispanic",2,2,2,1,2,2,2,1,2,3,1,24
"7225",6,11,0,"Hispanic",3,3,3,3,3,3,3,1,3,3,3,24
"7226",6,12,0,"Hispanic",2,2,3,2,2,3,3,1,3,2,1,24
"7227",6,13,0,"Hispanic",2,3,3,3,1,1,1,2,3,2,2,24
"7228",6,11,0,"Hispanic",2,3,3,3,2,2,3,3,2,3,3,24
"7229",8,14,1,"Hispanic",3,2,3,2,2,2,3,3,3,3,2,24
"7230",8,14,0,"Hispanic",3,3,2,2,3,3,3,1,3,1,2,24
"7231",6,11,1,"Hispanic",2,2,2,2,3,2,3,2,2,2,2,24
"7232",8,13,0,"Hispanic",1,1,3,3,3,3,3,1,3,3,3,24
"7233",6,NA,0,"White",2,1,3,3,3,2,2,2,3,NA,3,24
"7234",6,11,1,"Hispanic",1,1,3,2,1,1,3,1,1,1,2,24
"7235",6,12,1,"Hispanic",3,2,3,1,2,3,3,3,3,2,2,24
"7236",6,11,0,"Black",3,3,3,2,1,3,3,2,2,3,3,24
"7237",6,11,0,"Hispanic",1,1,2,1,3,2,3,1,3,3,3,24
"7238",6,12,0,"Hispanic",3,1,3,1,3,2,3,3,2,3,3,24
"7239",6,12,0,"Hispanic",3,2,2,1,2,2,2,3,3,2,2,24
"7240",6,11,1,"Hispanic",3,2,3,NA,3,3,3,2,2,3,2,24
"7241",6,12,0,"Hispanic",1,2,3,2,2,1,3,2,1,3,2,24
"7242",6,12,0,"Hispanic",1,3,3,1,1,1,2,1,3,2,2,24
"7243",8,13,0,"Hispanic",2,2,2,1,1,2,3,1,3,2,1,24
"7244",6,11,0,"White",2,1,3,2,2,2,3,2,3,2,1,24
"7245",8,14,1,"Hispanic",2,2,2,3,1,2,2,3,2,2,2,24
"7246",6,11,1,"Hispanic",3,1,3,2,1,2,3,2,2,3,3,24
"7247",8,14,0,"Hispanic",2,1,2,3,1,2,2,1,1,2,2,24
"7248",6,12,1,"Hispanic",3,3,3,2,2,2,3,1,2,2,1,24
"7249",8,13,0,NA,2,2,2,2,2,2,2,2,2,2,2,24
"7250",6,11,0,"Hispanic",3,2,2,3,3,3,3,2,2,2,3,24
"7251",7,13,1,"Hispanic",1,1,1,2,2,1,2,3,2,2,3,24
"7252",7,12,0,"Hispanic",3,2,3,2,1,2,3,2,2,2,1,24
"7253",7,13,0,"Hispanic",1,1,1,2,1,3,3,1,1,1,1,24
"7254",6,12,0,"Hispanic",1,NA,3,2,1,2,3,2,1,2,3,24
"7255",7,12,1,"Hispanic",2,2,3,3,3,2,3,3,3,3,3,24
"7256",7,12,0,"White",2,3,3,2,3,2,3,3,3,2,2,24
"7257",7,12,1,"Hispanic",2,2,3,2,2,3,3,3,2,2,3,24
"7258",7,12,1,"Hispanic",2,1,2,2,3,3,3,2,3,3,2,24
"7259",7,12,1,"Hispanic",2,2,2,3,1,2,3,2,2,3,3,24
"7260",7,12,0,"Other",1,1,3,3,3,1,3,1,3,2,1,24
"7261",6,12,1,"Hispanic",1,NA,2,2,NA,2,2,3,3,2,3,24
"7262",7,12,1,"Hispanic",2,1,3,3,2,2,3,1,2,3,3,24
"7263",6,11,1,"Hispanic",2,1,2,1,1,1,3,2,1,2,3,24
"7264",7,12,1,"Hispanic",2,3,3,3,2,3,3,3,3,3,3,24
"7265",7,13,0,"Hispanic",3,2,3,3,2,3,3,2,2,3,2,24
"7266",7,12,0,"Hispanic",3,1,1,2,3,2,3,2,1,2,1,24
"7267",7,13,0,"Hispanic",1,1,1,NA,1,1,2,1,1,1,2,24
"7268",7,12,0,"Hispanic",2,1,1,2,1,2,3,2,1,3,3,24
"7269",6,12,1,"Hispanic",3,1,3,1,3,1,1,3,3,3,3,24
"7270",7,13,1,"Hispanic",3,1,2,2,2,2,3,2,2,2,2,24
"7271",6,11,0,"Hispanic",2,1,3,3,3,2,3,2,3,2,2,24
"7272",6,11,0,"Hispanic",1,2,1,2,1,1,2,1,1,1,2,24
"7273",6,11,0,"Hispanic",2,1,3,1,2,1,2,1,1,1,2,24
"7274",6,11,1,"Hispanic",1,2,3,2,3,1,2,1,3,1,2,24
"7275",6,12,1,"Hispanic",1,1,1,2,1,3,1,1,3,2,1,24
"7276",6,11,0,"Other",2,2,2,2,2,2,2,2,2,2,2,24
"7277",6,11,0,"Hispanic",1,1,1,1,1,3,2,1,2,1,1,24
"7278",6,13,1,"Other",2,2,2,3,2,1,1,1,2,1,1,24
"7279",6,12,1,"Hispanic",2,1,2,1,2,2,3,1,1,2,1,24
"7280",6,11,1,"Hispanic",1,1,1,1,1,1,3,3,1,3,1,24
"7281",6,11,1,"Hispanic",2,1,2,1,2,2,3,2,1,3,2,24
"7282",6,12,0,"Hispanic",1,1,2,1,2,2,3,1,1,2,2,24
"7283",6,11,0,"Hispanic",2,3,3,2,2,1,2,2,3,2,3,24
"7284",6,11,1,"Hispanic",3,2,3,2,2,3,3,2,1,2,1,24
"7285",7,12,0,"Hispanic",1,2,1,1,1,2,2,1,1,2,2,24
"7286",7,NA,0,"Hispanic",2,3,2,2,1,2,3,3,2,3,3,24
"7287",7,13,1,"Hispanic",1,2,1,2,2,1,3,2,2,1,2,24
"7288",7,13,0,"White",2,2,3,2,3,3,2,2,2,3,2,24
"7289",7,12,1,"White",1,2,2,2,1,1,3,2,3,2,3,24
"7290",6,14,0,"Hispanic",1,1,2,1,1,1,1,1,1,1,1,24
"7291",6,11,0,"Hispanic",2,1,1,1,1,1,1,1,2,1,1,24
"7292",6,12,0,"White",1,3,1,1,3,1,3,3,1,1,1,24
"7293",6,12,0,"Hispanic",1,1,3,1,1,1,3,1,1,3,3,24
"7294",6,12,0,"Other",3,1,1,1,1,1,1,1,1,1,1,24
"7295",6,11,0,"White",2,2,3,1,2,3,3,1,3,2,3,24
"7296",6,12,1,"Other",3,1,3,3,3,2,3,3,3,3,3,24
"7297",6,12,0,"Hispanic",1,1,1,1,1,1,3,1,1,1,1,24
"7298",6,11,0,"Hispanic",2,1,2,2,1,3,3,1,2,3,1,24
"7299",6,11,0,"Hispanic",3,2,3,2,2,3,3,2,2,3,2,24
"7300",6,12,0,"Hispanic",3,2,3,3,2,3,3,3,2,3,3,24
"7301",6,12,0,"Hispanic",3,2,1,3,3,2,3,1,2,3,1,24
"7302",6,11,1,"Hispanic",3,2,2,2,1,2,3,1,3,2,1,24
"7303",6,12,1,"White",3,2,3,3,2,3,3,2,2,2,1,24
"7304",6,12,0,"Hispanic",2,2,2,1,1,2,1,1,2,2,1,24
"7305",6,12,1,"Hispanic",3,3,3,3,3,1,3,3,3,3,2,24
"7306",6,11,1,"Hispanic",2,2,3,2,1,2,3,1,2,2,2,24
"7307",6,12,1,"Hispanic",1,1,1,2,1,1,2,2,1,1,1,24
"7308",6,13,0,"White",3,2,3,2,2,2,3,3,3,2,3,24
"7309",6,12,1,"Hispanic",2,2,3,2,2,2,2,2,3,2,3,24
"7310",6,11,0,"Hispanic",2,2,2,3,3,3,3,2,2,3,2,24
"7311",6,13,1,"Black",3,2,3,2,2,3,3,1,3,3,2,24
"7312",6,12,0,"Hispanic",2,2,2,2,3,2,3,1,3,3,3,24
"7313",6,11,1,"Hispanic",2,3,2,2,1,2,3,2,1,1,3,24
"7314",6,12,1,"Hispanic",NA,1,3,2,2,3,3,2,1,3,3,24
"7315",6,11,1,"Hispanic",3,1,2,2,1,3,3,2,2,3,3,24
"7316",6,11,1,"Hispanic",NA,NA,NA,NA,NA,NA,NA,NA,NA,NA,NA,24
"7317",NA,NA,NA,NA,NA,NA,NA,NA,NA,NA,NA,NA,NA,NA,NA,24
"7318",6,12,1,"Hispanic",3,3,3,3,3,3,3,3,3,3,3,24
"7319",6,13,1,"Hispanic",2,1,3,2,1,2,1,2,2,3,1,24
"7320",6,13,1,"Hispanic",2,1,3,3,2,3,2,3,3,3,2,24
"7321",6,12,0,"Hispanic",1,1,1,2,1,1,3,1,1,1,1,24
"7322",6,11,0,"Other",3,NA,3,2,1,1,2,2,3,2,1,24
"7323",6,11,1,"Hispanic",3,2,2,2,3,3,3,2,2,3,1,24
"7324",6,13,1,"Hispanic",2,1,3,1,1,2,3,1,1,2,2,24
"7325",6,11,1,"Hispanic",3,2,2,3,2,3,3,3,1,3,2,24
"7326",6,11,1,"Hispanic",2,2,3,2,2,1,3,3,2,3,1,24
"7327",6,11,1,"Hispanic",3,2,2,3,2,3,3,2,1,3,2,24
"7328",6,11,1,"Hispanic",2,2,1,1,2,1,3,1,3,3,2,24
"7329",6,11,1,"Hispanic",2,2,3,3,2,2,3,3,2,3,3,24
"7330",6,11,1,"Hispanic",3,2,2,2,2,3,3,2,3,2,2,24
"7331",6,11,1,"Hispanic",1,3,3,2,1,2,3,2,1,2,2,24
"7332",6,11,0,"Hispanic",3,2,2,2,2,3,3,2,2,2,3,24
"7333",6,11,0,"Hispanic",3,3,3,3,3,3,3,1,2,3,3,24
"7334",6,12,1,"Hispanic",2,2,2,2,1,2,3,2,3,2,2,24
"7335",6,11,1,"Hispanic",2,3,2,3,2,3,3,3,2,3,1,24
"7336",6,12,0,"Hispanic",3,2,1,2,2,1,2,1,2,3,3,24
"7337",8,14,0,"White",1,3,1,3,1,1,3,3,1,3,3,24
"7338",8,14,0,"Hispanic",1,1,2,1,1,2,2,NA,2,1,1,24
"7339",8,14,0,NA,3,1,1,1,1,3,3,1,1,2,1,24
"7340",8,14,1,"Hispanic",1,2,2,2,3,3,2,2,2,3,1,24
"7341",6,12,0,"Hispanic",NA,NA,NA,NA,NA,NA,NA,NA,NA,NA,NA,24
"7342",6,12,1,"Hispanic",2,3,2,2,2,1,2,3,3,2,3,24
"7343",7,12,0,"Hispanic",2,1,3,1,1,1,1,1,2,1,2,24
"7344",7,12,0,"Hispanic",2,2,3,2,1,1,3,1,2,2,3,24
"7345",7,12,0,"White",2,2,2,2,2,2,2,2,2,2,2,24
"7346",7,13,0,"Hispanic",1,3,1,1,1,1,2,1,1,1,2,24
"7347",7,13,0,"Hispanic",2,1,3,2,3,1,2,2,2,3,2,24
"7348",7,13,0,"Hispanic",2,2,2,1,1,2,3,1,1,2,1,24
"7349",7,13,0,"Hispanic",3,1,3,1,1,1,3,3,2,3,3,24
"7350",7,14,0,"Hispanic",2,1,3,1,1,2,3,1,1,2,1,24
"7351",7,12,1,"Hispanic",3,1,3,3,1,1,2,2,1,2,1,24
"7352",7,12,0,"Hispanic",3,2,3,2,2,2,2,1,3,2,1,24
"7353",7,13,0,"Hispanic",2,2,2,1,1,NA,2,1,1,2,1,24
"7354",7,12,0,"Hispanic",2,1,1,1,1,1,2,1,1,1,1,24
"7355",7,12,0,"Hispanic",2,2,1,2,1,2,3,2,1,2,1,24
"7356",7,12,1,"Hispanic",1,2,2,3,3,1,3,3,2,3,2,24
"7357",7,13,0,"Hispanic",1,1,3,1,1,2,3,1,3,2,3,24
"7358",7,12,1,"Hispanic",2,3,2,3,3,2,2,2,3,2,2,24
"7359",7,12,1,"Hispanic",3,2,3,2,1,2,2,2,2,2,2,24
"7360",7,12,1,"Hispanic",2,2,1,2,1,1,1,NA,1,2,1,24
"7361",6,13,0,"Other",2,3,2,3,2,3,2,3,2,3,2,24
"7362",6,12,1,"White",3,3,3,3,3,3,3,2,3,3,2,24
"7363",6,12,1,"Hispanic",3,1,2,1,1,3,3,2,1,3,1,24
"7364",6,13,1,"Hispanic",3,2,1,2,2,1,3,2,2,2,1,24
"7365",8,14,1,"Hispanic",2,2,3,1,2,1,3,3,3,2,2,24
"7366",8,13,1,"Hispanic",2,1,2,2,1,1,3,3,1,2,2,24
"7367",8,14,1,"Hispanic",2,2,2,2,1,1,2,2,2,2,1,24
"7368",8,13,1,"Hispanic",2,3,2,3,1,2,1,2,1,1,2,24
"7369",8,14,0,"White",3,2,1,2,2,2,2,1,1,3,2,24
"7370",8,13,0,"Hispanic",1,2,2,2,2,1,1,2,3,3,3,24
"7371",8,14,1,"Hispanic",2,2,3,3,2,1,3,2,2,3,2,24
"7372",8,14,1,"Hispanic",2,3,1,3,2,2,3,2,1,3,2,24
"7373",8,14,1,"Hispanic",3,2,3,3,2,2,3,3,2,3,2,24
"7374",8,14,1,"Hispanic",3,1,3,3,1,2,3,3,1,3,1,24
"7375",8,14,0,"Hispanic",1,1,2,1,2,1,2,1,2,1,2,24
"7376",8,14,0,"Hispanic",1,3,3,3,2,3,3,2,2,3,3,24
"7377",8,14,1,"Hispanic",2,2,3,3,2,2,3,3,1,2,1,24
"7378",8,13,1,"Hispanic",2,1,3,2,2,2,2,2,1,2,1,24
"7379",8,15,0,"Hispanic",2,2,3,2,2,1,2,2,2,2,2,24
"7380",8,14,1,"Hispanic",3,2,3,3,2,2,3,3,2,2,2,24
"7381",8,13,1,"Hispanic",3,1,3,3,3,3,3,3,3,3,2,24
"7382",8,13,0,"Hispanic",1,2,2,1,2,1,2,1,1,3,2,24
"7383",8,13,0,"Hispanic",2,1,3,2,1,2,3,2,1,2,3,24
"7384",8,13,0,"White",1,1,2,2,1,2,2,1,2,1,1,24
"7385",NA,NA,NA,NA,NA,NA,NA,NA,NA,NA,NA,NA,NA,NA,NA,24
"7386",8,13,0,"White",3,3,3,3,2,3,3,2,3,3,3,24
"7387",8,13,1,"White",3,3,3,3,2,3,3,3,2,3,3,24
"7388",8,14,1,"Hispanic",2,2,2,3,3,3,3,3,3,2,3,24
"7389",NA,NA,NA,NA,NA,NA,NA,NA,NA,NA,NA,NA,NA,NA,NA,24
"7390",NA,NA,NA,NA,NA,NA,NA,NA,NA,NA,NA,NA,NA,NA,NA,24
"7391",NA,NA,NA,NA,NA,NA,NA,NA,NA,NA,NA,NA,NA,NA,NA,24
"7392",NA,NA,NA,NA,NA,NA,NA,NA,NA,NA,NA,NA,NA,NA,NA,24
"7393",NA,NA,NA,NA,NA,NA,NA,NA,NA,NA,NA,NA,NA,NA,NA,24
"7394",NA,NA,NA,NA,NA,NA,NA,NA,NA,NA,NA,NA,NA,NA,NA,24
"7395",6,11,0,"Other",2,1,1,2,2,3,2,1,2,3,3,24
"7396",6,12,0,"Hispanic",2,2,1,2,3,2,3,3,2,3,2,24
"7397",6,12,0,"Hispanic",3,2,3,1,2,1,2,1,2,3,1,24
"7398",6,11,1,"Hispanic",3,1,3,3,3,3,3,2,3,3,NA,24
"7399",6,NA,NA,NA,NA,NA,NA,NA,NA,NA,NA,NA,NA,NA,NA,24
"7400",8,13,0,"Hispanic",NA,NA,NA,NA,NA,NA,NA,NA,NA,NA,NA,24
"7401",6,12,0,NA,NA,NA,NA,NA,NA,NA,NA,NA,NA,NA,NA,24
"7402",8,15,0,"Hispanic",NA,NA,NA,NA,NA,NA,NA,NA,NA,NA,NA,24
"7403",8,14,0,"Hispanic",NA,NA,NA,NA,NA,NA,NA,NA,NA,NA,NA,24
"7404",6,12,0,"White",NA,NA,NA,NA,NA,NA,NA,NA,NA,NA,NA,24
"7405",6,11,0,"Hispanic",NA,NA,NA,NA,NA,NA,NA,NA,NA,NA,NA,24
"7406",8,14,0,"Hispanic",NA,NA,NA,NA,NA,NA,NA,NA,NA,NA,NA,24
"7407",6,11,1,"Hispanic",1,3,1,1,2,1,3,1,3,1,1,24
"7408",8,13,0,"Hispanic",NA,NA,NA,NA,NA,NA,NA,NA,NA,NA,NA,24
"7409",8,14,1,"Hispanic",3,2,3,2,1,1,3,1,3,2,1,24
"7410",8,14,0,"Hispanic",1,2,3,1,3,2,3,2,2,3,1,24
"7411",6,11,0,"Hispanic",2,1,3,2,1,3,3,1,2,2,2,24
"7412",6,12,1,"Hispanic",2,1,3,2,2,2,3,2,2,3,1,24
"7413",NA,NA,NA,NA,NA,NA,NA,NA,NA,NA,NA,NA,NA,NA,NA,24
"7414",8,13,1,"Hispanic",NA,NA,NA,NA,NA,NA,NA,NA,NA,NA,NA,24
"7415",NA,NA,NA,NA,NA,NA,NA,NA,NA,NA,NA,NA,NA,NA,NA,24
"7416",6,12,1,"Black",3,2,3,2,2,2,3,2,2,2,3,24
"7417",6,12,0,"Hispanic",2,1,1,1,1,2,1,1,2,1,1,24
"7418",6,11,0,"Black",2,2,1,2,1,2,3,1,1,1,2,24
"7419",7,12,0,"Hispanic",NA,NA,NA,NA,NA,NA,NA,NA,NA,NA,NA,24
"7420",NA,NA,NA,NA,NA,NA,NA,NA,NA,NA,NA,NA,NA,NA,NA,24
"7421",7,12,1,"Hispanic",2,2,2,3,1,2,3,3,2,2,2,24
"7422",7,12,1,"Hispanic",3,3,2,2,2,1,2,1,1,1,2,24
"7423",NA,NA,NA,NA,NA,NA,NA,NA,NA,NA,NA,NA,NA,NA,NA,24
"7424",7,12,1,"Hispanic",NA,NA,NA,NA,NA,NA,NA,NA,NA,NA,NA,24
"7425",8,NA,0,"Hispanic",3,2,2,2,2,2,3,2,2,2,1,24
"7426",8,13,1,"Hispanic",1,1,2,1,1,3,2,3,2,2,1,24
"7427",7,13,0,"Hispanic",1,2,3,2,1,2,2,1,2,1,2,24
"7428",7,12,1,"White",1,2,1,2,1,2,2,2,1,1,3,24
"7429",12,NA,NA,NA,NA,NA,NA,NA,NA,NA,NA,NA,NA,NA,NA,24
"7430",7,13,0,"Hispanic",NA,NA,NA,NA,NA,NA,NA,NA,NA,NA,NA,24
"7431",NA,NA,NA,NA,NA,NA,NA,NA,NA,NA,NA,NA,NA,NA,NA,24
"7432",NA,NA,NA,NA,NA,NA,NA,NA,NA,NA,NA,NA,NA,NA,NA,24
"7433",7,13,0,"Hispanic",NA,NA,NA,NA,NA,NA,NA,NA,NA,NA,NA,24
"7434",NA,NA,NA,NA,NA,NA,NA,NA,NA,NA,NA,NA,NA,NA,NA,24
"7435",7,13,1,"Other",NA,NA,NA,NA,NA,NA,NA,NA,NA,NA,NA,24
"7436",7,13,1,"Hispanic",3,2,1,1,1,2,3,1,2,1,1,24
"7437",8,14,0,"Hispanic",NA,3,NA,NA,NA,NA,1,NA,1,NA,NA,24
"7438",8,14,0,"Hispanic",1,1,2,1,1,1,3,1,2,2,2,24
"7439",6,11,1,"Hispanic",NA,NA,NA,NA,NA,NA,NA,NA,NA,NA,NA,24
"7440",7,13,1,"Other",1,1,3,1,1,1,3,2,2,1,2,24
"7441",6,11,0,"Hispanic",2,1,2,2,2,2,3,1,3,2,2,24
"7442",6,12,1,"Hispanic",1,1,3,1,1,2,3,3,1,3,3,24
"7443",6,11,0,"Black",2,2,3,2,1,1,1,2,3,3,2,24
"7444",6,12,1,"White",2,2,3,3,2,2,3,3,2,2,2,24
"7445",NA,NA,NA,NA,NA,NA,NA,NA,NA,NA,NA,NA,NA,NA,NA,24
"7446",7,13,0,"Hispanic",NA,NA,NA,NA,NA,NA,NA,NA,NA,NA,NA,24
"7447",7,13,1,"Hispanic",3,2,1,1,1,2,1,1,2,2,3,24
"7448",7,12,1,"Hispanic",2,2,1,1,1,2,2,2,2,2,2,24
"7449",8,15,1,"Hispanic",2,3,3,3,3,2,3,3,3,2,2,24
"7450",NA,NA,NA,NA,NA,NA,NA,NA,NA,NA,NA,NA,NA,NA,NA,24
"7451",8,NA,NA,NA,NA,NA,NA,NA,NA,NA,NA,NA,NA,NA,NA,24
"7452",NA,NA,NA,NA,NA,NA,NA,NA,NA,NA,NA,NA,NA,NA,NA,24
"7453",NA,NA,NA,NA,NA,NA,NA,NA,NA,NA,NA,NA,NA,NA,NA,24
"7454",7,13,0,"Hispanic",NA,NA,NA,NA,NA,NA,NA,NA,NA,NA,NA,24
"7455",NA,NA,NA,NA,NA,NA,NA,NA,NA,NA,NA,NA,NA,NA,NA,24
"7456",NA,NA,NA,NA,NA,NA,NA,NA,NA,NA,NA,NA,NA,NA,NA,24
"7457",NA,NA,NA,NA,NA,NA,NA,NA,NA,NA,NA,NA,NA,NA,NA,24
"7458",6,12,1,"White",2,2,2,3,3,3,2,1,3,3,3,25
"7459",6,11,1,"Hispanic",2,1,3,3,1,1,3,2,3,2,2,25
"7460",6,12,1,"White",3,2,2,2,1,2,2,1,2,1,2,25
"7461",6,11,1,"White",1,2,1,3,1,1,3,3,3,2,1,25
"7462",6,11,0,"Other",3,2,2,2,1,2,3,1,2,2,3,25
"7463",6,12,0,"Black",3,1,3,1,3,3,3,1,1,3,3,25
"7464",6,12,1,"White",2,2,3,3,2,3,2,1,3,3,3,25
"7465",6,12,0,"White",2,2,3,3,2,2,3,2,3,3,2,25
"7466",6,11,0,"Other",3,1,2,3,2,2,3,1,2,3,3,25
"7467",6,11,1,"White",3,1,3,1,2,3,3,3,2,3,3,25
"7468",6,11,0,"Hispanic",3,1,2,2,2,3,3,2,2,1,2,25
"7469",6,12,0,"Hispanic",2,1,3,1,1,1,3,2,3,3,1,25
"7470",7,13,0,"White",2,2,3,2,2,3,2,1,3,3,2,25
"7471",7,12,0,"White",3,1,3,2,2,1,2,1,2,3,2,25
"7472",7,12,1,"White",2,2,2,3,1,2,3,2,3,2,1,25
"7473",7,13,0,"Hispanic",3,2,2,2,3,2,3,2,3,2,2,25
"7474",7,13,0,"Other",2,1,3,2,2,1,2,1,3,2,2,25
"7475",7,13,0,"White",3,2,2,3,2,2,3,2,3,2,2,25
"7476",7,12,1,"White",3,3,2,3,2,3,3,3,3,3,3,25
"7477",7,13,1,"Other",3,3,3,3,2,2,3,3,2,3,2,25
"7478",7,13,0,"Hispanic",2,2,3,3,1,2,3,1,2,1,2,25
"7479",7,13,1,"White",1,2,2,2,1,2,2,2,3,2,1,25
"7480",7,13,0,"Hispanic",2,1,2,3,2,2,3,3,2,2,2,25
"7481",7,13,0,"Black",2,1,2,2,3,2,2,NA,2,2,2,25
"7482",7,13,1,"Black",2,2,2,3,1,2,3,3,3,2,2,25
"7483",7,12,0,"White",1,1,1,2,1,1,3,1,1,2,1,25
"7484",7,12,1,"Black",3,3,3,3,3,3,3,3,3,3,3,25
"7485",7,13,0,"White",3,1,3,2,2,2,3,1,3,2,1,25
"7486",6,12,1,"White",3,3,3,3,2,1,3,3,3,3,2,25
"7487",6,11,0,"White",3,1,3,3,2,1,3,3,3,3,2,25
"7488",6,13,0,"Black",3,2,1,1,3,3,3,2,2,3,2,25
"7489",6,13,1,"Hispanic",2,2,1,2,2,2,2,2,2,1,2,25
"7490",6,12,1,"Hispanic",1,2,1,1,2,1,3,2,2,1,2,25
"7491",6,14,0,"Black",2,1,3,2,1,2,2,2,2,3,3,25
"7492",6,11,1,"White",2,1,1,3,1,1,3,2,1,2,1,25
"7493",6,12,0,"White",2,2,1,2,2,2,3,2,3,2,1,25
"7494",6,11,0,"Black",2,2,2,2,1,2,2,1,1,1,2,25
"7495",6,11,0,"Hispanic",2,2,3,2,2,3,2,2,3,2,2,25
"7496",6,11,0,"Black",3,2,3,1,1,2,2,1,3,1,1,25
"7497",6,12,0,"White",2,2,2,2,1,2,3,2,3,1,2,25
"7498",7,13,1,"Black",1,2,3,2,1,1,3,2,3,3,1,25
"7499",7,13,1,"Other",1,1,2,3,1,1,2,1,3,1,1,25
"7500",7,12,0,"White",3,2,3,2,2,2,3,2,2,3,2,25
"7501",7,13,0,"Other",1,1,2,3,1,1,3,2,3,3,2,25
"7502",7,14,1,"Black",3,3,2,3,3,1,3,3,3,3,2,25
"7503",7,12,1,"White",3,1,3,3,1,2,3,3,2,3,3,25
"7504",7,13,0,"White",2,3,3,1,2,2,2,1,2,2,1,25
"7505",7,12,1,"Hispanic",2,2,3,3,2,2,3,3,3,2,3,25
"7506",7,13,1,"White",3,2,3,2,3,2,3,3,3,3,2,25
"7507",7,13,0,"White",2,2,1,1,1,1,2,1,1,1,1,25
"7508",7,14,0,"White",2,2,3,2,2,2,3,1,3,3,3,25
"7509",7,12,0,"White",2,2,3,2,2,2,3,1,2,2,NA,25
"7510",7,13,0,"White",2,2,3,2,1,1,3,2,2,2,3,25
"7511",7,13,1,"Black",3,3,2,3,3,2,3,3,2,2,3,25
"7512",7,13,1,"Hispanic",3,3,2,3,1,1,3,3,3,3,2,25
"7513",7,14,0,"Hispanic",2,2,2,2,2,2,3,1,1,2,2,25
"7514",7,13,1,"White",3,1,2,2,1,1,3,2,2,2,2,25
"7515",7,12,1,"White",2,2,2,3,3,1,2,3,3,2,1,25
"7516",7,13,1,"Hispanic",3,2,3,2,3,1,2,2,2,3,2,25
"7517",7,12,0,"Black",3,2,3,1,1,1,2,1,1,2,2,25
"7518",6,12,0,"White",2,1,2,1,1,3,2,1,3,2,1,25
"7519",6,11,0,"White",3,2,3,2,2,1,2,1,2,1,1,25
"7520",6,11,0,"White",3,2,3,2,2,2,3,3,2,2,NA,25
"7521",6,11,0,"White",3,2,2,2,1,1,2,1,1,1,1,25
"7522",6,12,1,"White",3,2,2,3,3,2,3,3,2,3,3,25
"7523",6,11,1,"White",2,2,2,2,2,1,3,2,3,2,2,25
"7524",6,12,0,"White",3,2,3,2,2,2,2,2,3,3,3,25
"7525",6,11,1,"Hispanic",3,1,3,1,3,3,3,3,3,3,2,25
"7526",6,11,0,"White",1,2,1,2,1,2,2,1,1,2,1,25
"7527",6,11,1,"Other",2,2,3,2,1,2,3,3,3,1,1,25
"7528",6,11,0,"Black",2,1,3,2,3,2,3,2,3,2,2,25
"7529",6,12,1,"White",3,3,3,3,2,3,3,2,3,2,2,25
"7530",6,12,1,"Hispanic",3,2,3,2,1,2,3,2,3,3,2,25
"7531",6,11,1,"Other",3,2,2,3,3,2,3,3,3,2,2,25
"7532",6,12,0,"Hispanic",3,3,3,3,2,2,3,1,2,2,3,25
"7533",8,13,0,"White",2,2,2,3,3,2,3,2,1,1,1,25
"7534",8,13,0,"White",3,3,3,3,3,3,3,2,3,3,2,25
"7535",8,12,1,"White",2,1,3,2,1,2,3,1,3,2,2,25
"7536",8,13,1,"Hispanic",1,2,2,1,1,1,2,1,1,1,1,25
"7537",8,14,1,"Black",1,1,2,3,2,1,3,2,3,2,3,25
"7538",8,13,0,"Hispanic",1,3,2,3,1,3,2,1,2,1,1,25
"7539",8,14,1,"White",1,2,2,2,1,1,2,2,3,2,2,25
"7540",8,14,0,"White",3,2,2,2,1,2,2,1,2,2,2,25
"7541",8,13,0,"White",1,2,2,2,1,2,2,1,2,1,1,25
"7542",8,14,0,"White",2,1,3,2,1,3,2,1,2,3,2,25
"7543",8,13,1,"Black",2,1,3,2,1,2,2,1,2,2,1,25
"7544",6,12,0,"White",NA,NA,NA,NA,NA,NA,NA,NA,NA,NA,NA,25
"7545",8,13,1,"White",2,2,3,3,1,3,3,3,3,2,2,25
"7546",8,14,1,"Other",2,2,2,2,2,2,2,3,2,2,1,25
"7547",8,14,0,"White",3,2,3,3,3,3,2,3,3,3,3,25
"7548",8,13,1,"White",1,1,1,2,1,2,3,3,3,3,2,25
"7549",8,13,1,"White",2,2,2,1,2,2,2,1,3,1,1,25
"7550",8,14,0,"White",2,2,3,3,1,2,3,2,3,2,2,25
"7551",8,15,1,"White",2,2,2,3,2,2,2,2,2,2,1,25
"7552",8,13,0,"White",1,2,2,2,1,2,1,1,2,1,1,25
"7553",8,14,0,"Hispanic",2,2,2,2,2,2,3,2,3,3,1,25
"7554",8,13,1,"Black",2,2,3,2,1,2,3,2,2,3,3,25
"7555",8,14,1,"Black",3,2,3,2,1,2,2,2,2,2,1,25
"7556",8,15,0,"White",1,1,1,2,1,1,1,1,1,1,3,25
"7557",7,13,1,"Hispanic",NA,NA,NA,NA,NA,NA,NA,NA,NA,NA,NA,25
"7558",8,13,0,"White",3,2,3,3,2,2,2,3,2,3,3,25
"7559",8,13,0,"Hispanic",3,2,3,1,3,1,2,3,3,3,2,25
"7560",8,14,0,"White",3,2,2,2,1,2,3,2,2,2,2,25
"7561",8,13,1,"Black",1,1,1,1,1,1,3,3,2,1,1,25
"7562",8,14,1,"White",2,3,3,3,1,2,2,2,3,3,2,25
"7563",8,13,0,"Hispanic",2,2,3,2,1,2,3,1,3,1,2,25
"7564",8,13,0,"White",2,3,3,3,2,1,2,3,3,3,3,26
"7565",8,13,1,"White",3,2,3,3,2,3,3,2,3,2,2,26
"7566",8,14,0,"White",1,1,1,1,1,1,1,1,1,3,2,26
"7567",8,14,0,"Black",3,2,3,2,2,2,2,1,2,3,2,26
"7568",8,13,0,"White",2,1,2,2,1,1,2,2,1,2,1,26
"7569",8,15,0,"White",3,2,2,1,1,1,1,1,3,3,3,26
"7570",8,14,1,"White",1,2,3,2,1,1,2,2,3,2,2,26
"7571",8,13,0,"Black",2,1,1,1,1,1,1,1,1,1,1,26
"7572",8,14,1,"White",1,2,1,3,1,1,2,1,3,2,1,26
"7573",8,14,0,"White",2,3,2,3,1,2,3,1,2,3,1,26
"7574",8,13,0,"Other",2,3,3,2,3,2,3,2,2,2,2,26
"7575",8,14,0,"Black",2,1,1,3,3,2,3,2,1,3,3,26
"7576",8,14,1,"White",2,2,2,2,2,2,2,2,2,2,2,26
"7577",8,14,0,"White",2,2,2,1,1,1,2,1,1,2,2,26
"7578",8,13,0,"Black",2,1,1,1,1,1,2,1,1,2,1,26
"7579",8,14,1,"Black",2,2,3,2,2,3,2,1,3,2,1,26
"7580",8,14,1,"White",3,3,3,3,3,3,3,3,3,3,2,26
"7581",8,13,1,"White",2,3,3,3,2,2,3,3,2,1,2,26
"7582",8,13,0,"White",3,1,2,2,1,3,3,1,1,2,2,26
"7583",8,14,0,"White",2,2,3,3,3,2,3,2,3,3,2,26
"7584",8,14,0,"White",2,2,2,2,2,2,2,2,2,2,2,26
"7585",8,14,0,"White",2,1,1,1,1,1,1,1,1,1,2,26
"7586",8,13,0,"Black",2,1,2,2,1,3,3,1,1,2,1,26
"7587",8,13,0,"Black",1,2,1,1,1,2,1,1,3,1,2,26
"7588",8,14,0,"White",2,1,3,2,2,2,1,1,3,3,3,26
"7589",8,14,0,"Black",1,2,3,3,1,2,3,2,3,2,1,26
"7590",8,14,0,"White",2,2,2,2,3,2,2,2,2,2,1,26
"7591",8,14,1,"White",2,2,3,3,2,2,3,3,3,3,3,26
"7592",8,14,0,"White",3,3,2,3,1,2,3,2,3,3,3,26
"7593",8,14,1,"White",3,2,3,2,1,2,2,1,3,3,1,26
"7594",8,13,1,"White",2,1,3,3,1,2,3,3,2,1,2,26
"7595",8,13,1,"White",3,3,3,1,3,1,3,3,3,1,1,26
"7596",8,13,0,"Hispanic",2,2,2,2,2,2,3,1,3,2,2,26
"7597",8,13,1,"White",3,3,3,3,2,2,3,3,2,3,3,26
"7598",8,13,1,"White",3,3,3,3,2,3,3,3,3,3,2,26
"7599",8,14,1,"White",3,3,3,3,1,2,3,3,2,3,3,26
"7600",8,14,1,"White",2,1,2,1,1,2,2,1,1,2,2,26
"7601",8,13,1,"White",2,2,3,3,2,2,3,2,2,2,3,26
"7602",8,14,0,"Black",2,2,2,3,2,1,3,1,2,3,2,26
"7603",8,13,0,"White",2,1,1,1,1,1,1,1,3,1,1,26
"7604",8,13,1,"White",2,2,2,3,2,2,3,3,3,1,2,26
"7605",8,14,0,"Black",2,1,1,NA,2,1,2,1,1,1,1,26
"7606",8,13,0,"Black",2,3,2,2,3,3,3,3,1,3,3,26
"7607",8,14,1,"White",1,2,1,2,2,1,2,1,3,1,2,26
"7608",8,13,1,"White",3,2,3,2,2,1,3,2,2,3,2,26
"7609",8,13,0,"Other",3,2,3,3,2,3,2,2,3,2,2,26
"7610",8,15,0,"White",2,2,2,3,2,2,3,2,2,2,3,26
"7611",8,14,1,"White",2,3,3,2,2,3,3,3,3,3,2,26
"7612",8,13,1,"White",3,1,3,3,3,3,3,3,2,3,3,26
"7613",8,14,1,"White",2,3,3,3,2,2,3,3,2,3,3,26
"7614",8,13,1,"White",2,1,3,2,1,3,3,1,3,2,3,26
"7615",8,14,1,"Black",2,1,3,2,1,2,1,2,3,3,2,26
"7616",8,13,0,"White",3,2,3,3,3,2,3,3,3,2,3,26
"7617",8,14,1,"White",2,1,1,1,1,2,1,2,1,1,1,26
"7618",8,13,1,"Black",3,2,3,2,1,2,3,3,2,3,2,26
"7619",8,14,1,"Black",3,2,2,3,2,2,3,3,2,3,2,26
"7620",8,14,0,"White",2,1,2,3,1,2,2,1,1,1,1,26
"7621",8,13,1,"White",3,2,2,3,1,2,2,3,3,2,3,26
"7622",8,14,0,"White",2,2,1,2,1,2,2,1,1,2,2,26
"7623",8,14,1,"White",2,1,1,3,2,1,2,1,1,3,2,26
"7624",8,14,0,"White",1,1,1,1,1,1,1,1,1,1,1,26
"7625",8,14,1,"White",1,2,2,1,1,1,1,1,2,2,1,26
"7626",8,14,1,"White",3,3,2,3,2,3,3,3,2,3,2,26
"7627",8,15,1,"White",3,2,3,3,2,2,3,3,3,3,3,26
"7628",8,13,0,"White",3,1,3,2,3,3,3,1,3,3,2,26
"7629",8,13,1,"White",1,2,2,2,1,1,3,3,2,2,2,26
"7630",8,13,1,"White",2,3,3,3,2,2,3,3,3,2,3,26
"7631",8,14,1,"White",3,2,3,3,2,2,3,3,2,2,2,26
"7632",8,13,1,"White",3,2,3,2,1,2,3,1,3,2,2,26
"7633",8,13,1,"White",3,3,3,3,1,3,3,3,3,3,3,26
"7634",8,14,1,"Black",3,2,3,2,2,2,2,1,2,2,3,26
"7635",8,13,0,"Hispanic",1,2,3,3,2,3,3,2,3,3,3,26
"7636",8,14,1,"Black",3,2,3,3,2,1,3,3,1,1,2,26
"7637",8,13,1,"White",3,1,2,2,1,2,2,3,3,2,2,26
"7638",8,13,1,"White",3,2,3,2,1,3,2,2,3,3,3,26
"7639",8,13,1,"White",2,2,3,2,3,3,3,3,3,3,2,26
"7640",8,13,1,"Black",2,3,2,2,2,3,3,2,2,1,2,26
"7641",8,13,0,"White",2,3,2,2,1,1,2,2,3,2,2,26
"7642",8,13,0,"Black",1,1,3,2,1,2,1,2,1,2,3,26
"7643",8,14,0,"White",2,3,3,3,2,2,3,2,2,2,2,26
"7644",8,13,0,"Hispanic",3,2,1,2,1,1,3,1,3,2,2,26
"7645",8,13,0,"Other",1,2,2,3,1,1,3,1,2,3,2,26
"7646",8,13,1,"White",2,2,2,3,3,2,2,1,2,3,2,26
"7647",8,13,0,"White",1,3,1,3,1,1,1,1,1,1,1,26
"7648",8,13,0,"White",1,2,3,2,3,2,3,1,1,2,3,26
"7649",8,14,0,"Hispanic",3,1,3,1,3,3,3,1,3,3,3,26
"7650",8,13,1,"White",2,2,3,2,2,2,3,1,3,2,3,26
"7651",8,13,0,"White",2,1,2,2,2,2,2,2,2,2,2,26
"7652",8,14,1,"Black",3,2,3,2,2,1,3,2,3,3,3,26
"7653",8,14,1,"White",3,1,3,3,3,3,3,3,3,3,3,26
"7654",8,14,0,"Black",1,1,1,1,1,1,1,1,1,1,2,26
"7655",8,14,1,"White",2,1,1,2,1,2,2,1,2,2,1,26
"7656",8,14,1,"Black",2,3,3,3,3,2,3,2,3,2,1,26
"7657",8,14,0,"White",2,2,3,2,1,2,2,1,3,2,2,26
"7658",8,13,1,"White",3,3,3,3,3,3,3,3,3,1,1,26
"7659",8,14,0,"Black",2,2,2,3,1,2,3,3,1,2,2,26
"7660",8,13,1,"White",2,3,2,3,1,2,3,2,2,3,2,26
"7661",8,14,1,"White",3,3,3,3,2,2,3,3,3,3,2,26
"7662",8,13,1,"White",3,2,3,3,1,2,2,3,2,3,3,26
"7663",8,14,0,"White",1,3,3,2,1,1,2,3,3,3,3,26
"7664",8,13,1,"Black",2,2,2,2,1,2,3,3,2,2,3,26
"7665",8,14,1,"White",3,2,2,2,1,1,2,2,3,3,3,26
"7666",8,14,1,"Black",2,1,3,2,2,2,2,2,1,3,1,26
"7667",8,14,1,"White",3,3,3,3,3,3,3,3,3,3,2,26
"7668",7,13,0,"White",2,2,2,2,2,2,2,2,2,2,2,26
"7669",7,13,1,"White",NA,NA,2,NA,NA,2,2,NA,NA,NA,NA,26
"7670",7,13,1,"Black",3,3,3,3,3,1,1,3,1,2,2,26
"7671",7,13,1,"White",2,2,3,3,1,2,3,3,3,2,3,26
"7672",7,13,1,"Black",3,NA,NA,NA,3,NA,NA,NA,NA,2,NA,26
"7673",7,12,0,"White",1,1,3,2,1,2,1,1,2,2,3,26
"7674",7,13,1,"White",2,1,1,1,1,1,1,1,3,3,1,26
"7675",7,12,1,"White",3,1,3,2,1,1,3,2,3,3,1,26
"7676",7,13,1,"White",3,2,2,2,2,2,3,2,2,2,3,26
"7677",7,12,0,"White",1,1,1,1,1,1,1,1,1,1,1,26
"7678",7,13,0,"White",1,1,1,1,1,1,1,1,1,2,2,26
"7679",7,12,0,"White",2,3,3,2,3,3,3,2,3,3,3,26
"7680",7,13,0,"White",2,2,2,2,2,2,2,2,2,2,2,26
"7681",7,12,0,"White",1,2,2,2,2,2,2,1,2,2,2,26
"7682",7,14,0,"White",2,1,2,1,1,2,2,1,2,2,2,26
"7683",7,12,0,"White",2,3,3,3,1,2,3,2,3,2,2,26
"7684",7,12,0,"White",3,2,NA,3,3,3,3,3,3,3,3,26
"7685",7,13,0,"White",3,2,2,3,1,2,3,2,1,3,3,26
"7686",7,12,0,"White",2,3,1,2,2,2,1,3,1,2,2,26
"7687",7,13,1,"White",1,3,2,1,1,1,3,3,3,1,1,26
"7688",7,13,0,"White",3,1,3,1,2,3,3,2,3,3,3,26
"7689",7,12,1,"White",2,2,3,2,1,2,3,2,3,2,2,26
"7690",7,12,1,"White",3,2,3,3,2,3,3,3,3,2,3,26
"7691",7,12,0,"White",2,2,3,2,1,2,2,1,2,2,1,26
"7692",7,12,1,"White",2,1,2,2,3,2,3,1,2,2,2,26
"7693",7,12,0,"Asian",3,1,3,3,3,3,3,3,1,3,3,26
"7694",7,14,1,"Black",1,2,1,1,1,1,1,1,1,2,1,26
"7695",7,12,0,"White",3,3,2,3,3,2,3,1,3,2,3,26
"7696",7,13,0,"White",3,1,3,3,2,3,3,2,3,3,2,26
"7697",7,14,1,"White",2,2,2,2,2,1,2,3,2,3,2,26
"7698",7,13,0,"White",3,2,3,3,2,3,3,2,3,3,2,26
"7699",7,12,1,"Black",2,1,3,1,1,1,2,2,2,2,1,26
"7700",7,13,0,"White",2,2,3,2,2,3,3,2,1,3,3,26
"7701",7,13,0,"White",3,1,1,1,1,1,2,1,1,1,1,26
"7702",7,13,0,"White",2,1,2,2,1,2,2,1,3,2,1,26
"7703",7,13,0,"White",3,3,3,3,1,3,3,3,3,3,3,26
"7704",7,12,0,"White",2,2,3,2,2,2,1,1,2,3,2,26
"7705",7,12,1,"White",2,3,3,3,1,2,3,3,2,3,2,26
"7706",7,12,1,"White",2,2,3,3,1,3,1,1,2,3,2,26
"7707",7,12,1,"Black",3,3,2,3,2,2,3,3,3,2,3,26
"7708",7,13,0,"Hispanic",2,1,1,2,1,2,1,1,1,2,1,26
"7709",7,12,1,"Hispanic",2,2,2,2,1,2,2,2,1,2,2,26
"7710",7,12,1,"White",3,2,2,3,2,3,2,1,3,2,2,26
"7711",7,12,1,"White",3,1,2,3,3,2,3,3,2,2,3,26
"7712",7,12,0,"Black",1,1,1,1,1,1,1,1,1,2,1,26
"7713",7,12,0,"White",3,2,2,2,1,3,2,2,3,3,2,26
"7714",7,12,1,"White",3,3,3,2,1,3,3,2,3,2,2,26
"7715",7,13,0,"White",2,2,1,2,1,2,2,2,2,2,2,26
"7716",7,13,1,"White",1,1,1,1,1,1,1,1,1,1,1,26
"7717",7,13,1,"White",3,2,3,2,2,3,3,3,2,2,2,26
"7718",7,12,1,"White",3,3,3,3,1,3,3,3,2,2,2,26
"7719",7,12,1,"Other",1,1,3,1,NA,1,2,1,1,2,2,26
"7720",7,13,0,"White",2,1,2,2,2,1,2,1,2,1,1,26
"7721",7,12,1,"Other",3,2,3,2,1,2,1,2,2,3,3,26
"7722",7,13,0,"White",2,2,2,3,1,1,3,2,3,2,2,26
"7723",7,12,0,"Black",3,2,3,3,2,2,3,1,2,3,3,26
"7724",7,12,1,"White",3,2,3,3,2,3,3,3,3,2,3,26
"7725",6,12,0,"Black",NA,NA,NA,2,NA,2,NA,NA,2,NA,NA,26
"7726",6,11,1,"White",2,2,3,3,3,3,3,3,2,2,2,26
"7727",6,13,0,"White",3,2,1,NA,1,1,1,1,1,1,2,26
"7728",6,12,1,"White",1,1,3,3,3,3,3,3,3,3,3,26
"7729",6,12,1,"White",3,2,3,3,2,2,2,3,3,3,3,26
"7730",6,11,0,"White",2,3,2,1,1,1,2,1,1,1,1,26
"7731",6,12,0,"White",3,3,3,3,3,3,3,3,3,3,3,26
"7732",6,11,1,"White",3,2,3,3,3,2,3,2,2,3,1,26
"7733",6,11,1,"White",3,3,3,3,3,3,3,3,3,3,2,26
"7734",6,12,0,"White",3,3,3,3,2,3,3,1,3,2,3,26
"7735",6,12,0,"White",1,1,1,1,1,1,1,1,1,1,1,26
"7736",6,13,1,"Other",2,1,3,3,3,3,3,3,3,3,3,26
"7737",6,13,0,"Black",1,1,2,1,1,2,1,1,1,3,1,26
"7738",6,11,1,"White",3,2,3,3,3,3,3,3,3,3,2,26
"7739",6,11,0,"White",2,3,1,1,1,2,1,1,3,1,1,26
"7740",6,12,0,"White",3,3,3,3,2,3,3,2,3,3,2,26
"7741",6,12,0,"White",2,1,3,3,2,2,3,2,2,3,3,26
"7742",6,11,0,"Black",3,2,3,1,2,2,2,1,3,2,1,26
"7743",6,12,0,"White",3,2,3,2,2,2,3,1,1,2,2,26
"7744",6,11,1,"White",3,2,3,3,2,2,2,3,3,2,2,26
"7745",6,11,1,"White",2,3,3,3,2,2,3,3,2,2,3,26
"7746",6,12,1,"White",3,2,3,3,3,3,3,3,2,3,2,26
"7747",6,11,0,"White",2,3,3,1,1,1,2,1,3,2,2,26
"7748",6,11,0,"White",2,3,3,3,2,2,3,2,2,2,2,26
"7749",6,11,1,"White",1,2,3,3,1,2,1,2,1,3,2,26
"7750",6,12,0,"White",2,3,2,3,2,3,3,1,2,3,1,26
"7751",6,12,0,"White",1,2,1,1,1,1,2,1,1,1,2,26
"7752",6,12,1,"White",2,3,1,1,1,1,2,2,2,3,3,26
"7753",6,11,0,"White",1,2,2,2,3,1,2,3,2,1,3,26
"7754",6,12,0,"White",2,3,3,3,1,2,3,1,3,2,2,26
"7755",6,12,1,"Black",3,2,3,2,2,3,3,3,3,2,2,26
"7756",6,11,0,"White",3,2,3,2,2,3,2,2,3,3,3,26
"7757",6,10,1,"White",3,3,3,3,2,3,3,3,3,3,3,26
"7758",6,11,1,"White",3,2,3,3,2,3,3,3,2,3,2,26
"7759",6,12,0,"Black",2,3,3,3,2,2,3,2,2,2,2,26
"7760",6,11,1,"White",3,2,3,2,1,3,3,3,3,1,2,26
"7761",6,12,0,"White",2,2,2,1,1,1,1,1,2,1,2,26
"7762",6,12,1,"White",2,2,3,2,2,3,3,3,3,3,2,26
"7763",6,11,1,"White",3,2,3,2,3,3,2,2,3,2,2,26
"7764",6,11,0,"White",2,1,2,3,NA,1,2,1,1,2,1,26
"7765",6,12,1,"White",3,2,3,2,2,2,3,2,1,2,NA,26
"7766",6,12,0,"White",1,2,1,3,1,1,2,1,1,2,3,26
"7767",6,11,0,"White",3,2,3,1,2,1,3,2,2,3,2,26
"7768",6,12,1,"Black",2,2,3,2,1,2,2,2,3,3,2,26
"7769",6,11,1,"Black",2,2,1,1,1,2,2,2,1,1,2,26
"7770",6,11,1,"Black",3,2,3,3,1,3,3,3,2,3,3,26
"7771",6,11,0,"White",2,2,3,2,3,2,3,1,2,3,1,26
"7772",6,11,0,"Black",2,1,3,3,1,1,2,1,3,2,1,26
"7773",6,12,1,"White",3,2,3,3,2,3,3,3,2,3,2,26
"7774",6,11,1,"Black",1,2,2,1,3,3,3,3,2,2,3,26
"7775",6,12,0,"White",2,1,3,1,2,3,2,1,2,3,1,26
"7776",6,11,0,"Black",3,2,3,3,3,3,3,1,2,1,3,26
"7777",6,12,1,"White",3,2,3,2,1,2,2,1,1,2,2,26
"7778",6,11,1,"White",3,3,3,3,2,1,2,2,2,3,2,26
"7779",6,11,0,"White",2,1,3,1,2,2,3,2,3,3,2,26
"7780",6,11,0,"Black",2,1,2,3,1,1,2,1,1,1,1,26
"7781",6,12,1,"White",3,3,3,3,3,3,3,3,3,3,3,26
"7782",6,11,0,"White",2,1,3,2,2,2,3,2,2,3,2,26
"7783",6,12,0,"Other",2,2,1,1,1,1,1,1,3,2,1,26
"7784",6,11,1,"White",3,2,2,2,2,3,2,1,2,2,2,26
"7785",6,11,1,"White",2,1,1,1,1,1,3,2,1,1,1,26
"7786",6,11,1,"White",3,3,3,3,3,3,3,3,3,3,2,26
"7787",6,12,1,"White",3,3,2,3,2,2,2,3,3,2,2,26
"7788",6,12,1,"White",2,2,3,1,3,2,3,2,3,2,1,26
"7789",6,11,1,"White",3,3,3,3,3,3,3,3,3,3,3,26
"7790",6,12,1,"White",2,2,3,3,2,2,3,2,3,3,2,26
"7791",6,11,1,"White",3,2,3,1,1,2,1,3,1,2,3,26
"7792",6,12,0,"Black",2,2,2,1,1,1,2,1,1,2,2,26
"7793",6,11,0,"White",1,2,3,2,1,3,2,1,1,2,1,26
"7794",6,11,1,"Black",3,2,3,2,2,3,3,3,3,2,2,26
"7795",6,12,1,"White",2,2,3,3,3,3,2,2,1,2,1,26
"7796",6,11,1,"White",2,2,3,2,2,3,2,2,3,2,2,26
"7797",6,12,0,"White",3,2,3,3,2,3,3,2,3,2,2,26
"7798",6,11,1,"White",3,3,3,2,1,3,3,3,3,2,2,26
"7799",6,11,1,"Black",2,3,3,1,1,2,2,3,1,2,1,26
"7800",6,12,0,"Black",2,2,3,2,1,1,1,1,1,2,3,26
"7801",6,12,1,"White",1,2,3,1,1,2,3,2,2,2,1,26
"7802",6,11,1,"White",2,2,3,3,2,1,3,3,3,2,2,26
"7803",6,11,0,"White",2,2,2,3,2,2,3,1,1,2,2,26
"7804",6,12,1,"White",2,2,3,3,2,3,3,3,3,2,2,26
"7805",6,11,1,"White",2,3,3,3,2,1,3,3,2,3,2,26
"7806",6,12,0,NA,3,2,3,2,2,1,3,1,2,3,2,26
"7807",6,11,0,"White",1,3,1,1,1,1,1,1,1,1,1,26
"7808",6,12,0,"White",2,2,2,2,2,2,2,2,2,2,2,26
"7809",6,11,1,"White",3,1,3,1,2,3,3,3,3,2,3,26
"7810",6,12,1,"Hispanic",2,2,3,3,2,3,3,3,2,3,2,26
"7811",6,12,1,"Hispanic",3,2,3,2,1,2,2,1,2,3,2,26
"7812",6,11,1,"Other",3,2,3,3,2,3,3,3,2,3,2,26
"7813",6,11,0,"White",3,3,1,2,3,1,3,3,3,3,3,26
"7814",6,12,1,"White",3,2,3,2,2,3,3,2,3,3,1,26
"7815",6,11,1,"White",2,1,2,1,1,1,2,1,3,1,1,26
"7816",6,11,0,"White",2,1,1,1,1,1,2,1,2,1,2,26
"7817",6,12,1,"White",3,2,2,2,1,3,2,1,2,2,2,26
"7818",8,14,0,"Black",2,2,3,2,2,2,2,1,2,2,2,26
"7819",8,14,1,"White",2,2,2,2,2,2,2,2,2,2,2,26
"7820",8,13,0,"White",2,2,2,2,2,2,2,2,2,2,2,26
"7821",8,14,0,"White",1,3,3,2,NA,3,1,NA,1,3,2,26
"7822",8,14,0,"White",1,3,3,2,2,1,2,1,2,2,1,26
"7823",8,14,0,"White",1,1,1,1,1,1,1,1,1,1,1,26
"7824",8,13,0,"Black",1,1,1,1,1,1,1,1,1,2,1,26
"7825",8,13,0,"White",3,2,2,3,3,2,3,3,3,3,NA,26
"7826",8,13,0,"White",3,2,2,3,1,2,1,3,3,2,3,26
"7827",8,14,0,"White",2,1,2,2,2,3,2,1,2,3,2,26
"7828",8,13,0,"Other",2,2,2,2,1,2,2,1,1,1,1,26
"7829",8,14,0,"White",3,3,3,3,3,3,3,3,3,3,3,26
"7830",8,13,0,"White",3,2,2,2,3,3,2,1,3,2,2,26
"7831",8,14,0,"White",3,2,2,2,2,3,3,3,3,2,3,26
"7832",8,14,0,"White",2,2,2,2,2,2,2,2,2,2,1,26
"7833",8,14,0,"Black",2,2,2,2,1,2,3,2,1,3,2,26
"7834",8,13,0,"White",2,1,2,3,1,1,3,1,3,3,3,26
"7835",8,13,1,"Other",2,3,3,3,3,3,2,3,3,3,3,26
"7836",8,14,1,"Black",2,2,3,1,1,2,2,1,2,2,1,26
"7837",8,13,0,"White",1,1,1,1,2,1,2,1,3,2,3,26
"7838",8,13,0,"Black",2,2,2,2,1,3,2,2,3,1,2,26
"7839",8,13,0,"Black",2,1,2,2,1,1,2,1,3,2,1,26
"7840",8,14,0,"White",2,2,2,2,2,2,2,2,2,2,2,26
"7841",8,14,0,"White",3,3,3,3,3,3,3,3,3,3,3,26
"7842",8,14,0,"Black",2,2,3,1,2,1,2,1,1,3,3,26
"7843",8,14,0,"White",2,1,1,1,1,1,1,1,1,1,2,26
"7844",8,13,0,"White",2,1,1,1,3,1,2,1,1,1,1,26
"7845",8,14,1,"White",2,3,3,3,3,2,3,3,3,3,3,26
"7846",8,13,1,"White",2,2,2,2,2,2,3,2,2,2,2,26
"7847",8,14,0,"White",2,2,3,3,3,2,3,3,3,2,2,26
"7848",8,13,0,"White",2,1,2,1,1,1,1,1,2,1,1,26
"7849",8,13,1,"White",2,1,2,2,2,3,2,2,3,2,2,26
"7850",8,13,0,"White",3,3,3,3,2,3,2,2,2,3,1,26
"7851",8,13,0,"White",1,2,2,1,1,2,2,1,3,2,2,26
"7852",8,14,0,"White",2,2,2,2,2,2,2,2,2,2,2,26
"7853",8,14,1,"White",3,2,3,3,1,2,3,3,2,3,2,26
"7854",8,13,0,"White",3,2,3,2,1,1,3,2,1,2,2,26
"7855",8,15,0,"White",3,2,2,3,1,2,3,2,2,3,1,26
"7856",8,14,1,NA,2,2,3,2,2,3,3,1,1,1,2,26
"7857",8,13,0,"Other",2,2,2,2,2,2,2,2,2,2,2,26
"7858",8,14,0,"Black",2,1,2,3,1,2,3,2,1,2,2,26
"7859",8,13,1,"White",3,2,3,3,2,2,2,2,2,2,1,26
"7860",8,13,0,"Other",3,3,3,3,2,3,3,3,2,3,3,26
"7861",8,13,1,"Black",3,1,2,3,1,1,2,2,1,2,2,26
"7862",8,13,1,"Black",2,2,3,3,2,2,3,2,3,3,2,26
"7863",8,14,1,"Black",1,1,2,2,1,1,2,3,1,2,2,26
"7864",8,13,0,"White",2,3,2,3,2,3,3,3,1,3,3,26
"7865",8,13,1,"White",3,1,1,2,1,1,2,3,2,1,1,26
"7866",7,13,0,"White",1,3,1,1,1,1,1,1,1,1,1,26
"7867",7,14,1,"Black",3,3,2,3,1,3,3,3,3,3,3,26
"7868",7,13,0,"White",1,1,1,1,1,1,1,1,1,1,1,26
"7869",7,13,1,"White",2,2,3,3,2,3,3,3,3,3,2,26
"7870",7,13,1,"Other",2,2,3,2,2,2,3,3,2,3,3,26
"7871",7,13,0,"White",1,1,1,1,1,2,2,1,3,1,1,26
"7872",7,12,1,"Black",2,2,1,3,1,2,3,3,1,3,2,26
"7873",7,12,1,"White",2,2,1,1,1,1,2,1,2,1,1,26
"7874",7,12,1,"Black",2,2,2,3,3,1,3,3,3,3,3,26
"7875",7,12,1,"Black",2,2,2,1,1,2,1,2,1,1,2,26
"7876",7,13,0,"White",2,2,1,3,1,2,3,1,3,2,2,26
"7877",7,12,0,"White",3,2,1,2,1,3,3,1,1,1,1,26
"7878",7,13,0,"White",3,2,3,1,2,3,2,1,2,3,2,26
"7879",7,12,0,"White",2,1,3,2,1,2,2,2,1,2,1,26
"7880",7,12,0,"White",3,1,3,1,3,1,3,2,3,2,2,26
"7881",7,13,1,"White",NA,NA,NA,3,NA,NA,NA,3,NA,NA,2,26
"7882",7,13,0,"White",2,2,2,3,2,1,2,1,3,1,2,26
"7883",7,13,0,"Black",2,1,1,1,1,1,2,1,3,1,1,26
"7884",7,13,1,"White",1,2,1,2,2,3,3,2,1,2,2,26
"7885",7,13,0,"Other",3,3,3,3,3,2,3,3,3,3,3,26
"7886",7,13,0,"Black",2,2,3,2,1,2,2,2,3,2,3,26
"7887",7,13,0,"Hispanic",2,3,3,3,3,1,2,2,2,1,1,26
"7888",7,13,0,"White",2,2,2,1,2,2,3,2,3,2,1,26
"7889",7,13,0,"Black",1,1,1,1,3,1,1,2,2,2,1,26
"7890",7,12,0,"White",3,2,3,3,3,3,3,2,3,3,3,26
"7891",7,13,0,"White",2,2,1,2,1,1,1,1,1,1,1,26
"7892",7,13,0,"White",2,2,3,1,2,2,3,1,3,2,2,26
"7893",7,13,1,"White",1,1,1,1,1,1,1,1,1,1,1,26
"7894",7,12,0,"Black",3,1,2,3,3,2,3,3,2,3,3,26
"7895",7,13,1,"White",3,2,2,3,2,3,3,3,2,3,3,26
"7896",7,12,1,"Black",3,2,3,2,2,2,2,2,3,2,3,26
"7897",7,13,1,"Black",3,3,2,3,NA,1,2,3,1,2,3,26
"7898",7,12,0,"White",2,2,3,2,1,2,2,2,2,2,2,26
"7899",7,12,0,"White",3,3,2,2,1,2,3,1,3,1,2,26
"7900",7,13,0,"Black",3,3,1,3,2,2,3,1,2,1,2,26
"7901",7,13,0,"Other",2,2,3,2,1,2,1,1,2,2,2,26
"7902",7,13,0,"Hispanic",2,2,3,1,3,2,2,1,1,2,2,26
"7903",7,12,1,"Black",3,2,3,3,3,3,3,3,3,3,2,26
"7904",7,13,0,"White",2,1,1,1,2,1,2,1,1,1,2,26
"7905",7,13,1,"White",2,1,3,3,2,3,2,2,2,3,1,26
"7906",7,13,0,"Other",1,1,1,1,1,2,2,1,2,1,3,26
"7907",6,12,0,"White",1,1,1,1,1,1,1,1,1,1,1,26
"7908",6,12,0,"White",1,1,3,1,1,2,3,1,1,1,1,26
"7909",6,13,0,"Black",1,2,3,1,NA,2,3,1,1,2,3,26
"7910",6,12,0,"Other",2,1,1,3,1,1,1,1,3,1,1,26
"7911",6,13,0,"Hispanic",2,1,2,1,3,3,3,2,1,1,1,26
"7912",6,11,0,"White",3,2,3,2,2,2,3,2,3,3,2,26
"7913",6,11,0,"Black",3,1,3,2,2,3,3,2,3,3,2,26
"7914",6,13,0,"White",3,1,2,1,1,1,1,1,3,1,1,26
"7915",6,12,1,"White",3,3,3,3,3,3,3,3,3,3,3,26
"7916",6,13,0,"White",2,1,2,2,1,2,2,1,2,3,2,26
"7917",6,12,1,"White",3,2,3,1,2,2,3,3,1,2,2,26
"7918",6,12,0,"White",2,1,1,1,1,2,1,1,1,1,1,26
"7919",6,11,0,"White",2,2,3,2,2,1,3,2,3,3,3,26
"7920",6,12,0,"White",2,3,3,2,3,3,3,2,3,1,3,26
"7921",6,12,0,"White",1,2,2,3,3,1,3,2,2,3,2,26
"7922",6,11,1,"White",3,2,3,3,1,3,3,2,2,2,3,26
"7923",6,12,0,"White",3,2,2,3,2,3,3,1,3,2,3,26
"7924",6,12,0,"White",1,1,2,1,1,1,1,1,1,3,3,26
"7925",6,11,0,"White",2,2,3,3,2,3,3,2,3,3,3,26
"7926",6,11,0,"Other",2,2,2,2,1,1,1,1,1,1,1,26
"7927",6,11,0,"White",3,1,3,2,2,1,3,3,2,2,2,26
"7928",6,11,1,"Black",3,1,3,2,1,2,1,1,1,2,2,26
"7929",6,11,0,"White",2,3,3,3,3,2,3,2,3,2,3,26
"7930",6,11,0,"Black",2,1,2,1,1,1,1,1,1,1,1,26
"7931",6,12,1,"White",1,1,3,2,1,1,2,2,2,2,1,26
"7932",6,12,1,"White",2,2,2,2,1,2,2,1,3,2,1,26
"7933",6,11,1,"Hispanic",2,2,3,2,1,3,2,3,3,2,2,26
"7934",6,11,0,"White",3,3,3,3,2,2,3,2,1,2,2,26
"7935",6,11,1,"White",2,1,3,2,1,2,NA,1,3,2,3,26
"7936",6,12,1,"White",2,2,2,3,1,2,3,1,2,1,3,26
"7937",6,12,1,"White",3,2,3,3,3,3,3,3,2,2,1,26
"7938",6,14,0,"White",1,1,1,1,3,3,3,1,3,1,3,26
"7939",6,11,0,"White",3,2,3,2,1,2,2,2,1,3,3,26
"7940",6,12,1,"Hispanic",3,1,3,1,2,1,1,3,3,3,2,26
"7941",6,12,1,"White",2,1,2,3,2,2,3,3,3,3,2,26
"7942",6,11,0,"White",2,2,3,3,2,2,3,2,3,3,3,26
"7943",6,12,1,"Black",3,2,3,3,2,3,3,3,3,3,2,26
"7944",6,12,1,"Black",2,1,1,1,2,1,2,1,2,2,2,26
"7945",6,11,0,"White",3,3,3,3,2,3,3,2,3,3,3,26
"7946",6,11,1,"Other",3,1,3,3,1,2,3,1,2,1,3,26
"7947",6,11,1,"White",2,3,2,3,1,1,3,2,1,2,1,26
"7948",6,11,0,"White",2,3,3,2,2,3,2,1,3,2,2,26
"7949",6,11,1,"White",3,2,3,2,3,3,3,2,3,3,2,26
"7950",6,12,1,"Black",3,2,2,2,1,3,3,1,3,2,2,26
"7951",6,11,0,"Other",3,2,3,3,2,2,3,3,3,2,2,26
"7952",6,11,1,"White",3,2,3,3,2,3,3,2,3,3,2,26
"7953",NA,NA,NA,NA,NA,NA,NA,NA,NA,NA,NA,NA,NA,NA,NA,26
"7954",8,14,0,"White",2,2,3,3,2,2,3,1,3,3,2,26
"7955",8,13,1,"White",NA,NA,NA,NA,NA,NA,NA,NA,NA,NA,NA,26
"7956",8,14,1,"White",1,2,1,3,1,1,3,1,1,2,3,26
"7957",8,13,0,"White",2,2,1,2,1,1,2,1,2,1,1,26
"7958",8,14,1,"White",NA,NA,NA,NA,NA,NA,NA,NA,NA,NA,NA,26
"7959",8,14,1,"White",3,2,2,3,1,1,2,2,3,3,3,26
"7960",8,14,1,"White",3,3,3,3,3,3,3,3,3,3,3,26
"7961",7,12,1,"White",NA,NA,NA,NA,NA,NA,NA,NA,NA,NA,NA,26
"7962",7,12,0,"White",NA,NA,NA,NA,NA,NA,NA,NA,NA,NA,NA,26
"7963",7,13,1,NA,NA,NA,NA,NA,NA,NA,NA,NA,NA,NA,NA,26
"7964",7,12,1,"White",NA,NA,NA,NA,NA,NA,NA,NA,NA,NA,NA,26
"7965",7,13,1,"White",NA,NA,NA,NA,NA,NA,NA,NA,NA,NA,NA,26
"7966",7,13,1,"White",NA,NA,NA,NA,NA,NA,NA,NA,NA,NA,NA,26
"7967",7,22,0,"Black",NA,NA,NA,NA,NA,NA,NA,NA,NA,NA,NA,26
"7968",7,13,1,"White",3,3,2,3,1,2,3,3,3,3,1,26
"7969",7,12,0,"White",3,2,3,1,3,2,3,2,1,3,1,26
"7970",7,13,1,"White",2,2,3,3,1,2,1,2,3,2,1,26
"7971",NA,NA,NA,NA,NA,NA,NA,NA,NA,NA,NA,NA,NA,NA,NA,26
"7972",NA,NA,NA,NA,NA,NA,NA,NA,NA,NA,NA,NA,NA,NA,NA,26
"7973",6,11,1,NA,NA,NA,NA,NA,NA,NA,NA,NA,NA,NA,NA,26
"7974",6,12,NA,NA,NA,NA,NA,NA,NA,NA,NA,NA,NA,NA,NA,26
"7975",6,11,0,"Hispanic",NA,NA,NA,NA,NA,NA,NA,NA,NA,NA,NA,26
"7976",6,12,1,"Black",1,3,2,3,1,1,2,3,1,3,1,26
"7977",6,11,0,"White",NA,NA,NA,NA,NA,NA,NA,NA,NA,NA,NA,26
"7978",6,12,0,"White",1,1,3,1,2,1,1,1,2,2,1,26
"7979",6,11,1,"White",3,1,2,1,1,3,2,2,3,1,1,26
"7980",6,11,1,"White",1,1,2,1,1,1,1,1,3,1,1,26
"7981",6,11,1,"White",NA,NA,NA,NA,NA,NA,NA,NA,NA,NA,NA,26
"7982",6,11,1,"White",NA,NA,NA,NA,NA,NA,NA,NA,NA,NA,NA,26
"7983",8,13,0,"White",3,3,3,3,3,3,3,3,3,3,3,26
"7984",8,14,1,"Black",NA,NA,NA,NA,NA,NA,NA,NA,NA,NA,NA,26
"7985",7,13,0,"Black",NA,NA,NA,NA,NA,NA,NA,NA,NA,NA,NA,26
"7986",7,12,0,"White",NA,NA,NA,NA,NA,NA,NA,NA,NA,NA,NA,26
"7987",6,12,1,"Black",2,2,3,3,2,2,3,3,3,3,2,26
"7988",NA,NA,NA,NA,NA,NA,NA,NA,NA,NA,NA,NA,NA,NA,NA,26
"7989",11,17,0,"White",3,2,3,2,2,1,3,1,2,3,2,27
"7990",10,17,1,"White",3,2,2,2,3,2,3,3,3,1,1,27
"7991",10,16,1,"White",2,1,3,2,2,1,3,2,3,3,2,27
"7992",10,16,1,"White",3,2,3,2,1,2,2,2,1,2,2,27
"7993",11,17,0,"White",1,2,1,1,1,1,3,1,1,1,2,27
"7994",9,15,0,"Other",3,1,3,3,2,2,3,3,3,2,3,27
"7995",10,16,0,"White",2,2,2,2,1,2,2,2,2,2,2,27
"7996",9,15,1,"White",3,2,3,3,2,2,3,3,3,3,2,27
"7997",9,14,1,"White",2,2,2,3,3,2,3,3,3,3,3,27
"7998",12,18,1,"White",2,2,2,2,3,2,3,3,1,2,1,27
"7999",9,15,0,"White",3,2,1,1,1,2,3,1,1,3,2,27
"8000",9,15,1,"White",3,2,3,3,2,1,2,2,3,2,3,27
"8001",10,16,0,"Hispanic",1,1,1,1,1,1,2,1,1,1,1,27
"8002",9,15,0,"White",3,1,1,1,1,1,2,1,2,1,1,27
"8003",10,17,0,"White",1,2,3,3,2,2,2,2,1,2,3,27
"8004",12,17,1,"White",2,3,3,3,3,3,2,3,3,2,3,27
"8005",11,17,1,"White",2,2,1,2,1,1,1,1,1,1,1,27
"8006",11,17,1,"White",3,2,3,3,3,2,2,2,3,3,3,27
"8007",9,15,0,"White",3,1,2,2,1,1,2,1,2,1,2,27
"8008",12,17,1,"White",3,3,3,3,3,3,3,1,3,3,3,27
"8009",11,18,0,"White",2,1,1,1,1,1,2,1,1,1,1,27
"8010",9,15,0,"White",3,3,3,3,3,3,3,3,3,3,3,27
"8011",10,15,1,"Hispanic",2,3,3,3,2,3,3,2,2,2,2,27
"8012",10,15,0,"White",3,2,1,2,1,1,2,1,1,1,1,27
"8013",9,14,0,"White",3,2,3,3,2,3,3,1,1,3,2,27
"8014",9,15,0,"Hispanic",2,2,2,2,1,1,1,1,3,1,2,27
"8015",9,15,1,"Hispanic",1,2,3,3,2,1,3,1,2,2,2,27
"8016",12,17,1,"White",3,3,3,2,2,2,3,3,2,2,2,27
"8017",9,15,0,"White",2,2,3,3,1,1,3,1,1,2,3,27
"8018",10,15,1,"White",1,1,2,2,1,2,3,2,1,2,2,27
"8019",9,14,0,"White",3,2,2,3,2,2,3,3,2,2,2,27
"8020",9,15,1,"White",2,2,3,2,2,2,2,NA,3,2,2,27
"8021",9,15,1,"White",3,3,3,3,2,2,3,3,2,2,2,27
"8022",11,16,0,"White",2,2,2,2,1,2,3,3,1,3,2,27
"8023",11,17,1,"White",3,2,2,2,1,2,2,2,2,2,3,27
"8024",9,14,0,"White",1,2,3,2,1,1,2,1,1,2,2,27
"8025",11,16,1,"White",3,2,2,3,3,3,3,2,3,3,2,27
"8026",12,18,1,"White",3,3,3,3,3,3,3,3,3,3,1,27
"8027",11,16,1,"White",3,2,3,2,2,3,3,2,3,2,2,27
"8028",9,15,1,"Hispanic",2,2,3,2,2,1,3,2,3,3,3,27
"8029",9,14,1,"White",2,1,1,2,1,1,1,3,2,1,2,27
"8030",9,14,1,"White",3,2,2,3,2,3,3,3,3,3,2,27
"8031",9,14,1,"White",3,3,3,3,2,3,3,3,3,NA,3,27
"8032",12,18,0,"White",2,2,2,1,1,1,2,1,2,2,3,27
"8033",11,16,1,"White",3,2,3,3,2,3,3,3,2,2,3,27
"8034",6,21,1,"Other",1,1,2,1,1,1,1,1,3,1,1,27
"8035",11,17,0,"White",1,2,3,2,3,2,3,1,2,3,2,27
"8036",11,17,0,"White",2,2,2,1,1,1,3,2,2,2,2,27
"8037",11,17,1,"White",1,1,3,1,2,3,1,1,1,3,3,27
"8038",11,17,0,"White",1,1,1,1,1,1,2,1,1,1,1,27
"8039",12,18,0,"White",1,1,1,1,1,1,1,1,1,1,1,27
"8040",11,17,0,"White",3,2,3,3,2,1,3,3,2,2,2,27
"8041",10,16,1,"White",3,2,2,3,2,2,3,2,2,2,3,27
"8042",9,15,0,"White",3,2,3,3,3,3,3,3,3,3,3,27
"8043",9,15,1,"White",2,1,1,1,1,1,1,2,1,2,2,27
"8044",9,14,0,"White",1,1,1,1,1,1,1,1,2,1,1,27
"8045",11,17,0,"White",2,2,3,2,2,2,2,1,3,2,2,27
"8046",12,18,1,"White",3,2,1,1,2,2,2,1,1,1,1,27
"8047",11,18,0,"White",1,2,2,3,2,2,3,1,3,2,2,27
"8048",11,17,1,"White",2,2,2,3,3,1,2,1,1,1,1,27
"8049",11,17,0,"White",2,1,1,2,1,1,2,1,1,1,1,27
"8050",12,17,1,"White",3,2,3,2,1,1,2,1,2,2,2,27
"8051",12,18,0,"Other",2,1,3,3,1,2,3,2,1,2,2,27
"8052",9,15,0,"Other",3,2,2,3,2,2,2,2,2,2,2,27
"8053",10,15,1,"White",3,2,3,3,2,1,2,3,3,1,2,27
"8054",9,15,1,"White",3,2,3,3,1,1,3,2,3,3,2,27
"8055",12,18,0,"White",3,3,2,3,2,2,2,3,2,2,2,27
"8056",12,17,0,"White",2,2,2,2,1,1,2,2,1,2,2,27
"8057",12,18,0,"White",1,1,2,1,1,3,3,1,3,3,3,27
"8058",12,18,1,"White",3,2,1,2,1,1,3,1,1,2,2,27
"8059",12,17,1,"White",3,2,3,3,3,3,3,2,3,3,3,27
"8060",11,17,1,"White",3,3,2,3,2,1,3,3,1,2,3,27
"8061",11,17,0,"Asian",2,1,2,1,1,1,1,1,1,2,1,27
"8062",12,18,0,"White",3,2,2,2,2,2,3,2,1,3,3,27
"8063",12,18,0,"Hispanic",3,2,3,3,2,3,3,1,3,3,3,27
"8064",10,16,0,"White",2,2,2,3,3,2,3,3,2,2,3,27
"8065",12,18,0,"White",1,2,3,2,1,1,3,3,1,3,2,27
"8066",12,18,0,"White",2,2,2,2,1,1,3,1,3,3,2,27
"8067",12,18,0,"White",1,1,2,1,2,1,2,1,3,3,2,27
"8068",11,22,0,"Asian",3,2,3,2,1,2,3,3,3,2,3,27
"8069",11,17,0,"White",1,1,1,1,1,1,2,1,1,1,1,27
"8070",9,15,1,"White",2,2,3,2,2,1,2,2,3,3,3,27
"8071",11,17,0,"White",2,2,3,2,2,1,3,2,3,3,3,27
"8072",12,19,0,"White",2,2,2,2,2,2,2,2,1,3,2,27
"8073",12,18,1,"White",3,2,3,3,2,3,3,3,2,3,3,27
"8074",9,16,0,"White",3,2,2,3,1,1,3,1,3,1,3,27
"8075",12,17,1,"White",2,3,3,3,NA,NA,NA,NA,1,3,3,27
"8076",10,16,0,"Hispanic",2,2,3,3,1,2,3,1,3,3,1,27
"8077",11,16,1,"White",3,2,3,2,1,2,3,2,3,3,2,27
"8078",12,18,0,"White",1,1,2,1,1,1,1,1,3,2,1,27
"8079",12,18,0,"Hispanic",1,2,3,2,1,1,2,1,2,3,2,27
"8080",12,18,1,"White",3,3,3,3,2,2,3,3,2,3,3,27
"8081",11,17,1,"White",2,2,2,2,3,3,3,2,2,3,2,27
"8082",9,15,0,"White",2,2,3,2,2,2,2,1,2,2,2,27
"8083",12,18,1,"White",2,3,3,3,2,2,3,2,2,3,2,27
"8084",11,17,1,"White",3,2,2,2,1,2,3,2,3,2,3,27
"8085",9,15,0,"Other",1,2,2,1,2,2,2,1,2,2,2,27
"8086",10,16,1,"White",3,3,2,3,1,1,3,2,3,2,2,27
"8087",9,15,1,"Hispanic",2,1,3,1,2,3,3,3,2,2,2,27
"8088",9,14,1,"White",3,2,2,3,1,1,3,2,3,2,1,27
"8089",12,17,0,"White",3,3,2,2,1,2,2,1,2,2,2,27
"8090",9,14,1,"White",2,2,3,3,1,1,3,3,2,3,3,27
"8091",9,15,1,"White",2,3,3,3,1,2,3,3,2,3,3,27
"8092",9,15,1,"White",3,2,3,2,2,2,3,2,2,2,3,27
"8093",9,14,1,"White",2,2,3,2,2,1,2,1,2,2,2,27
"8094",12,17,1,"White",2,1,2,1,2,2,2,1,3,2,1,27
"8095",12,17,1,"White",3,2,3,3,2,3,3,3,2,3,3,27
"8096",12,18,1,"Hispanic",3,1,3,3,2,3,3,2,1,3,3,27
"8097",11,16,1,"White",3,2,3,3,1,2,3,2,2,3,2,27
"8098",11,16,0,"White",1,2,2,3,1,1,2,3,2,2,1,27
"8099",11,17,0,"White",2,2,2,2,2,2,2,2,2,2,2,27
"8100",12,17,0,"White",1,1,1,1,1,1,1,1,1,1,1,27
"8101",11,16,1,"White",3,3,2,2,1,1,2,2,2,2,1,27
"8102",12,18,0,"White",2,2,3,2,1,1,2,1,1,3,3,27
"8103",11,18,0,"White",2,3,2,2,1,1,2,1,2,3,2,27
"8104",11,17,1,"Hispanic",3,2,3,2,2,3,3,1,2,3,3,27
"8105",11,16,1,"White",3,3,3,3,3,3,3,2,3,2,3,27
"8106",10,15,1,"White",2,1,2,2,1,1,3,1,2,2,2,27
"8107",11,17,1,"Hispanic",1,2,2,2,2,2,2,2,2,2,2,27
"8108",9,16,0,"White",1,3,3,3,2,3,2,2,2,2,1,27
"8109",9,15,0,"White",1,3,2,2,NA,2,2,2,1,3,NA,27
"8110",11,17,1,"White",3,3,2,2,2,2,2,2,2,3,2,27
"8111",10,16,1,"White",1,1,1,1,1,2,1,1,1,1,1,27
"8112",10,16,0,"Black",1,1,1,1,1,1,3,1,1,1,1,27
"8113",11,16,0,"White",2,3,3,2,3,2,2,1,2,2,2,27
"8114",12,18,1,"White",3,3,3,3,3,1,3,3,3,3,3,27
"8115",10,15,1,"Asian",2,1,1,1,1,1,2,1,2,1,2,27
"8116",10,16,1,"White",1,2,3,2,2,1,3,2,1,2,1,27
"8117",9,15,0,"White",1,1,1,1,1,1,1,1,1,1,1,27
"8118",9,15,0,"White",3,1,1,1,1,1,2,1,2,2,1,27
"8119",12,18,1,"Hispanic",2,2,3,3,1,2,3,3,1,3,1,27
"8120",12,18,0,"Hispanic",2,2,3,3,2,2,3,2,2,2,2,27
"8121",10,15,0,"White",1,1,2,2,1,1,2,1,1,3,3,27
"8122",11,16,1,"White",3,2,2,2,2,2,3,2,2,2,2,27
"8123",9,15,1,"White",3,2,2,2,1,2,2,3,2,3,2,27
"8124",9,14,1,"White",2,1,3,2,1,1,3,3,2,1,2,27
"8125",9,15,0,"White",3,2,2,1,1,1,1,1,1,2,2,27
"8126",9,15,0,"White",3,2,3,1,1,2,3,1,1,2,3,27
"8127",9,15,0,"White",1,1,1,1,1,1,1,1,1,1,1,27
"8128",9,15,0,"White",3,3,3,3,2,3,NA,1,2,3,3,27
"8129",9,15,0,"Black",2,2,3,2,1,1,2,1,2,2,3,27
"8130",12,18,1,"White",3,3,3,3,2,3,3,3,3,3,2,27
"8131",11,16,1,"White",3,2,2,2,2,2,2,2,2,2,2,27
"8132",9,14,0,"White",2,2,2,1,1,1,2,1,2,2,2,27
"8133",10,15,0,"White",3,3,2,3,2,2,3,2,3,3,3,27
"8134",11,17,0,"White",3,2,2,2,1,2,3,1,3,2,2,27
"8135",12,18,0,"Hispanic",1,1,2,1,1,1,1,1,2,2,1,27
"8136",12,17,1,"White",3,2,3,3,2,2,3,3,3,3,3,27
"8137",11,17,0,"White",2,3,3,3,2,3,2,1,2,2,2,27
"8138",12,17,0,"White",1,2,3,2,1,1,1,1,3,1,2,27
"8139",12,18,1,"White",2,3,2,1,2,1,2,2,3,2,3,27
"8140",12,18,1,"White",3,3,3,3,3,3,3,3,3,3,3,27
"8141",12,17,1,"White",3,2,3,2,1,1,2,1,2,2,2,27
"8142",10,15,0,"Other",1,1,1,1,1,1,1,1,3,1,1,27
"8143",9,15,0,"White",2,2,2,2,1,1,2,1,2,2,2,27
"8144",9,15,0,"White",2,2,3,3,2,2,3,2,2,3,2,27
"8145",9,16,0,"White",2,2,2,2,1,2,2,1,2,2,1,27
"8146",9,14,1,"White",2,1,1,2,2,1,2,2,3,2,2,27
"8147",9,15,0,"White",3,1,3,2,2,2,2,1,3,2,2,27
"8148",10,16,0,"White",2,2,2,3,2,1,2,1,3,3,3,27
"8149",9,15,0,"White",2,1,2,3,1,2,3,2,3,2,3,27
"8150",9,15,1,"White",3,2,3,3,1,2,3,3,2,3,2,27
"8151",11,17,1,"White",3,2,3,3,2,2,3,3,2,2,2,27
"8152",9,15,0,"Black",2,1,2,2,1,1,3,2,2,3,2,27
"8153",10,16,1,"White",3,2,2,3,2,2,3,2,1,3,3,27
"8154",9,14,1,"White",3,2,3,3,2,1,3,2,3,3,3,27
"8155",9,15,1,"Other",2,2,2,2,1,1,3,2,3,1,2,27
"8156",9,15,1,"White",3,1,2,1,2,2,3,2,2,2,2,27
"8157",9,15,1,"White",2,2,2,2,1,1,3,2,1,2,3,27
"8158",12,18,0,"Hispanic",1,3,1,1,1,1,1,1,1,1,1,27
"8159",12,18,1,"White",3,1,3,2,1,2,2,3,3,2,2,27
"8160",10,16,0,"White",2,3,2,3,2,2,1,1,2,3,2,27
"8161",9,15,1,"White",3,2,2,2,1,1,3,3,2,2,1,27
"8162",11,16,0,"White",3,2,3,2,2,2,3,1,2,3,2,27
"8163",11,17,0,"Hispanic",1,2,2,2,1,2,3,1,2,3,3,27
"8164",11,17,1,"White",2,2,3,2,1,2,3,2,3,3,3,27
"8165",9,15,0,"White",3,3,2,3,2,3,3,2,1,3,3,27
"8166",11,16,1,"White",3,2,3,2,3,2,3,3,3,3,2,27
"8167",11,17,1,"White",2,2,1,3,2,2,3,3,2,3,2,27
"8168",11,17,0,"White",3,2,2,3,3,3,3,2,2,3,2,27
"8169",NA,15,1,"White",2,3,2,3,1,2,3,3,2,3,2,27
"8170",10,16,1,"White",2,2,2,3,2,1,3,3,1,2,1,27
"8171",10,16,1,"White",1,1,2,2,1,1,3,3,2,2,1,27
"8172",10,16,0,"White",1,1,3,1,1,1,3,2,3,2,NA,27
"8173",12,17,1,"White",2,2,1,3,2,2,3,3,2,3,3,27
"8174",12,18,0,"White",1,1,1,1,1,1,1,1,3,1,1,27
"8175",11,17,1,"White",3,2,3,2,2,2,3,3,2,2,2,27
"8176",12,17,1,"Other",2,2,2,2,2,2,2,2,2,2,2,27
"8177",12,18,1,"Asian",3,2,2,3,1,2,2,2,2,2,2,27
"8178",11,17,1,"White",2,1,2,3,1,1,3,2,2,3,2,27
"8179",12,18,1,"White",2,2,1,3,1,2,3,3,1,2,3,27
"8180",9,14,0,"White",3,2,2,3,2,1,3,1,1,1,2,27
"8181",NA,NA,NA,NA,NA,NA,NA,NA,NA,NA,NA,NA,NA,NA,NA,27
"8182",NA,NA,NA,NA,NA,NA,NA,NA,NA,NA,NA,NA,NA,NA,NA,27
"8183",NA,NA,NA,NA,NA,NA,NA,NA,NA,NA,NA,NA,NA,NA,NA,27
"8184",NA,NA,NA,NA,NA,NA,NA,NA,NA,NA,NA,NA,NA,NA,NA,27
"8185",10,16,1,"White",NA,NA,NA,NA,NA,NA,NA,NA,NA,NA,NA,27
"8186",NA,NA,NA,NA,NA,NA,NA,NA,NA,NA,NA,NA,NA,NA,NA,27
"8187",10,15,1,"White",NA,NA,NA,NA,NA,NA,NA,NA,NA,NA,NA,27
"8188",NA,NA,NA,NA,NA,NA,NA,NA,NA,NA,NA,NA,NA,NA,NA,27
"8189",NA,NA,NA,NA,NA,NA,NA,NA,NA,NA,NA,NA,NA,NA,NA,27
"8190",NA,NA,NA,NA,NA,NA,NA,NA,NA,NA,NA,NA,NA,NA,NA,27
"8191",10,15,1,"Hispanic",NA,NA,NA,NA,NA,NA,NA,NA,NA,NA,NA,27
"8192",9,15,1,"White",2,1,1,2,1,1,1,2,1,2,3,27
"8193",10,15,1,"White",NA,NA,NA,NA,NA,NA,NA,NA,NA,NA,NA,27
"8194",NA,NA,NA,NA,NA,NA,NA,NA,NA,NA,NA,NA,NA,NA,NA,27
"8195",11,17,0,"White",NA,NA,NA,NA,NA,NA,NA,NA,NA,NA,NA,27
"8196",9,15,0,"White",3,1,3,2,2,2,3,2,3,3,3,27
"8197",9,NA,NA,NA,NA,NA,NA,NA,NA,NA,NA,NA,NA,NA,NA,27
"8198",12,18,0,"Hispanic",NA,NA,NA,NA,NA,NA,NA,NA,NA,NA,NA,27
"8199",12,18,0,"White",NA,NA,NA,NA,NA,NA,NA,NA,NA,NA,NA,27
"8200",12,17,1,"White",NA,NA,NA,NA,NA,NA,NA,NA,NA,NA,NA,27
"8201",12,18,0,"White",NA,NA,NA,NA,NA,NA,NA,NA,NA,NA,NA,27
"8202",NA,NA,NA,NA,NA,NA,NA,NA,NA,NA,NA,NA,NA,NA,NA,27
"8203",12,17,1,"White",NA,NA,NA,NA,NA,NA,NA,NA,NA,NA,NA,27
"8204",12,18,0,"White",NA,NA,NA,NA,NA,NA,NA,NA,NA,NA,NA,27
"8205",9,15,0,NA,NA,NA,NA,NA,NA,NA,NA,NA,NA,NA,NA,27
"8206",9,15,0,"White",2,2,2,3,1,1,3,1,2,3,2,27
"8207",11,17,0,"White",NA,NA,NA,NA,NA,NA,NA,NA,NA,NA,NA,27
"8208",11,16,1,"White",NA,NA,NA,NA,NA,NA,NA,NA,NA,NA,NA,27
"8209",11,17,1,"White",NA,NA,NA,NA,NA,NA,NA,NA,NA,NA,NA,27
"8210",11,17,1,"White",3,3,3,3,2,2,3,3,2,3,2,27
"8211",12,18,0,"White",3,2,2,2,1,1,2,3,2,1,2,27
"8212",9,15,0,"White",2,2,3,3,2,2,3,1,2,3,3,27
"8213",12,18,1,"White",NA,NA,NA,NA,NA,NA,NA,NA,NA,NA,NA,27
"8214",11,16,0,"White",2,3,2,3,2,1,3,1,2,2,2,27
"8215",11,17,0,"White",NA,NA,NA,NA,NA,NA,NA,NA,NA,NA,NA,27
"8216",10,16,0,"White",1,1,1,1,1,1,1,1,1,3,1,27
"8217",11,18,0,"White",NA,NA,NA,NA,NA,NA,NA,NA,NA,NA,NA,27
"8218",12,18,0,"White",1,1,1,2,1,1,2,1,1,1,1,27
"8219",11,17,0,"White",NA,NA,NA,NA,NA,NA,NA,NA,NA,NA,NA,27
"8220",11,16,0,"White",NA,NA,NA,NA,NA,NA,NA,NA,NA,NA,NA,27
"8221",9,15,1,"White",NA,NA,NA,NA,NA,NA,NA,NA,NA,NA,NA,27
"8222",NA,NA,NA,NA,NA,NA,NA,NA,NA,NA,NA,NA,NA,NA,NA,27
"8223",NA,NA,NA,NA,NA,NA,NA,NA,NA,NA,NA,NA,NA,NA,NA,27
"8224",NA,NA,NA,NA,NA,NA,NA,NA,NA,NA,NA,NA,NA,NA,NA,27
"8225",NA,NA,NA,NA,NA,NA,NA,NA,NA,NA,NA,NA,NA,NA,NA,27
"8226",11,17,0,"White",2,2,2,2,1,1,2,1,2,2,2,27
"8227",12,19,0,"White",NA,NA,NA,NA,NA,NA,NA,NA,NA,NA,NA,27
"8228",10,15,1,"Hispanic",3,3,3,3,3,3,3,3,3,3,3,27
"8229",12,17,1,"White",NA,NA,NA,NA,NA,NA,NA,NA,NA,NA,NA,27
"8230",11,17,0,"White",NA,NA,NA,NA,NA,NA,NA,NA,NA,NA,NA,27
"8231",11,17,0,"White",NA,NA,NA,NA,NA,NA,NA,NA,NA,NA,NA,27
"8232",11,16,1,"Hispanic",3,2,3,3,1,2,3,2,1,2,3,27
"8233",NA,NA,NA,NA,NA,NA,NA,NA,NA,NA,NA,NA,NA,NA,NA,27
"8234",10,16,1,"White",2,2,2,2,2,1,1,3,2,2,3,27
"8235",10,15,1,"White",1,2,2,1,2,2,2,2,2,NA,2,27
"8236",10,16,0,"White",NA,NA,NA,NA,NA,NA,NA,NA,NA,NA,NA,27
"8237",11,17,0,"White",1,2,1,2,1,2,1,1,1,2,1,27
"8238",11,16,1,"White",3,2,3,3,2,3,3,2,3,3,3,27
"8239",12,18,NA,NA,NA,NA,NA,NA,NA,NA,NA,NA,NA,NA,NA,27
"8240",11,17,0,"Other",2,1,2,2,1,2,1,1,1,2,1,27
"8241",12,18,1,"White",NA,NA,NA,NA,NA,NA,NA,NA,NA,NA,NA,27
"8242",12,18,1,"White",NA,NA,NA,NA,NA,NA,NA,NA,NA,NA,NA,27
"8243",12,22,1,"Asian",NA,NA,NA,NA,NA,NA,NA,NA,NA,NA,NA,27
"8244",10,16,1,"White",NA,NA,NA,NA,NA,NA,NA,NA,NA,NA,NA,27
"8245",12,21,1,NA,NA,NA,NA,NA,NA,NA,NA,NA,NA,NA,NA,27
"8246",12,17,1,"Hispanic",NA,NA,NA,NA,NA,NA,NA,NA,NA,NA,NA,27
"8247",12,18,1,"White",2,2,3,3,2,3,3,3,2,2,2,27
"8248",12,18,0,"White",1,1,1,1,1,1,1,1,3,1,1,27
"8249",11,19,0,"White",2,2,2,2,2,2,2,2,2,2,2,27
"8250",10,16,1,"White",2,2,3,3,2,1,3,3,3,3,NA,27
"8251",NA,NA,NA,NA,NA,NA,NA,NA,NA,NA,NA,NA,NA,NA,NA,27
"8252",9,15,1,"White",2,2,3,3,3,3,3,3,2,3,3,27
"8253",12,17,0,"Hispanic",1,2,2,2,1,2,3,3,1,2,2,28
"8254",12,17,0,"Hispanic",3,1,3,3,3,2,3,1,2,3,3,28
"8255",12,17,0,"White",3,2,3,3,2,3,3,3,2,3,3,28
"8256",12,17,1,"Hispanic",3,3,3,3,3,3,3,3,3,3,2,28
"8257",12,17,0,"Hispanic",1,2,3,2,2,3,2,1,3,2,3,28
"8258",12,17,1,"Hispanic",3,2,3,3,2,3,3,2,3,2,2,28
"8259",12,18,1,"Hispanic",3,2,3,3,3,3,3,3,3,3,3,28
"8260",12,18,1,"Black",2,2,3,3,1,1,3,2,1,2,3,28
"8261",11,16,0,"Hispanic",1,1,1,3,1,1,1,3,1,1,1,28
"8262",NA,18,0,"Hispanic",2,2,2,2,2,2,2,2,2,2,2,28
"8263",12,17,0,"Asian",3,3,3,3,3,3,3,3,3,3,3,28
"8264",11,17,0,"Hispanic",2,2,2,2,1,2,2,1,2,2,2,28
"8265",11,17,0,"Hispanic",3,2,3,3,3,3,2,2,3,3,3,28
"8266",11,16,1,"Hispanic",2,2,2,1,3,3,2,2,1,2,2,28
"8267",12,17,0,"Hispanic",3,3,3,3,2,3,3,3,3,3,3,28
"8268",12,17,0,"Hispanic",2,2,2,2,2,2,2,2,2,2,2,28
"8269",11,17,1,"Hispanic",2,2,3,2,1,2,3,3,2,3,3,28
"8270",11,17,1,"Hispanic",2,2,1,1,1,1,3,3,2,1,1,28
"8271",11,15,1,"Hispanic",3,3,3,3,3,3,3,3,3,2,2,28
"8272",11,16,1,"Hispanic",3,1,2,3,3,3,3,3,3,3,2,28
"8273",11,16,0,"Hispanic",2,1,3,2,3,3,3,3,2,3,3,28
"8274",11,16,1,"Hispanic",3,2,2,2,3,3,2,2,2,3,1,28
"8275",11,16,0,"Hispanic",1,1,1,1,1,1,1,1,1,1,1,28
"8276",11,17,1,"Hispanic",3,2,3,3,3,3,3,3,3,3,3,28
"8277",11,16,0,"Hispanic",3,3,3,3,3,2,3,2,3,3,3,28
"8278",12,18,1,"Hispanic",3,2,2,2,3,2,3,2,3,2,2,28
"8279",12,17,0,"Hispanic",1,3,3,3,3,3,3,2,3,3,3,28
"8280",11,16,0,"Hispanic",2,1,2,1,2,2,3,2,2,3,3,28
"8281",11,17,1,"Hispanic",2,2,3,2,2,2,3,2,2,2,1,28
"8282",11,16,0,"Hispanic",2,1,3,2,1,1,3,2,2,2,1,28
"8283",11,17,1,"Hispanic",3,2,3,3,3,3,3,2,2,3,NA,28
"8284",11,17,0,"Hispanic",3,2,3,3,2,2,3,1,2,3,3,28
"8285",12,17,0,"Hispanic",3,2,3,2,3,3,3,1,3,3,3,28
"8286",11,17,0,"Hispanic",3,2,3,1,2,3,3,2,2,3,3,28
"8287",11,16,0,"Hispanic",2,2,3,3,2,2,3,1,2,2,2,28
"8288",11,16,1,"Hispanic",3,2,3,3,1,3,3,2,2,3,2,28
"8289",11,16,1,"Hispanic",3,1,3,3,3,3,3,2,2,2,3,28
"8290",11,16,0,"Hispanic",3,3,2,3,3,3,3,3,1,2,2,28
"8291",12,18,1,"Hispanic",2,2,3,3,3,3,3,3,3,3,3,28
"8292",12,17,1,"Hispanic",3,1,3,3,3,3,3,3,3,3,2,28
"8293",12,17,0,"Asian",3,2,3,1,2,2,3,1,1,2,3,28
"8294",12,17,1,"Hispanic",1,3,3,3,2,2,2,3,2,2,2,28
"8295",12,17,0,"White",2,2,2,2,2,2,2,2,2,2,2,28
"8296",12,18,1,"Hispanic",2,1,3,3,2,3,3,3,2,3,3,28
"8297",12,18,0,"White",3,2,3,3,1,3,3,2,3,2,3,28
"8298",12,18,1,"Hispanic",2,2,3,3,3,3,3,3,3,3,1,28
"8299",12,18,0,"Hispanic",3,1,3,1,1,3,3,1,3,3,1,28
"8300",12,18,1,"Hispanic",3,2,2,3,3,3,3,1,2,2,3,28
"8301",12,17,1,"Hispanic",3,2,3,3,3,3,3,3,3,3,3,28
"8302",12,17,1,"Hispanic",3,2,3,2,2,2,3,2,3,3,2,28
"8303",9,14,1,"Hispanic",1,3,2,3,3,1,3,1,1,1,2,28
"8304",12,18,1,"Hispanic",2,2,2,3,2,1,3,2,2,2,2,28
"8305",9,14,0,"Hispanic",3,2,3,3,3,2,3,2,3,3,3,28
"8306",12,17,1,"Hispanic",3,3,3,3,3,3,3,3,3,3,3,28
"8307",12,17,0,"Hispanic",1,1,2,2,2,2,3,2,1,2,2,28
"8308",9,15,0,"Hispanic",3,2,3,3,3,3,3,3,2,3,3,28
"8309",9,15,1,"Black",2,1,3,3,3,2,3,3,2,3,3,28
"8310",12,18,1,"Hispanic",3,3,2,3,3,2,3,3,2,3,1,28
"8311",12,17,1,"Hispanic",2,3,3,3,2,3,3,3,3,2,3,28
"8312",9,15,0,"Hispanic",1,1,2,3,1,1,2,1,2,3,3,28
"8313",9,15,1,"White",2,1,2,3,2,3,3,3,3,2,3,28
"8314",12,18,0,"Asian",3,2,2,3,2,1,3,3,2,3,3,28
"8315",12,17,0,"Hispanic",2,2,3,2,2,1,2,1,1,2,2,28
"8316",11,16,0,"Hispanic",1,2,3,3,3,1,3,3,1,3,3,28
"8317",12,18,0,"Hispanic",2,1,1,2,1,1,3,1,2,1,3,28
"8318",11,16,0,"White",1,1,1,1,1,1,1,1,3,1,1,28
"8319",9,14,0,"Hispanic",3,3,3,2,1,3,1,3,3,3,2,28
"8320",12,18,1,"Hispanic",2,1,3,3,2,2,3,1,1,2,2,28
"8321",12,18,1,"Hispanic",3,2,3,1,3,2,3,3,3,3,2,28
"8322",11,16,0,"White",1,2,1,1,1,1,1,1,1,1,1,28
"8323",12,18,0,"Hispanic",1,1,1,2,2,2,2,1,1,2,1,28
"8324",12,17,0,"Hispanic",3,3,3,2,3,2,3,2,2,3,2,28
"8325",9,15,0,"White",3,2,3,3,3,2,3,2,2,3,2,28
"8326",9,14,1,"Hispanic",3,2,3,2,1,2,3,3,1,2,2,28
"8327",9,14,1,"Hispanic",2,3,3,3,3,2,3,3,2,3,3,28
"8328",9,15,1,"Hispanic",1,2,3,3,2,2,3,3,3,2,2,28
"8329",9,15,0,"White",2,1,3,2,3,3,3,3,1,3,3,28
"8330",11,16,0,"Black",2,2,3,2,1,1,2,1,1,2,1,28
"8331",11,17,1,"Hispanic",2,1,3,2,1,2,3,1,3,3,2,28
"8332",11,17,0,"Hispanic",3,2,3,2,3,3,3,2,3,3,1,28
"8333",11,17,1,"Asian",3,2,3,2,3,2,3,1,1,2,2,28
"8334",11,16,1,"Hispanic",3,3,3,3,1,2,3,2,3,3,2,28
"8335",12,17,1,"White",3,3,3,3,2,3,3,3,3,2,2,28
"8336",9,14,1,"Hispanic",3,3,3,3,2,2,3,3,2,2,2,28
"8337",9,14,1,"Hispanic",1,1,2,1,1,1,3,2,2,3,3,28
"8338",9,14,1,"Hispanic",2,2,2,1,1,1,2,1,2,1,1,28
"8339",11,16,1,"Hispanic",1,2,2,2,2,1,2,1,3,2,2,28
"8340",11,17,0,"Hispanic",2,1,2,2,1,2,3,1,1,2,2,28
"8341",11,16,1,"Hispanic",2,3,3,3,3,3,3,3,3,3,3,28
"8342",11,17,0,"Other",3,2,2,3,2,2,3,1,1,1,2,28
"8343",11,17,1,"Hispanic",2,1,3,3,3,3,3,3,3,3,3,28
"8344",9,14,1,"Hispanic",3,3,3,3,3,3,3,2,2,2,2,28
"8345",11,17,0,"Hispanic",2,2,3,2,2,2,2,2,2,2,2,28
"8346",11,16,0,"Black",3,2,1,2,1,2,2,1,2,2,1,28
"8347",11,16,0,"Hispanic",2,2,2,2,3,2,3,3,3,3,2,28
"8348",11,17,1,"Hispanic",1,2,1,1,2,2,3,2,3,1,3,28
"8349",11,16,0,"Hispanic",1,2,3,3,3,2,3,1,3,3,2,28
"8350",11,16,1,"Hispanic",3,3,2,3,3,2,3,3,3,3,2,28
"8351",12,18,0,"Hispanic",2,2,3,2,2,2,2,3,3,3,2,28
"8352",12,17,0,"Hispanic",2,2,1,1,1,1,1,1,1,1,3,28
"8353",12,17,1,"Hispanic",2,2,3,3,3,3,3,2,3,3,3,28
"8354",12,18,0,"Hispanic",2,2,2,2,1,1,1,1,1,2,2,28
"8355",9,15,0,"White",2,2,3,3,3,2,3,2,2,3,2,28
"8356",9,14,1,"Hispanic",3,2,3,3,2,2,3,2,3,3,3,28
"8357",9,14,1,"Hispanic",2,2,2,2,2,2,3,2,1,2,2,28
"8358",12,18,0,"Hispanic",1,1,3,1,2,3,3,2,1,3,2,28
"8359",12,17,0,"Hispanic",3,3,3,3,3,3,3,3,3,3,3,28
"8360",9,14,0,"Asian",3,2,2,2,1,2,2,1,1,1,2,28
"8361",9,15,0,"Hispanic",2,2,3,2,2,3,3,3,3,2,2,28
"8362",9,15,0,"Hispanic",1,1,1,1,1,1,1,1,1,1,1,28
"8363",12,19,0,"Hispanic",2,2,3,1,1,1,1,1,2,2,1,28
"8364",9,13,1,"Hispanic",3,1,3,3,2,3,3,3,2,3,2,28
"8365",12,17,1,"Hispanic",2,2,3,3,3,2,3,3,2,2,2,28
"8366",12,17,1,"Hispanic",3,2,3,3,3,3,3,3,2,3,3,28
"8367",9,15,0,"Hispanic",3,3,3,3,3,2,3,1,3,3,1,28
"8368",12,17,1,"Hispanic",3,2,3,2,3,3,3,1,2,3,2,28
"8369",9,14,1,"Hispanic",3,2,3,3,2,3,3,3,3,3,3,28
"8370",9,14,0,"Hispanic",2,3,2,2,2,3,2,3,3,2,2,28
"8371",9,14,1,"Other",1,1,3,2,1,1,2,3,1,2,2,28
"8372",9,15,1,"Hispanic",2,1,3,2,1,1,3,1,1,2,3,28
"8373",12,17,1,"Hispanic",3,1,3,3,3,3,3,3,3,3,3,28
"8374",9,14,1,"Hispanic",2,2,2,2,1,1,3,1,2,2,1,28
"8375",12,17,1,"Black",3,3,3,3,3,3,3,2,3,3,3,28
"8376",9,15,1,"Hispanic",2,2,3,2,2,2,3,2,3,3,2,28
"8377",9,15,1,"Hispanic",2,1,3,1,2,2,3,1,3,1,2,28
"8378",9,14,1,"Hispanic",2,1,2,2,1,2,3,2,2,2,1,28
"8379",9,14,1,"Other",2,3,3,3,2,1,3,2,2,3,3,28
"8380",9,15,0,"Other",2,2,3,2,3,3,3,2,3,3,1,28
"8381",9,15,0,"Hispanic",2,1,2,1,1,1,1,1,1,2,2,28
"8382",12,18,0,"Hispanic",3,2,3,3,3,2,3,3,3,3,2,28
"8383",11,16,1,"Hispanic",1,2,2,2,2,2,1,1,2,3,3,28
"8384",11,16,1,"Hispanic",1,2,3,2,1,3,2,1,2,2,1,28
"8385",11,16,0,"Hispanic",3,3,2,3,2,3,3,2,2,2,2,28
"8386",11,16,1,"Hispanic",1,2,3,2,2,1,3,1,3,3,2,28
"8387",11,16,1,"Hispanic",2,1,3,2,1,2,3,2,2,3,2,28
"8388",11,17,1,"Hispanic",2,2,3,2,3,3,3,3,2,3,2,28
"8389",12,17,0,"Hispanic",2,1,2,2,1,2,3,1,1,2,2,28
"8390",11,16,0,"Hispanic",1,2,3,2,2,2,3,2,3,3,2,28
"8391",11,16,0,"Hispanic",2,1,1,1,1,2,1,1,2,1,1,28
"8392",12,17,1,"Hispanic",2,1,3,2,3,2,3,2,2,3,2,28
"8393",9,14,1,"Hispanic",2,3,3,3,3,3,3,3,2,3,2,28
"8394",11,16,1,"Hispanic",2,2,2,2,3,2,1,2,2,3,2,28
"8395",11,17,0,"White",1,1,1,1,1,1,2,1,1,1,2,28
"8396",11,17,1,"Hispanic",3,2,3,3,3,2,3,3,1,3,2,28
"8397",9,15,1,"Hispanic",3,3,3,3,3,2,3,3,3,3,3,28
"8398",11,16,0,"Other",1,2,2,2,2,2,3,3,3,2,3,28
"8399",11,17,0,"Hispanic",2,1,2,1,1,1,2,2,2,3,2,28
"8400",11,16,1,"Black",2,3,2,3,1,2,3,2,3,1,1,28
"8401",11,16,0,"Hispanic",2,2,3,2,2,2,2,1,2,2,1,28
"8402",11,16,1,"White",3,2,3,3,3,3,3,3,3,3,3,28
"8403",11,16,1,"Hispanic",1,2,1,2,3,2,3,2,1,3,1,28
"8404",11,16,1,"Hispanic",3,1,3,2,3,3,3,1,1,2,2,28
"8405",11,17,1,"Other",2,3,3,3,2,2,3,3,3,3,2,28
"8406",11,17,1,"Other",3,2,3,2,3,2,3,2,3,3,2,28
"8407",11,16,1,"White",3,2,3,2,2,2,3,1,2,3,3,28
"8408",11,16,1,"Hispanic",2,2,3,2,1,1,3,3,2,2,2,28
"8409",11,16,0,"Hispanic",2,2,2,1,2,2,2,2,2,2,2,28
"8410",11,16,1,"Hispanic",2,1,3,2,3,2,3,3,2,3,2,28
"8411",11,17,0,"Hispanic",2,2,3,2,2,1,2,1,1,3,2,28
"8412",11,16,1,"Hispanic",2,2,3,2,1,2,3,2,3,2,2,28
"8413",11,16,0,"Hispanic",2,1,2,3,2,1,3,1,1,3,2,28
"8414",12,17,1,"Hispanic",2,2,3,2,3,3,3,3,3,2,2,28
"8415",12,17,1,"Other",2,1,3,3,2,3,1,2,3,3,2,28
"8416",12,17,1,"Hispanic",1,1,2,1,1,2,2,2,1,2,2,28
"8417",9,14,1,"Hispanic",3,2,2,2,1,2,3,2,1,3,3,28
"8418",9,14,0,"Hispanic",2,1,3,1,3,3,2,1,3,3,3,28
"8419",9,14,1,NA,3,NA,3,3,NA,NA,NA,NA,NA,NA,NA,28
"8420",9,14,0,"White",2,3,3,3,3,3,2,1,1,3,1,28
"8421",9,14,1,"White",3,3,3,3,2,3,3,3,3,3,1,28
"8422",9,14,1,"Hispanic",2,2,3,2,2,2,3,3,3,3,3,28
"8423",9,15,1,"Hispanic",3,1,2,2,3,2,3,3,2,3,3,28
"8424",12,18,0,"Hispanic",1,1,2,2,2,2,3,1,1,1,1,28
"8425",12,17,1,"Hispanic",2,2,3,2,3,2,3,3,3,2,2,28
"8426",12,17,1,"White",3,1,3,2,2,2,2,2,2,2,2,28
"8427",9,15,0,"Hispanic",2,2,2,2,3,2,3,2,1,2,2,28
"8428",12,17,1,"Hispanic",3,2,3,3,2,3,3,3,2,3,2,28
"8429",12,17,0,"Black",2,2,3,2,3,2,3,1,2,3,2,28
"8430",9,14,1,"Hispanic",2,2,3,3,2,2,3,3,2,3,3,28
"8431",12,17,1,"Hispanic",3,3,2,2,2,2,3,2,2,3,2,28
"8432",9,15,0,"Hispanic",2,1,2,2,1,3,3,1,1,1,3,28
"8433",9,14,0,"Hispanic",3,1,3,3,2,2,3,3,3,3,3,28
"8434",12,17,0,"White",2,1,1,1,1,2,2,1,1,2,2,28
"8435",12,17,0,"Hispanic",2,1,2,2,1,3,3,2,2,2,2,28
"8436",9,15,1,"Hispanic",2,2,3,3,1,2,3,2,2,3,2,28
"8437",12,18,1,"Hispanic",2,2,3,3,3,2,3,2,2,2,2,28
"8438",9,14,1,"Hispanic",3,3,3,3,2,3,3,2,1,3,2,28
"8439",9,15,0,"Hispanic",2,2,3,3,2,2,3,3,3,3,2,28
"8440",12,18,1,"Hispanic",2,1,2,1,1,1,2,1,1,2,1,28
"8441",9,14,1,"Hispanic",2,2,2,2,2,2,3,2,3,2,2,28
"8442",11,15,1,"Hispanic",3,2,3,2,2,3,2,2,3,3,2,28
"8443",12,17,1,"Hispanic",3,3,3,2,3,3,3,3,3,3,2,28
"8444",11,16,1,"White",3,3,2,3,2,3,1,3,3,2,3,28
"8445",11,16,0,"Hispanic",1,1,2,1,1,2,1,1,1,2,2,28
"8446",11,17,1,"White",2,2,3,3,3,2,2,1,2,3,2,28
"8447",12,17,1,"White",3,3,3,3,3,2,3,3,3,3,3,28
"8448",11,17,0,"Hispanic",2,2,2,2,1,2,2,1,2,2,1,28
"8449",11,16,1,"Hispanic",2,2,3,3,2,2,2,1,3,3,3,28
"8450",12,17,0,"Hispanic",3,1,2,1,1,2,2,1,2,1,1,28
"8451",11,16,1,"Asian",2,3,3,2,2,3,1,1,2,2,3,28
"8452",9,14,1,"Hispanic",3,3,3,1,2,3,3,3,3,3,2,28
"8453",11,16,1,"Hispanic",1,2,2,2,3,2,2,2,2,3,2,28
"8454",9,15,0,"Hispanic",3,1,3,1,2,2,3,1,2,2,2,28
"8455",11,16,0,"Hispanic",2,2,2,2,3,3,3,2,2,1,2,28
"8456",9,15,1,"Hispanic",2,1,2,3,2,2,3,2,3,3,2,28
"8457",11,17,1,"Hispanic",2,1,3,2,2,3,3,1,3,3,2,28
"8458",11,16,1,"Other",3,3,2,3,3,3,3,3,2,2,1,28
"8459",11,16,0,"Hispanic",2,2,3,3,1,2,3,2,3,2,2,28
"8460",11,16,1,"Hispanic",3,2,3,3,2,3,3,1,3,3,2,28
"8461",9,14,1,"Hispanic",3,2,3,3,3,2,3,3,3,3,3,28
"8462",11,17,0,"Hispanic",3,2,3,2,3,3,3,2,1,3,3,28
"8463",11,16,1,"Hispanic",2,1,3,3,3,2,3,3,2,2,2,28
"8464",11,16,0,"Hispanic",1,3,3,3,2,3,3,2,3,3,2,28
"8465",9,14,0,"Hispanic",1,2,3,2,2,2,1,1,3,2,2,28
"8466",11,17,0,"Hispanic",1,2,2,1,1,1,3,1,2,3,2,28
"8467",11,17,1,"Black",1,2,3,2,2,2,3,3,3,3,3,28
"8468",11,16,0,"Hispanic",1,2,3,2,1,2,2,1,2,2,1,28
"8469",12,17,0,"Hispanic",3,3,3,2,2,3,2,1,1,2,3,28
"8470",11,17,1,"Hispanic",2,3,3,3,2,2,3,2,3,1,2,28
"8471",9,14,0,"Hispanic",3,3,2,3,2,2,3,2,2,3,2,28
"8472",11,16,1,"Hispanic",2,2,3,3,3,2,3,3,3,2,2,28
"8473",9,14,0,"Hispanic",3,2,1,2,2,2,3,1,1,3,3,28
"8474",11,16,1,"Hispanic",1,1,2,2,2,2,NA,1,1,2,2,28
"8475",11,17,0,"Hispanic",1,2,3,2,2,2,3,1,2,2,2,28
"8476",11,17,0,"Hispanic",2,3,3,2,1,2,3,1,3,3,3,28
"8477",11,16,1,"Hispanic",2,1,3,3,2,2,3,3,2,3,2,28
"8478",11,17,0,"Hispanic",2,2,3,3,3,3,3,2,3,3,3,28
"8479",11,16,1,"Hispanic",2,1,2,3,1,1,2,1,2,1,2,28
"8480",11,16,0,"Hispanic",3,2,3,2,2,1,2,1,3,2,3,28
"8481",11,16,0,"Hispanic",3,3,3,3,3,3,3,3,3,3,2,28
"8482",9,15,1,"Hispanic",3,2,3,3,2,2,3,2,3,3,2,28
"8483",11,16,1,"Hispanic",3,2,3,3,2,3,3,2,3,2,3,28
"8484",12,17,0,"Hispanic",3,1,3,3,2,3,3,1,2,1,3,28
"8485",9,14,1,"Hispanic",3,2,3,3,3,2,3,3,3,2,2,28
"8486",6,22,0,"Black",1,1,1,1,1,1,1,1,3,3,3,28
"8487",12,17,0,"Hispanic",2,2,2,3,3,3,3,1,3,3,2,28
"8488",12,17,1,"Hispanic",3,2,3,3,3,2,3,3,1,3,2,28
"8489",9,14,1,"White",2,3,3,3,3,2,3,3,3,2,2,28
"8490",9,15,1,"Hispanic",2,2,2,3,3,3,3,3,3,3,3,28
"8491",9,15,1,"Hispanic",2,2,2,2,3,3,3,2,2,2,2,28
"8492",9,14,0,"Hispanic",1,1,1,1,1,1,1,1,1,1,1,28
"8493",9,14,0,"White",2,2,2,3,3,3,3,3,3,3,2,28
"8494",9,14,1,"Hispanic",1,1,3,1,1,1,1,1,1,1,1,28
"8495",9,15,0,"Hispanic",3,2,2,2,2,3,3,2,3,3,1,28
"8496",9,15,1,"Hispanic",2,3,2,3,2,3,3,1,2,3,2,28
"8497",9,14,0,"Hispanic",1,1,1,2,1,1,2,1,1,2,1,28
"8498",9,15,1,"Hispanic",3,2,3,3,2,2,3,3,2,3,2,28
"8499",9,15,1,"Hispanic",1,2,2,1,1,1,1,1,3,3,1,28
"8500",9,14,1,"Asian",2,2,2,2,2,2,2,2,2,2,2,28
"8501",9,15,0,"White",2,2,3,3,2,3,2,2,3,2,2,28
"8502",9,15,1,"Hispanic",3,2,3,3,2,3,3,3,3,2,2,28
"8503",9,15,1,"Hispanic",2,1,2,2,2,2,2,2,2,2,3,28
"8504",9,14,0,"Hispanic",2,2,2,2,2,2,2,2,3,2,2,28
"8505",9,14,1,"Hispanic",1,1,2,1,2,3,2,1,3,1,1,28
"8506",9,14,1,"Hispanic",2,1,2,2,2,2,2,2,2,2,1,28
"8507",9,14,1,"Hispanic",2,3,3,3,2,3,3,3,2,1,2,28
"8508",9,15,1,"Hispanic",1,2,2,3,2,3,3,3,3,2,2,28
"8509",9,14,0,"Hispanic",3,3,2,2,1,2,3,2,3,2,2,28
"8510",9,14,0,"Hispanic",3,2,3,3,2,3,3,3,3,3,2,28
"8511",9,14,0,"Hispanic",2,1,2,3,1,1,3,2,1,2,3,28
"8512",9,15,1,"Hispanic",3,2,3,2,3,3,3,3,3,3,2,28
"8513",9,15,1,"Hispanic",3,3,3,2,1,2,3,3,1,3,3,28
"8514",9,14,0,"Hispanic",2,1,3,3,1,1,3,1,1,3,2,28
"8515",9,15,1,"Hispanic",2,3,1,1,1,2,3,3,1,2,1,28
"8516",9,14,1,"Hispanic",2,3,3,3,2,2,3,3,2,3,2,28
"8517",9,14,1,"Hispanic",2,2,3,2,2,1,3,3,3,3,2,28
"8518",9,13,1,"Hispanic",1,2,2,2,1,2,3,3,3,1,3,28
"8519",9,14,1,"Hispanic",3,2,2,3,3,2,3,3,2,3,1,28
"8520",9,15,1,"Hispanic",2,2,3,3,2,3,3,3,3,3,1,28
"8521",11,16,1,"Hispanic",2,2,3,3,1,1,2,2,2,2,2,28
"8522",9,14,1,"Hispanic",2,1,2,3,3,2,3,2,3,2,2,28
"8523",9,14,1,"Hispanic",1,2,2,1,1,2,1,1,2,1,2,28
"8524",9,15,0,"Hispanic",1,2,3,1,1,1,1,1,2,1,2,28
"8525",9,15,1,"Hispanic",3,2,2,3,2,2,3,2,2,2,2,28
"8526",9,15,1,"Hispanic",2,2,2,3,2,2,3,2,1,2,2,28
"8527",9,15,0,"White",2,1,1,1,1,1,2,2,3,2,1,28
"8528",9,14,1,"Hispanic",2,1,2,2,1,2,3,1,2,1,2,28
"8529",9,14,1,"Hispanic",3,1,3,1,3,1,3,3,2,3,2,28
"8530",9,14,1,"Hispanic",2,2,2,2,1,1,3,2,2,1,2,28
"8531",9,15,0,"Hispanic",2,2,2,3,1,2,3,2,1,1,2,28
"8532",9,14,0,"Hispanic",2,2,3,2,1,3,2,1,3,3,2,28
"8533",9,14,1,"Hispanic",2,2,2,3,2,2,3,2,2,1,3,28
"8534",9,14,0,"White",3,1,2,1,1,1,1,2,2,1,3,28
"8535",9,15,0,"Hispanic",2,3,3,3,2,3,3,2,3,2,2,28
"8536",9,NA,0,"Hispanic",2,3,3,3,3,3,3,3,3,3,2,28
"8537",12,18,1,"Hispanic",3,1,3,1,3,3,3,3,2,3,2,28
"8538",NA,NA,NA,NA,NA,NA,NA,NA,NA,NA,NA,NA,NA,NA,NA,28
"8539",NA,NA,NA,NA,NA,NA,NA,NA,NA,NA,NA,NA,NA,NA,NA,28
"8540",12,18,0,"Hispanic",3,2,3,2,2,2,2,1,1,2,3,28
"8541",12,17,0,"Hispanic",3,2,2,1,3,2,3,2,2,3,3,28
"8542",NA,NA,NA,NA,NA,NA,NA,NA,NA,NA,NA,NA,NA,NA,NA,28
"8543",9,14,1,"Hispanic",NA,NA,NA,NA,NA,NA,NA,NA,NA,NA,NA,28
"8544",9,14,1,"White",NA,NA,NA,NA,NA,NA,NA,NA,NA,NA,NA,28
"8545",9,14,1,"White",NA,NA,NA,NA,NA,NA,NA,NA,NA,NA,NA,28
"8546",11,16,0,"Hispanic",NA,NA,NA,NA,NA,NA,NA,NA,NA,NA,NA,28
"8547",NA,NA,NA,NA,NA,NA,NA,NA,NA,NA,NA,NA,NA,NA,NA,28
"8548",11,16,0,"Hispanic",NA,NA,NA,NA,NA,NA,NA,NA,NA,NA,NA,28
"8549",9,NA,1,"White",NA,NA,NA,NA,NA,NA,NA,NA,NA,NA,NA,28
"8550",NA,NA,NA,NA,NA,NA,NA,NA,NA,NA,NA,NA,NA,NA,NA,28
"8551",9,14,1,"White",NA,NA,NA,NA,NA,NA,NA,NA,NA,NA,NA,28
"8552",NA,NA,NA,NA,NA,NA,NA,NA,NA,NA,NA,NA,NA,NA,NA,28
"8553",11,16,0,"Hispanic",1,2,3,3,3,2,3,1,3,3,2,28
"8554",NA,NA,NA,NA,NA,NA,NA,NA,NA,NA,NA,NA,NA,NA,NA,28
"8555",11,16,0,"Other",1,2,2,3,1,1,1,1,1,2,1,28
"8556",12,17,1,"Hispanic",1,1,2,2,2,2,2,2,2,2,2,28
"8557",9,15,1,"Hispanic",3,2,3,3,3,2,3,3,3,3,3,28
"8558",9,14,1,"Hispanic",3,1,3,3,3,3,3,3,2,3,2,28
"8559",12,18,1,"Hispanic",NA,NA,NA,NA,NA,NA,NA,NA,NA,NA,NA,28
"8560",12,17,0,"Hispanic",2,1,3,3,2,2,3,3,3,3,2,28
"8561",9,14,0,"Hispanic",1,3,2,2,1,1,1,1,1,1,2,28
"8562",NA,NA,NA,NA,NA,NA,NA,NA,NA,NA,NA,NA,NA,NA,NA,28
"8563",NA,NA,NA,NA,NA,NA,NA,NA,NA,NA,NA,NA,NA,NA,NA,28
"8564",9,14,0,"White",NA,NA,NA,NA,NA,NA,NA,NA,NA,NA,NA,28
"8565",12,17,1,"Hispanic",NA,NA,NA,NA,NA,NA,NA,NA,NA,NA,NA,28
"8566",NA,NA,NA,NA,NA,NA,NA,NA,NA,NA,NA,NA,NA,NA,NA,28
"8567",9,14,1,"Hispanic",NA,NA,NA,NA,NA,NA,NA,NA,NA,NA,NA,28
"8568",12,18,1,"Hispanic",NA,NA,NA,NA,NA,NA,NA,NA,NA,NA,NA,28
"8569",12,NA,NA,NA,NA,NA,NA,NA,NA,NA,NA,NA,NA,NA,NA,28
"8570",NA,NA,NA,NA,NA,NA,NA,NA,NA,NA,NA,NA,NA,NA,NA,28
"8571",11,16,0,"Hispanic",2,1,2,3,3,3,3,3,2,3,2,28
"8572",9,14,1,"Hispanic",2,3,3,3,3,2,3,3,2,3,3,28
"8573",NA,NA,NA,NA,NA,NA,NA,NA,NA,NA,NA,NA,NA,NA,NA,28
"8574",12,17,0,"Hispanic",NA,NA,NA,NA,NA,NA,NA,NA,NA,NA,NA,28
"8575",9,15,1,"Hispanic",3,2,3,1,3,3,3,3,2,3,2,28
"8576",12,18,1,"Hispanic",NA,NA,NA,NA,NA,NA,NA,NA,NA,NA,NA,28
"8577",NA,NA,NA,NA,NA,NA,NA,NA,NA,NA,NA,NA,NA,NA,NA,28
"8578",9,14,1,"Hispanic",NA,NA,NA,NA,NA,NA,NA,NA,NA,NA,NA,28
"8579",9,14,1,"Hispanic",NA,NA,NA,NA,NA,NA,NA,NA,NA,NA,NA,28
"8580",9,14,1,"Hispanic",NA,NA,NA,NA,NA,NA,NA,NA,NA,NA,NA,28
"8581",NA,NA,NA,NA,NA,NA,NA,NA,NA,NA,NA,NA,NA,NA,NA,28
"8582",NA,NA,NA,NA,NA,NA,NA,NA,NA,NA,NA,NA,NA,NA,NA,28
"8583",9,15,NA,NA,NA,NA,NA,NA,NA,NA,NA,NA,NA,NA,NA,28
"8584",9,14,NA,NA,NA,NA,NA,NA,NA,NA,NA,NA,NA,NA,NA,28
"8585",NA,NA,NA,NA,NA,NA,NA,NA,NA,NA,NA,NA,NA,NA,NA,28
"8586",9,NA,NA,NA,NA,NA,NA,NA,NA,NA,NA,NA,NA,NA,NA,28
"8587",9,15,1,"Hispanic",NA,NA,NA,NA,NA,NA,NA,NA,NA,NA,NA,28
"8588",9,14,1,"Hispanic",NA,NA,NA,NA,NA,NA,NA,NA,NA,NA,NA,28
"8589",9,14,0,"White",NA,NA,NA,NA,NA,NA,NA,NA,NA,NA,NA,28
"8590",9,15,1,"Hispanic",NA,NA,NA,NA,NA,NA,NA,NA,NA,NA,NA,28
"8591",9,14,1,"Hispanic",2,2,3,2,2,2,3,2,1,3,2,28
"8592",9,14,1,"Hispanic",NA,NA,NA,NA,NA,NA,NA,NA,NA,NA,NA,28
"8593",NA,NA,NA,NA,NA,NA,NA,NA,NA,NA,NA,NA,NA,NA,NA,28
"8594",NA,NA,NA,NA,NA,NA,NA,NA,NA,NA,NA,NA,NA,NA,NA,28
"8595",7,12,0,"Black",3,2,2,2,2,2,3,3,2,2,2,29
"8596",7,12,1,"White",3,2,3,3,3,3,2,1,3,3,1,29
"8597",7,12,1,"Asian",3,2,3,2,2,2,3,2,2,2,3,29
"8598",7,12,0,"White",2,2,3,3,1,2,2,2,3,2,2,29
"8599",7,12,1,"White",2,2,3,2,2,2,3,3,3,1,2,29
"8600",7,12,1,"White",3,2,3,2,2,1,2,2,1,2,2,29
"8601",7,12,0,"White",3,2,3,3,2,2,3,3,2,3,2,29
"8602",7,12,0,"Black",2,3,2,3,1,1,3,1,1,1,2,29
"8603",7,13,0,"Black",3,2,2,NA,1,2,2,1,1,2,2,29
"8604",7,12,0,"Asian",2,1,2,1,3,3,3,2,3,3,2,29
"8605",7,13,0,"White",2,2,3,3,2,1,2,1,3,2,2,29
"8606",7,13,0,"Black",1,1,3,2,1,2,1,1,3,1,3,29
"8607",7,13,0,"White",2,1,2,1,1,1,2,2,3,3,2,29
"8608",7,13,0,"White",1,2,3,2,2,2,2,1,2,2,2,29
"8609",8,13,1,"White",3,1,3,3,3,2,3,3,2,3,2,29
"8610",8,14,0,"White",2,2,3,2,1,3,2,2,1,2,1,29
"8611",8,14,0,"White",2,3,3,3,2,3,3,2,2,3,2,29
"8612",8,13,0,"White",2,2,3,3,3,2,3,1,3,2,3,29
"8613",8,14,0,"White",3,2,2,2,1,1,2,2,1,1,2,29
"8614",8,13,1,"Hispanic",3,3,3,3,2,2,3,3,3,1,2,29
"8615",7,13,0,"White",1,3,2,1,1,1,1,1,1,1,1,29
"8616",7,12,0,"Black",3,2,1,1,2,2,3,1,1,1,2,29
"8617",7,13,0,"White",2,2,2,2,1,2,3,1,2,1,1,29
"8618",7,12,1,"White",3,2,2,2,2,2,2,NA,2,2,2,29
"8619",7,13,0,"White",3,1,3,3,2,2,3,2,2,2,1,29
"8620",7,13,0,"White",3,3,3,2,3,3,3,3,3,2,3,29
"8621",7,12,1,"Black",1,2,1,3,1,1,3,3,3,3,2,29
"8622",7,12,0,"Black",3,2,2,2,1,3,2,2,2,2,2,29
"8623",7,12,1,"Asian",3,2,2,3,1,3,2,2,3,3,2,29
"8624",7,12,1,"White",3,2,3,3,1,3,3,3,2,2,3,29
"8625",7,13,1,"White",3,2,2,2,2,1,1,3,3,2,2,29
"8626",7,13,0,"White",3,2,2,2,2,2,2,2,3,3,3,29
"8627",7,12,1,"Black",3,2,1,1,1,1,3,1,1,1,1,29
"8628",7,12,1,"Hispanic",1,3,3,3,3,3,3,3,1,3,2,29
"8629",7,13,0,"Black",3,2,3,2,1,2,2,1,3,2,3,29
"8630",7,13,1,"White",2,2,3,3,1,3,3,3,2,2,3,29
"8631",7,12,1,"White",2,1,3,3,3,2,3,1,2,3,2,29
"8632",7,13,0,"White",2,2,3,3,2,1,3,2,2,2,2,29
"8633",7,12,1,"White",2,2,1,2,1,1,2,2,2,1,1,29
"8634",7,13,1,"White",3,2,3,2,2,2,3,1,3,2,2,29
"8635",7,12,1,"White",3,2,3,3,2,2,3,3,3,3,2,29
"8636",7,12,1,"White",3,3,3,3,1,1,2,1,2,2,2,29
"8637",7,12,1,"White",3,1,2,3,1,1,2,1,3,2,2,29
"8638",7,12,0,"Black",3,2,1,2,1,3,2,1,1,2,3,29
"8639",7,13,1,"White",2,2,3,2,2,2,2,2,3,2,2,29
"8640",7,14,0,"White",1,1,1,1,1,1,1,1,2,1,1,29
"8641",7,11,0,"White",3,2,3,3,2,1,3,2,2,3,3,29
"8642",7,13,0,"Other",2,1,3,2,1,2,2,1,3,2,2,29
"8643",7,13,1,"White",1,2,2,3,2,1,3,3,1,3,2,29
"8644",7,12,0,"White",3,2,2,3,1,2,3,3,2,3,3,29
"8645",7,12,0,"White",2,2,3,2,1,2,2,1,3,2,2,29
"8646",7,13,0,"White",2,2,2,2,1,2,2,1,3,2,2,29
"8647",7,12,1,"Black",1,2,2,2,1,1,2,NA,1,2,2,29
"8648",7,13,0,"White",2,2,2,2,2,2,2,2,2,2,2,29
"8649",7,13,1,"White",3,2,1,3,1,2,2,3,3,3,2,29
"8650",7,13,1,"Hispanic",NA,NA,NA,NA,NA,NA,NA,NA,NA,NA,NA,29
"8651",7,13,0,"White",3,2,2,2,2,3,3,1,3,2,3,29
"8652",7,12,1,"White",3,1,3,1,2,2,3,3,3,NA,2,29
"8653",7,13,0,"Hispanic",2,3,2,3,1,2,1,1,2,3,2,29
"8654",7,13,0,"White",3,2,3,3,2,1,3,1,1,2,3,29
"8655",7,12,1,"Black",3,3,3,2,2,3,3,3,2,3,2,29
"8656",7,13,0,"White",2,2,1,2,2,1,2,1,1,1,2,29
"8657",7,13,0,"White",3,1,3,3,1,2,2,1,3,3,3,29
"8658",7,13,0,"White",2,1,3,3,2,2,2,2,3,3,2,29
"8659",7,13,1,"White",2,2,3,3,2,3,2,2,1,1,3,29
"8660",7,13,1,"White",3,2,3,3,2,3,3,3,3,3,3,29
"8661",7,13,1,"White",3,2,2,3,2,2,2,3,3,2,2,29
"8662",7,13,1,"White",2,1,3,3,3,3,3,2,2,3,3,29
"8663",7,12,0,"White",2,2,3,3,1,2,3,2,1,1,2,29
"8664",7,13,0,"White",2,1,2,1,1,1,2,1,1,2,2,29
"8665",7,12,0,"White",3,3,2,1,1,2,3,1,2,1,2,29
"8666",7,12,0,"White",3,2,3,1,3,2,2,1,2,2,1,29
"8667",7,12,1,"White",2,2,3,2,1,2,2,1,3,2,2,29
"8668",7,12,1,"White",2,2,3,2,1,1,3,2,2,3,3,29
"8669",7,13,0,"White",3,2,3,2,2,2,3,1,2,2,3,29
"8670",7,12,1,"White",3,2,3,3,2,3,3,3,3,2,3,29
"8671",7,12,0,"White",1,1,1,2,1,1,3,2,3,2,2,29
"8672",7,12,1,"Asian",2,1,3,1,2,1,3,1,3,2,3,29
"8673",7,13,1,"Black",3,2,3,2,2,2,3,2,1,2,3,29
"8674",7,13,1,"Black",2,2,3,2,2,2,3,2,3,2,2,29
"8675",7,13,0,"White",3,1,3,3,2,2,3,2,3,2,3,29
"8676",7,12,0,"White",3,3,3,3,2,3,3,2,3,2,2,29
"8677",7,13,1,"White",3,1,3,3,2,3,3,2,3,2,2,29
"8678",7,13,0,"Other",1,1,1,2,1,2,3,1,2,2,1,29
"8679",7,12,1,"White",3,3,2,3,3,3,3,3,3,2,2,29
"8680",7,12,0,"Black",2,3,1,2,1,1,3,3,2,3,2,29
"8681",7,12,0,"Black",3,2,1,1,2,2,3,2,3,1,2,29
"8682",7,13,0,"White",3,3,3,3,2,2,3,3,3,3,2,29
"8683",7,12,1,"Other",2,2,2,3,2,3,3,3,2,3,3,29
"8684",7,12,1,"Black",2,2,3,2,1,1,2,2,3,2,1,29
"8685",7,12,0,"Other",2,3,3,2,1,2,3,1,1,3,2,29
"8686",7,13,0,"Black",1,2,1,1,1,NA,1,NA,2,2,2,29
"8687",7,12,1,"Black",2,1,3,1,1,2,1,3,3,3,1,29
"8688",7,12,1,"White",2,1,3,3,3,3,3,2,3,2,2,29
"8689",7,12,1,"Black",3,2,3,2,3,1,3,1,3,2,2,29
"8690",7,13,1,"White",3,2,3,2,1,1,3,2,3,1,3,29
"8691",7,12,0,"White",3,2,3,3,2,2,2,1,1,2,1,29
"8692",7,13,0,"Black",2,1,3,1,1,2,2,2,3,2,1,29
"8693",7,12,1,"White",3,2,3,3,2,1,1,1,2,1,1,29
"8694",7,13,1,"White",2,2,2,2,2,2,3,2,2,3,2,29
"8695",7,13,0,"White",2,2,3,2,2,2,2,1,3,2,1,29
"8696",7,12,0,"Other",1,2,NA,1,2,NA,2,3,NA,NA,1,29
"8697",7,13,0,"White",2,2,3,3,3,2,3,2,2,3,2,29
"8698",7,12,0,"Black",3,2,3,3,2,2,3,2,3,3,2,29
"8699",8,13,1,"White",2,2,3,3,1,1,2,2,3,3,2,29
"8700",8,13,0,"White",2,2,2,3,3,1,2,3,1,3,2,29
"8701",8,13,1,"Other",2,2,3,1,1,2,3,3,3,2,1,29
"8702",8,14,1,"White",1,3,3,3,2,2,3,3,3,3,3,29
"8703",8,14,1,"White",3,1,3,1,3,2,2,1,3,2,2,29
"8704",8,14,1,"Black",1,3,2,1,1,1,1,1,2,2,1,29
"8705",8,13,0,"White",3,1,2,2,2,3,3,3,2,3,3,29
"8706",8,14,1,"Black",3,2,2,2,1,3,3,2,2,3,1,29
"8707",8,13,0,"Black",2,2,1,1,3,1,1,1,2,2,1,29
"8708",8,13,0,"Black",2,1,2,2,1,1,2,1,3,1,2,29
"8709",12,22,1,"Asian",2,3,2,3,2,1,3,1,2,2,2,29
"8710",8,13,1,"Asian",3,3,3,3,3,2,3,3,3,3,3,29
"8711",8,13,0,"Black",3,2,2,1,1,2,3,2,2,1,3,29
"8712",8,12,0,"Black",3,2,3,3,1,2,3,2,1,3,2,29
"8713",8,14,0,"Black",1,3,1,1,1,1,1,1,2,1,1,29
"8714",8,14,1,"White",2,3,3,3,2,1,3,2,3,3,2,29
"8715",8,14,0,"Other",3,1,3,3,2,3,2,2,3,2,1,29
"8716",8,13,1,"White",3,1,1,2,1,1,2,1,2,1,1,29
"8717",8,14,1,"White",2,2,2,2,1,1,3,1,2,2,3,29
"8718",8,15,0,"White",1,1,1,1,1,1,1,2,1,1,1,29
"8719",8,13,1,"White",2,2,3,1,3,2,2,2,3,2,2,29
"8720",8,13,0,"White",3,3,3,3,2,3,3,2,1,3,2,29
"8721",8,13,0,"Hispanic",2,2,2,1,2,2,1,1,2,3,2,29
"8722",8,13,1,"White",2,2,3,2,2,2,2,2,2,2,2,29
"8723",8,14,0,"Black",1,1,1,1,1,1,1,1,1,1,2,29
"8724",8,14,1,"White",2,2,2,2,2,2,1,2,2,2,1,29
"8725",8,13,0,"White",1,1,1,1,1,1,1,1,1,1,2,29
"8726",NA,NA,NA,NA,NA,NA,NA,NA,NA,NA,NA,NA,NA,NA,NA,29
"8727",NA,NA,NA,NA,NA,NA,NA,NA,NA,NA,NA,NA,NA,NA,NA,29
"8728",8,14,1,"White",3,2,3,3,3,2,3,2,3,2,3,29
"8729",8,14,0,"Black",2,1,3,2,1,2,3,2,3,3,3,29
"8730",8,13,0,"White",NA,NA,NA,NA,NA,NA,NA,NA,NA,NA,NA,29
"8731",8,14,1,"White",2,2,3,3,3,2,3,2,3,2,3,29
"8732",8,13,1,"White",3,2,3,3,2,3,3,3,3,3,3,29
"8733",8,14,1,"Black",3,2,3,3,1,2,3,3,2,3,3,29
"8734",8,13,0,"White",NA,NA,NA,NA,NA,NA,NA,NA,NA,NA,NA,29
"8735",8,13,1,"White",NA,NA,NA,NA,NA,NA,NA,NA,NA,NA,NA,29
"8736",8,14,0,"Black",1,1,2,2,1,1,1,2,1,2,2,29
"8737",8,13,0,"White",2,2,3,3,2,2,3,1,2,3,2,29
"8738",8,13,1,"Black",2,2,2,3,2,3,3,3,2,2,3,29
"8739",8,13,0,"Black",2,NA,3,2,2,2,3,2,3,3,2,29
"8740",8,13,1,"Black",2,1,3,2,1,1,1,2,2,1,2,29
"8741",7,12,1,"White",3,2,3,2,2,1,3,1,2,3,3,29
"8742",7,NA,0,"White",2,2,2,2,2,2,2,2,2,2,2,29
"8743",NA,NA,NA,NA,NA,NA,NA,NA,NA,NA,NA,NA,NA,NA,NA,29
"8744",7,13,1,"Asian",1,2,2,3,1,1,2,3,3,3,2,29
"8745",7,13,1,"White",3,2,3,2,1,3,2,2,3,3,1,29
"8746",7,12,1,"White",2,2,2,2,2,2,3,2,3,2,1,29
"8747",7,12,1,"White",3,2,2,2,1,2,3,1,3,1,3,29
"8748",7,12,1,"White",2,1,3,2,2,2,3,2,2,3,2,29
"8749",7,12,0,"White",3,3,3,3,2,3,3,2,3,2,1,29
"8750",7,12,1,"Black",3,2,2,3,1,2,3,2,1,1,3,29
"8751",7,13,0,NA,NA,NA,NA,NA,NA,NA,NA,NA,NA,NA,NA,29
"8752",7,13,0,NA,NA,NA,NA,NA,NA,NA,NA,NA,NA,NA,NA,29
"8753",7,12,0,"White",NA,NA,2,NA,NA,NA,NA,NA,NA,NA,NA,29
"8754",7,12,1,"White",3,3,3,3,1,2,3,2,3,3,3,29
"8755",7,13,1,"Black",3,1,2,1,1,2,2,1,2,2,2,29
"8756",7,NA,NA,NA,NA,NA,NA,NA,NA,NA,NA,NA,NA,NA,NA,29
"8757",7,13,1,"Other",2,1,2,1,1,1,1,1,2,1,1,29
"8758",7,12,1,"Black",NA,NA,NA,NA,NA,NA,NA,NA,NA,NA,NA,29
"8759",7,13,0,"Other",NA,NA,NA,NA,NA,NA,NA,NA,NA,NA,NA,29
"8760",7,12,1,"Black",NA,NA,NA,NA,NA,NA,NA,NA,NA,NA,NA,29
"8761",7,13,0,"White",2,2,3,3,2,3,3,3,2,2,3,29
"8762",7,13,1,"Black",NA,NA,NA,NA,NA,NA,NA,NA,NA,NA,NA,29
"8763",NA,NA,NA,NA,NA,NA,NA,NA,NA,NA,NA,NA,NA,NA,NA,29
"8764",7,12,1,"Black",3,2,3,2,2,3,3,2,3,3,2,29
"8765",7,12,0,NA,NA,NA,NA,NA,NA,NA,NA,NA,NA,NA,NA,29
"8766",7,12,1,"White",2,2,2,2,2,2,3,1,3,3,1,29
"8767",8,14,1,"White",3,3,3,3,2,2,2,2,3,2,2,29
"8768",8,14,0,"Hispanic",1,1,2,1,1,1,1,1,2,1,1,29
"8769",8,14,0,"White",NA,NA,NA,NA,NA,NA,NA,NA,NA,NA,NA,29
"8770",8,14,1,"Other",2,1,1,2,1,1,2,2,3,2,1,29
"8771",8,14,1,"Black",3,2,3,1,2,2,1,2,3,3,2,29
"8772",8,13,0,"White",2,2,3,2,1,2,1,1,2,1,2,29
"8773",8,14,0,"Black",1,2,2,1,2,3,1,2,3,2,NA,29
"8774",6,12,0,"Other",NA,2,NA,NA,NA,NA,NA,NA,NA,NA,NA,30
"8775",6,11,1,"White",3,2,3,2,3,3,3,3,2,3,3,30
"8776",6,10,1,"White",3,1,3,3,2,2,3,3,2,3,1,30
"8777",6,11,1,"White",3,2,3,3,2,2,2,2,2,3,3,30
"8778",6,12,1,"White",2,2,3,3,3,2,3,2,3,3,3,30
"8779",6,11,0,"White",3,1,3,1,2,3,3,2,3,3,2,30
"8780",6,11,1,"White",2,1,3,3,2,2,3,2,2,3,3,30
"8781",6,12,0,"White",2,2,3,3,2,2,3,2,2,3,2,30
"8782",6,12,0,"White",3,1,3,2,2,2,3,1,3,2,3,30
"8783",6,12,0,"White",1,2,3,2,2,2,3,2,3,2,1,30
"8784",6,11,0,"White",2,1,3,3,2,3,3,3,3,2,3,30
"8785",6,12,0,"White",2,2,2,2,2,2,3,2,1,3,3,30
"8786",6,11,0,"White",1,3,3,3,2,2,3,2,1,3,3,30
"8787",6,11,0,"White",3,3,3,3,3,2,3,2,3,2,3,30
"8788",6,11,1,"White",3,1,3,1,2,3,3,3,3,3,1,30
"8789",6,12,1,"White",1,2,2,3,2,1,3,2,2,2,2,30
"8790",6,11,0,"White",2,2,2,1,2,2,2,1,3,2,2,30
"8791",6,11,0,"White",2,1,3,2,3,2,2,1,1,1,2,30
"8792",NA,NA,NA,NA,NA,NA,NA,NA,NA,NA,NA,NA,NA,NA,NA,30
"8793",9,14,1,"Hispanic",2,1,2,1,1,2,3,2,1,2,2,31
"8794",9,14,1,"Hispanic",2,2,2,2,2,2,3,2,1,2,3,31
"8795",9,15,1,"Hispanic",2,2,2,2,1,2,2,2,3,2,1,31
"8796",9,14,1,"Hispanic",2,3,3,2,2,1,3,2,3,3,1,31
"8797",10,16,1,"Hispanic",1,2,3,2,2,3,3,1,1,3,3,31
"8798",9,14,1,"Hispanic",1,1,2,2,3,1,3,3,3,2,3,31
"8799",9,15,1,"Hispanic",3,3,3,3,3,2,3,3,3,3,3,31
"8800",9,15,1,"Hispanic",2,1,3,1,3,1,3,3,1,3,2,31
"8801",9,14,1,"Hispanic",2,2,3,3,3,3,3,3,3,3,2,31
"8802",9,14,1,"Hispanic",2,3,2,3,1,1,3,3,1,1,1,31
"8803",9,15,1,"Hispanic",2,2,3,3,2,2,3,1,2,3,2,31
"8804",9,15,1,"White",3,2,3,3,3,3,3,3,3,2,3,31
"8805",9,14,1,"Hispanic",2,3,2,2,3,3,3,2,3,2,2,31
"8806",9,15,1,"Hispanic",3,3,3,3,3,2,3,3,3,2,3,31
"8807",9,14,1,"Hispanic",1,1,3,3,2,2,3,1,2,3,1,31
"8808",9,14,1,"Hispanic",2,2,3,3,3,2,3,3,3,3,2,31
"8809",9,15,1,"Hispanic",2,2,3,2,1,3,1,1,1,1,1,31
"8810",9,14,1,"Hispanic",1,2,2,1,2,2,3,2,2,2,2,31
"8811",9,14,1,"Hispanic",2,3,3,3,3,3,3,3,3,2,1,31
"8812",9,14,1,"Hispanic",3,1,3,1,3,2,3,2,1,2,2,31
"8813",9,14,1,"Hispanic",2,2,3,3,3,2,3,3,2,2,2,31
"8814",9,14,1,"Hispanic",2,1,3,3,2,1,3,3,1,3,2,31
"8815",9,15,1,"Hispanic",2,2,3,3,2,3,3,2,3,3,2,31
"8816",9,15,1,"Hispanic",3,1,2,3,2,3,3,3,2,3,2,31
"8817",9,15,1,"Hispanic",2,3,2,1,1,3,2,2,2,2,1,31
"8818",9,15,1,"Hispanic",3,2,3,3,3,3,3,3,3,2,2,31
"8819",12,18,1,"Black",2,1,2,NA,1,2,2,1,3,3,2,31
"8820",9,14,1,"Hispanic",3,NA,2,2,2,1,3,1,3,2,2,31
"8821",9,14,1,"Hispanic",3,2,3,2,3,3,3,3,2,2,3,31
"8822",12,17,1,"Hispanic",3,2,2,2,2,3,3,3,3,2,3,31
"8823",9,15,1,"Hispanic",2,2,1,2,1,1,3,1,3,2,2,31
"8824",12,17,1,"Hispanic",3,2,3,2,2,2,2,2,2,2,2,31
"8825",12,18,1,"Hispanic",3,1,3,3,3,3,3,1,2,3,3,31
"8826",10,16,1,"Hispanic",2,1,3,3,3,2,3,3,3,3,3,31
"8827",10,16,1,"Hispanic",3,2,2,2,3,2,3,1,3,1,3,31
"8828",10,16,1,"Hispanic",1,2,3,2,3,1,3,3,3,3,2,31
"8829",9,14,1,"Hispanic",2,3,3,3,2,2,3,3,3,3,3,31
"8830",12,17,1,"Hispanic",2,2,3,3,3,2,3,3,2,3,2,31
"8831",12,17,1,"Black",3,3,3,3,2,3,3,2,3,3,2,31
"8832",12,18,1,"Hispanic",2,2,2,2,3,1,3,1,3,2,1,31
"8833",12,18,1,"Hispanic",2,1,2,1,1,1,2,1,1,1,1,31
"8834",10,15,1,"Hispanic",2,1,2,1,2,2,2,2,3,2,1,31
"8835",12,16,1,"Asian",3,2,3,3,2,3,3,2,3,3,2,31
"8836",12,18,1,"Hispanic",3,1,3,3,3,3,3,3,2,3,2,31
"8837",12,20,1,"Hispanic",1,2,3,2,2,3,3,2,3,3,2,31
"8838",12,18,1,"Hispanic",3,2,3,3,2,3,2,3,3,1,2,31
"8839",12,17,1,"Hispanic",2,2,1,2,2,2,3,2,1,3,3,31
"8840",12,18,1,"Hispanic",3,2,3,3,3,2,3,2,3,2,2,31
"8841",12,17,1,"Hispanic",3,2,3,2,3,3,3,2,3,3,1,31
"8842",9,15,1,"Hispanic",3,1,2,1,2,1,2,1,3,2,1,31
"8843",12,18,1,"Asian",3,2,3,1,3,3,3,2,2,2,3,31
"8844",9,15,1,"Hispanic",3,2,2,3,3,2,3,2,3,3,3,31
"8845",9,15,1,"Hispanic",2,1,2,3,2,2,3,2,1,1,1,31
"8846",9,14,1,"Hispanic",3,2,3,3,3,2,3,3,2,2,2,31
"8847",9,15,1,"Hispanic",2,3,2,3,2,3,3,3,2,3,2,31
"8848",9,14,1,"Hispanic",3,2,3,3,3,3,3,3,2,3,2,31
"8849",10,16,1,"Hispanic",2,3,1,2,1,1,3,3,2,1,2,31
"8850",9,15,1,"Hispanic",2,3,2,2,1,1,3,2,2,3,2,31
"8851",9,15,1,"Hispanic",3,2,2,3,3,2,3,2,3,3,2,31
"8852",10,15,1,"Hispanic",1,1,2,2,1,1,3,1,2,2,1,31
"8853",10,15,1,"Hispanic",2,3,3,3,2,2,3,2,2,2,2,31
"8854",9,14,1,"Hispanic",2,2,2,2,3,3,2,2,1,2,3,31
"8855",9,14,1,"Hispanic",1,2,2,1,2,1,3,2,2,2,1,31
"8856",9,14,1,"Hispanic",3,1,2,3,1,2,3,3,1,2,3,31
"8857",9,14,1,"Black",3,2,2,2,2,2,3,2,2,1,2,31
"8858",9,15,1,"Hispanic",1,2,3,2,2,1,2,1,2,1,2,31
"8859",10,16,1,"Hispanic",2,3,1,3,2,1,3,2,2,2,2,31
"8860",9,15,1,"Hispanic",3,2,2,3,3,2,3,3,2,2,3,31
"8861",10,15,1,"Hispanic",2,2,3,3,2,1,3,3,1,2,3,31
"8862",9,15,1,"Hispanic",3,2,2,2,2,2,2,3,3,2,1,31
"8863",11,16,1,"Hispanic",2,2,2,3,3,2,3,1,1,2,1,31
"8864",10,15,1,"Hispanic",3,2,2,3,2,2,3,3,3,3,2,31
"8865",11,17,1,"Hispanic",2,3,2,3,3,3,3,3,2,2,2,31
"8866",10,16,1,"Other",3,2,3,3,2,2,3,3,2,3,3,31
"8867",10,15,1,"Hispanic",1,1,2,1,1,1,2,1,2,1,1,31
"8868",11,16,1,"Hispanic",2,1,2,2,3,1,3,3,2,2,1,31
"8869",11,17,1,"Hispanic",1,2,2,3,2,1,3,3,2,2,1,31
"8870",11,17,1,"Hispanic",1,1,2,2,2,1,3,3,2,2,1,31
"8871",9,14,1,"Hispanic",1,2,2,3,2,3,3,3,2,2,2,31
"8872",11,17,1,"Hispanic",2,2,3,2,2,2,3,3,1,2,2,31
"8873",9,15,1,"Other",3,2,3,3,2,2,3,2,2,2,3,31
"8874",9,14,1,"Hispanic",2,1,3,2,2,1,3,3,3,1,2,31
"8875",9,14,1,"Hispanic",3,2,3,3,2,2,2,2,2,2,2,31
"8876",11,17,1,"Hispanic",2,1,3,3,3,2,3,2,2,3,3,31
"8877",9,15,1,"Hispanic",2,2,3,2,3,2,3,2,3,3,2,31
"8878",11,16,1,"Hispanic",1,1,2,2,1,2,3,1,2,2,2,31
"8879",11,16,1,"Hispanic",2,2,3,2,3,3,3,2,1,3,3,31
"8880",11,16,1,"Asian",3,3,3,3,3,3,3,2,3,2,3,31
"8881",10,16,1,"Hispanic",1,2,2,1,2,2,3,2,1,2,3,31
"8882",10,15,1,"Hispanic",1,2,2,1,3,2,3,3,2,3,2,31
"8883",11,16,1,"Hispanic",2,2,3,3,1,1,3,2,3,1,1,31
"8884",11,18,1,"Hispanic",3,1,3,3,3,3,3,3,3,3,3,31
"8885",10,16,1,"Hispanic",1,2,3,2,2,1,3,2,2,2,2,31
"8886",11,17,1,"Hispanic",2,2,3,3,1,2,3,2,3,2,2,31
"8887",10,16,1,"Hispanic",3,2,1,NA,1,2,3,2,2,1,2,31
"8888",10,15,1,"Hispanic",2,3,3,3,2,2,3,3,2,3,3,31
"8889",NA,NA,NA,NA,NA,NA,NA,NA,NA,NA,NA,NA,NA,NA,NA,31
"8890",9,14,1,"Hispanic",NA,NA,NA,NA,NA,NA,NA,NA,NA,NA,NA,31
"8891",NA,NA,NA,NA,NA,NA,NA,NA,NA,NA,NA,NA,NA,NA,NA,31
"8892",11,17,1,"Hispanic",2,2,3,1,2,2,3,2,2,2,3,31
"8893",10,16,1,"Hispanic",NA,NA,NA,NA,NA,NA,NA,NA,NA,NA,NA,31
"8894",10,16,1,"Hispanic",1,2,3,3,3,2,3,2,1,2,2,31
"8895",10,16,1,"Hispanic",3,3,2,1,1,1,1,2,3,3,3,31
"8896",10,15,1,"Hispanic",2,1,2,2,2,1,1,2,3,2,3,31
"8897",10,15,1,"Hispanic",1,1,2,3,2,1,2,2,2,1,1,31
"8898",10,15,1,"Hispanic",2,2,2,3,1,2,3,3,3,2,1,31
"8899",10,15,1,"Hispanic",2,2,2,3,2,2,3,2,2,3,3,31
"8900",10,15,1,"Hispanic",3,3,3,3,2,3,3,3,1,2,2,31
"8901",10,16,1,"Hispanic",3,3,3,3,2,3,3,3,3,3,2,31
"8902",10,16,1,"Hispanic",3,2,3,2,2,2,3,3,2,2,2,31
"8903",11,17,1,"Hispanic",2,2,3,3,2,2,3,3,2,2,2,31
"8904",10,16,1,"Other",3,2,2,3,2,1,3,3,2,2,3,31
"8905",12,18,1,"Hispanic",3,2,3,3,2,3,3,3,3,3,NA,31
"8906",10,16,1,"Hispanic",2,2,2,3,3,3,3,2,3,3,2,31
"8907",10,15,1,"Hispanic",1,1,1,1,2,1,2,2,1,2,2,31
"8908",10,15,1,"Hispanic",3,2,3,3,2,1,3,3,3,3,3,31
"8909",10,16,1,"Hispanic",3,1,3,2,2,1,3,3,3,3,2,31
"8910",10,15,1,"Black",3,2,3,3,2,1,2,3,3,3,2,31
"8911",10,16,1,"Hispanic",1,2,2,3,2,1,3,3,2,2,2,31
"8912",11,17,1,"Hispanic",2,2,3,3,2,1,3,3,3,1,3,31
"8913",10,15,1,"Hispanic",1,1,1,1,1,2,1,1,1,2,1,31
"8914",11,16,1,"Hispanic",3,2,2,3,2,2,3,2,2,2,1,31
"8915",11,16,1,"Hispanic",2,1,2,3,3,2,3,3,3,2,3,31
"8916",12,17,1,"Black",2,2,2,2,1,2,2,1,1,2,3,31
"8917",9,15,1,"Black",3,3,3,3,3,2,3,3,3,2,3,31
"8918",12,16,1,"Hispanic",3,1,3,3,3,1,3,3,1,2,1,31
"8919",NA,NA,NA,NA,NA,NA,NA,NA,NA,NA,NA,NA,NA,NA,NA,31
"8920",NA,NA,NA,NA,NA,NA,NA,NA,NA,NA,NA,NA,NA,NA,NA,31
"8921",12,18,1,"Black",2,1,3,2,3,3,3,2,2,3,3,31
"8922",12,17,1,"Hispanic",3,2,2,2,2,1,3,2,1,2,1,31
"8923",9,16,0,"Black",1,1,1,NA,1,1,1,1,1,1,1,32
"8924",8,16,0,"Black",1,1,2,1,1,1,1,1,1,1,1,32
"8925",8,15,0,"Black",2,2,2,3,1,2,2,2,NA,2,2,32
"8926",8,15,0,"Black",2,2,3,2,1,1,3,2,2,2,2,32
"8927",8,14,1,"Black",1,1,2,1,1,1,2,2,1,1,1,32
"8928",8,17,0,"Black",1,1,2,1,2,2,2,1,1,3,1,32
"8929",7,13,0,"Black",1,1,2,1,1,1,1,1,1,1,1,32
"8930",8,16,0,"Black",1,1,1,1,1,1,1,1,1,1,1,32
"8931",8,16,0,"Black",2,2,2,2,1,2,2,1,1,2,3,32
"8932",7,14,0,"Black",2,1,3,1,1,1,1,1,1,2,1,32
"8933",8,15,1,"Black",1,1,1,1,1,1,2,1,3,1,3,32
"8934",8,15,0,"Black",1,2,2,2,2,2,2,2,2,3,3,32
"8935",8,16,NA,NA,NA,NA,NA,NA,NA,NA,NA,NA,NA,NA,NA,32
"8936",8,17,0,"Black",NA,NA,NA,NA,NA,NA,NA,NA,NA,NA,NA,32
"8937",8,16,0,"Black",3,2,3,2,2,2,1,1,1,2,3,32
"8938",7,15,0,"Black",2,3,3,1,1,2,3,1,1,3,2,32
"8939",8,13,1,"White",1,2,2,2,1,2,1,3,2,2,2,33
"8940",8,14,1,"White",3,2,2,1,2,2,2,2,2,2,2,33
"8941",8,13,0,"White",1,1,1,2,2,1,2,2,1,1,1,33
"8942",8,14,1,"White",2,1,2,3,3,1,NA,3,2,3,2,33
"8943",8,14,0,"White",3,1,2,3,1,2,3,3,1,3,2,33
"8944",8,13,1,"White",2,1,2,3,1,2,3,2,1,3,2,33
"8945",NA,14,0,"White",2,1,3,2,1,1,3,1,1,3,3,33
"8946",8,14,0,"White",1,1,1,1,1,1,1,1,1,1,1,33
"8947",8,13,0,"White",2,3,1,1,3,1,3,2,3,3,2,33
"8948",8,13,0,"White",2,3,1,3,2,2,3,3,3,3,3,33
"8949",8,14,0,"White",2,1,1,1,1,2,1,1,2,2,1,33
"8950",8,14,0,"White",3,2,1,1,1,2,2,1,3,2,2,33
"8951",8,13,0,"White",3,2,3,2,2,3,3,3,2,2,2,33
"8952",8,13,1,"White",1,1,1,1,1,1,1,1,1,1,1,33
"8953",8,13,1,"White",1,3,1,3,3,2,3,2,1,1,1,33
"8954",8,13,1,"White",2,2,3,3,2,2,3,3,3,3,3,33
"8955",8,14,1,"White",3,2,3,3,2,2,3,3,1,3,3,33
"8956",8,13,1,"White",3,2,3,NA,1,2,3,3,3,3,3,33
"8957",8,13,0,"White",2,3,3,2,2,3,2,2,2,3,3,33
"8958",8,13,1,"White",2,3,3,2,1,1,2,2,2,2,1,33
"8959",7,12,1,"White",2,2,3,3,2,1,3,3,2,3,3,33
"8960",7,12,1,"White",2,2,3,3,2,2,3,2,3,2,3,33
"8961",7,13,1,"White",2,2,2,2,2,2,2,1,2,2,1,33
"8962",7,13,0,"White",3,3,3,3,3,3,3,2,2,2,2,33
"8963",7,12,1,"White",3,3,3,3,1,2,3,1,1,2,3,33
"8964",7,12,1,"White",2,2,3,3,2,2,3,3,2,3,3,33
"8965",7,12,1,"White",3,2,3,3,2,3,3,3,2,3,3,33
"8966",7,13,0,"White",1,1,2,2,1,1,1,1,1,2,1,33
"8967",7,12,0,"White",3,2,3,3,3,3,3,3,3,3,3,33
"8968",7,12,1,"White",3,2,3,3,3,3,3,3,2,3,2,33
"8969",7,12,1,"White",3,2,3,3,2,2,3,2,3,2,3,33
"8970",7,13,0,"White",1,1,2,2,1,1,1,1,1,1,2,33
"8971",7,12,1,"White",3,2,3,2,2,3,3,2,3,2,2,33
"8972",7,13,1,"White",2,1,3,2,2,2,3,2,3,3,1,33
"8973",7,12,1,"White",3,2,2,3,1,3,3,3,1,2,2,33
"8974",7,13,1,"White",2,1,3,2,3,2,3,2,3,3,1,33
"8975",7,13,0,"White",2,1,1,1,1,1,2,1,1,1,1,33
"8976",7,13,0,"White",3,2,3,2,1,3,3,2,3,2,2,33
"8977",7,12,0,"White",1,1,1,2,1,2,2,1,2,2,2,33
"8978",8,14,0,"White",3,2,2,3,1,2,3,3,2,3,1,33
"8979",8,14,0,"White",2,2,1,2,2,1,1,2,2,2,1,33
"8980",8,13,0,"White",3,2,3,2,1,2,2,1,1,2,1,33
"8981",7,14,0,"White",2,3,2,1,3,2,1,2,2,3,3,33
"8982",8,14,1,"White",3,2,2,2,1,2,3,3,2,2,1,33
"8983",8,13,1,"White",3,3,1,3,3,3,3,3,2,2,2,33
"8984",7,12,1,"White",3,2,3,3,2,3,3,3,1,3,3,33
"8985",8,NA,1,"White",3,3,2,2,2,3,3,3,3,3,1,33
"8986",8,14,0,"White",2,1,2,3,1,2,3,2,3,2,2,33
"8987",8,15,1,"White",2,1,3,3,2,3,3,3,3,3,2,33
"8988",8,13,1,"White",3,1,3,3,3,3,3,3,3,3,3,33
"8989",8,15,0,"White",3,2,3,3,3,3,3,2,2,3,2,33
"8990",8,14,0,"White",1,3,2,2,2,2,3,1,1,2,2,33
"8991",8,13,1,"Hispanic",3,3,2,3,2,2,3,3,2,2,2,33
"8992",8,14,0,"Other",2,1,3,1,1,2,3,2,1,3,2,33
"8993",7,13,0,"White",3,3,3,3,3,3,3,1,3,3,3,33
"8994",7,12,1,"White",1,2,1,3,2,3,3,2,2,2,2,33
"8995",8,13,0,"White",1,1,3,2,1,1,1,1,3,3,1,33
"8996",7,12,1,"White",1,2,2,2,1,1,2,2,2,1,2,33
"8997",7,12,0,"White",2,2,2,2,2,2,2,2,2,2,2,33
"8998",7,12,1,"White",2,3,3,3,2,3,3,3,3,1,2,33
"8999",8,14,NA,NA,NA,2,2,2,2,2,2,2,2,2,2,33
"9000",8,13,1,"White",3,3,3,3,2,3,3,3,2,3,1,33
"9001",7,13,0,"White",2,2,2,1,2,2,2,2,1,3,2,33
"9002",7,13,1,"White",2,2,3,2,1,3,2,1,2,2,3,33
"9003",8,13,1,"White",3,2,3,3,3,2,2,3,2,3,3,33
"9004",7,13,0,"White",2,1,3,2,2,3,2,1,2,2,2,33
"9005",7,12,0,"White",1,2,2,3,1,1,1,1,1,1,1,33
"9006",7,13,1,"White",3,2,2,3,2,3,2,2,3,3,2,33
"9007",8,13,0,"White",2,2,3,2,1,2,2,1,2,2,2,33
"9008",7,13,0,"White",2,2,3,NA,1,3,3,2,1,3,1,33
"9009",8,13,0,"White",2,2,3,3,2,2,3,3,2,2,2,33
"9010",7,13,0,"White",2,1,3,2,1,2,3,1,1,2,2,33
"9011",7,13,0,"White",3,2,3,3,2,3,3,2,3,3,3,33
"9012",7,14,0,"Other",1,2,1,1,2,3,3,1,2,2,2,33
"9013",8,13,1,"White",1,2,2,2,3,3,3,3,2,2,2,33
"9014",8,14,1,"White",2,3,3,3,1,2,3,2,3,3,2,33
"9015",7,12,1,"White",3,2,3,3,3,3,3,3,3,3,3,33
"9016",7,13,0,"White",2,1,3,3,2,2,3,2,3,2,2,33
"9017",8,14,0,"White",2,2,2,3,1,2,3,2,1,2,2,33
"9018",7,13,1,"White",1,2,3,3,3,3,3,2,3,1,2,33
"9019",8,14,NA,"White",2,2,NA,3,1,2,2,1,3,2,3,33
"9020",6,12,0,"Other",1,1,2,1,1,2,1,1,1,1,1,33
"9021",6,12,0,"White",3,2,3,3,3,3,3,2,3,3,1,33
"9022",6,12,1,"White",3,2,3,2,1,2,3,2,2,2,2,33
"9023",6,12,0,"White",3,2,3,2,2,2,3,2,2,2,2,33
"9024",6,13,0,"White",3,3,3,3,2,3,3,2,3,2,3,33
"9025",6,11,0,"White",2,3,2,3,1,2,3,3,2,1,2,33
"9026",6,12,0,"White",3,3,3,3,3,3,3,3,3,3,3,33
"9027",6,12,0,"White",3,3,2,1,1,2,3,1,2,1,2,33
"9028",6,12,1,"White",3,3,2,3,2,3,3,3,3,2,3,33
"9029",6,11,1,"White",2,2,3,3,2,3,3,3,3,3,3,33
"9030",6,11,1,"White",3,2,3,3,1,2,3,3,2,3,2,33
"9031",6,11,1,"White",2,3,3,3,2,3,3,2,3,3,2,33
"9032",6,11,0,"White",3,2,3,3,2,3,3,2,2,3,2,33
"9033",6,12,1,"White",3,2,2,3,2,2,3,3,2,3,2,33
"9034",6,13,0,"White",2,3,3,3,2,3,3,2,1,3,2,33
"9035",6,11,1,"White",1,2,2,3,2,3,3,2,1,3,3,33
"9036",6,11,0,"White",3,3,3,3,2,3,3,3,3,3,3,33
"9037",6,12,1,"White",2,2,3,3,3,3,3,3,3,2,3,33
"9038",6,13,1,"White",3,2,2,3,3,3,3,3,3,3,3,33
"9039",6,11,0,"White",1,3,3,1,1,2,2,2,3,3,2,33
"9040",6,12,1,"White",2,2,2,3,2,2,2,2,3,2,2,33
"9041",6,13,0,"White",3,2,2,3,2,3,2,1,2,3,1,33
"9042",6,12,1,"White",3,2,2,3,2,3,3,3,3,1,3,33
"9043",6,12,0,"White",3,2,3,2,2,2,3,1,3,2,2,33
"9044",6,13,0,"Other",3,2,2,3,2,3,3,2,2,2,2,33
"9045",6,13,0,"White",2,2,3,2,2,3,3,3,2,2,3,33
"9046",6,12,0,"Black",2,1,3,3,3,2,2,3,1,3,3,33
"9047",6,12,0,"White",2,2,3,2,1,3,3,2,1,3,2,33
"9048",NA,NA,NA,NA,NA,NA,NA,NA,NA,NA,NA,NA,NA,NA,NA,33
"9049",NA,NA,NA,NA,NA,NA,NA,NA,NA,NA,NA,NA,NA,NA,NA,33
"9050",8,13,1,"Hispanic",3,3,3,3,2,2,3,3,2,2,2,33
"9051",8,14,1,"White",NA,NA,NA,NA,NA,NA,NA,NA,NA,NA,NA,33
"9052",6,12,0,"White",3,2,3,2,2,2,3,1,2,2,1,33
"9053",6,11,1,"White",1,2,3,3,1,2,2,3,3,3,2,33
"9054",6,12,0,"White",NA,NA,NA,NA,NA,NA,NA,NA,NA,NA,NA,33
"9055",6,12,1,"White",NA,NA,NA,NA,NA,NA,NA,NA,NA,NA,NA,33
"9056",6,13,1,"White",3,2,3,3,2,3,3,3,3,3,2,33
"9057",6,11,0,"White",NA,NA,NA,NA,NA,NA,NA,NA,NA,NA,NA,33
"9058",6,12,1,"White",NA,NA,NA,NA,NA,NA,NA,NA,NA,NA,NA,33
"9059",6,11,1,"White",1,2,1,3,1,3,3,2,1,2,2,33
"9060",6,11,1,"White",3,1,3,NA,2,3,3,2,3,3,2,33
"9061",10,13,1,"Other",2,2,3,3,2,1,3,2,3,2,1,33
"9062",10,13,1,"Other",3,2,3,2,2,3,2,1,1,3,2,33
"9063",8,13,1,"Black",3,3,3,3,3,2,3,3,2,3,3,33
"9064",10,15,1,"Other",2,2,3,2,2,2,3,2,2,2,2,33
"9065",10,15,0,"Other",3,1,2,1,2,2,3,1,3,2,3,33
"9066",10,14,0,NA,2,2,3,2,2,2,1,1,3,3,2,33
"9067",8,12,1,"Black",2,2,3,3,3,3,3,3,2,2,2,33
"9068",10,16,0,"Other",2,2,2,3,2,2,2,2,2,2,2,33
"9069",10,14,0,"Other",3,3,3,3,2,3,2,1,1,1,2,33
"9070",10,14,0,"Other",3,2,3,2,2,2,3,3,3,2,2,33
"9071",10,15,1,"Other",3,2,3,2,3,2,3,2,3,3,1,33
"9072",10,15,1,"Other",1,2,3,3,2,3,2,3,3,3,2,33
"9073",10,15,0,"Other",2,2,3,2,2,1,3,2,2,3,2,33
"9074",10,16,0,"Other",3,2,3,1,2,2,3,2,3,3,2,33
"9075",10,14,1,"Other",2,2,2,2,3,2,3,3,2,2,2,33
"9076",10,14,0,"Other",3,2,3,2,2,1,2,2,3,3,3,33
"9077",10,13,1,"Other",3,3,3,3,3,2,3,3,3,2,2,33
"9078",10,14,1,"Other",2,2,3,2,3,2,3,2,3,2,3,33
"9079",10,13,0,"Black",3,2,2,3,2,3,2,1,3,3,3,33
"9080",10,14,0,"Black",3,1,3,3,2,3,2,2,3,3,2,33
"9081",10,14,1,"Black",2,2,2,2,3,3,3,2,3,3,2,33
"9082",8,12,0,"Black",2,2,3,2,2,3,3,2,2,2,1,33
"9083",8,13,0,"Black",1,2,3,2,1,1,3,2,2,2,2,33
"9084",9,13,0,"Other",2,2,3,2,2,2,3,1,3,2,2,33
"9085",8,13,0,"Other",3,2,3,1,2,2,3,1,1,2,2,33
"9086",9,15,0,"Other",3,3,3,3,2,3,3,1,2,2,3,33
"9087",6,NA,0,"Other",3,3,3,3,3,3,2,3,3,3,2,33
"9088",8,13,0,"Other",3,2,3,2,1,3,3,3,2,3,2,33
"9089",9,13,0,"Other",2,2,3,3,1,2,2,1,2,3,1,33
"9090",9,13,0,"Black",3,2,3,3,3,3,2,2,3,2,3,33
"9091",8,13,0,"Other",3,2,3,2,3,3,3,2,3,3,3,33
"9092",9,14,0,"Black",2,2,2,1,1,2,1,1,1,1,1,33
"9093",8,11,0,"Black",3,3,3,3,3,3,3,3,3,3,2,33
"9094",9,13,0,"Other",3,3,3,2,2,2,3,1,3,2,1,33
"9095",8,13,0,"Black",3,2,3,3,3,3,3,3,3,3,2,33
"9096",8,12,1,"Other",2,3,2,3,2,3,3,3,3,2,1,33
"9097",8,12,0,"Black",2,2,2,3,3,2,3,3,2,3,2,33
"9098",9,13,1,"Other",2,2,3,2,3,2,3,2,3,1,3,33
"9099",9,13,0,"Other",3,2,3,3,1,2,3,3,2,2,1,33
"9100",8,11,0,"Other",2,2,3,2,2,2,2,1,3,2,1,33
"9101",9,14,0,"Other",2,3,3,3,2,2,2,2,3,2,2,33
"9102",9,12,1,"Other",2,2,3,2,2,2,3,2,3,2,2,33
"9103",9,13,0,"Other",1,2,3,2,2,1,3,2,2,3,2,33
"9104",8,12,1,"Black",2,2,3,2,2,2,3,3,3,2,2,33
"9105",9,12,1,"Other",2,2,2,3,3,2,1,3,3,1,2,33
"9106",9,13,1,"Other",2,3,3,2,3,2,2,2,3,3,3,33
"9107",7,11,1,"Other",3,2,3,3,2,3,3,2,3,3,2,33
"9108",7,14,1,"Other",3,2,3,3,3,3,2,2,3,3,3,33
"9109",9,13,1,"Black",2,2,3,2,2,2,3,3,2,3,1,33
"9110",8,12,1,"Other",3,3,3,3,3,3,3,3,3,3,2,33
"9111",8,12,1,"Other",2,2,3,3,2,3,2,3,2,3,2,33
"9112",8,12,1,"Black",2,2,2,2,2,3,3,2,2,2,2,33
"9113",NA,NA,NA,NA,NA,NA,NA,NA,NA,NA,NA,NA,NA,NA,NA,33
"9114",NA,NA,NA,NA,NA,NA,NA,NA,NA,NA,NA,NA,NA,NA,NA,33
"9115",NA,NA,NA,NA,NA,NA,NA,NA,NA,NA,NA,NA,NA,NA,NA,33
"9116",NA,NA,NA,NA,NA,NA,NA,NA,NA,NA,NA,NA,NA,NA,NA,33
"9117",10,NA,NA,NA,NA,NA,NA,NA,NA,NA,NA,NA,NA,NA,NA,33
"9118",10,15,1,NA,NA,NA,NA,NA,NA,NA,NA,NA,NA,NA,NA,33
"9119",10,13,1,"Black",NA,NA,NA,NA,NA,NA,NA,NA,NA,NA,NA,33
"9120",10,14,NA,NA,NA,NA,NA,NA,NA,NA,NA,NA,NA,NA,NA,33
"9121",10,15,NA,NA,NA,NA,NA,NA,NA,NA,NA,NA,NA,NA,NA,33
"9122",10,14,1,"Black",NA,NA,NA,NA,NA,NA,NA,NA,NA,NA,NA,33
"9123",10,14,NA,NA,NA,NA,NA,NA,NA,NA,NA,NA,NA,NA,NA,33
"9124",10,14,1,"Other",NA,NA,NA,NA,NA,NA,NA,NA,NA,NA,NA,33
"9125",10,14,NA,NA,NA,NA,NA,NA,NA,NA,NA,NA,NA,NA,NA,33
"9126",10,15,1,NA,NA,NA,NA,NA,NA,NA,NA,NA,NA,NA,NA,33
"9127",NA,NA,NA,NA,NA,NA,NA,NA,NA,NA,NA,NA,NA,NA,NA,33
"9128",NA,NA,NA,NA,NA,NA,NA,NA,NA,NA,NA,NA,NA,NA,NA,33
"9129",8,12,1,"Other",3,2,3,3,3,3,3,3,3,2,2,33
"9130",10,NA,NA,NA,NA,NA,NA,NA,NA,NA,NA,NA,NA,NA,NA,33
"9131",10,14,0,"Other",3,2,3,2,2,1,2,2,3,3,3,33
"9132",9,13,0,"Other",NA,NA,NA,NA,NA,NA,NA,NA,NA,NA,NA,33
"9133",9,13,1,"Other",NA,NA,NA,NA,NA,NA,NA,NA,NA,NA,NA,33
"9134",9,12,1,"Other",3,2,3,2,2,2,1,1,3,2,2,33
"9135",9,14,1,"White",2,2,2,2,2,2,2,2,2,2,2,33
"9136",12,17,1,"White",3,1,2,2,1,2,3,2,1,2,2,33
"9137",10,15,0,"White",2,1,1,1,2,2,2,1,2,2,2,33
